yomi	candidate	freq	left_connection_id	right_connection_id
あ	あ	365	190	66
あい	愛	238	190	101
あいかわらず	相変わらず	269	190	61
あいて	相手	476	190	101
あいてむ	アイテム	142	190	37
あうと	アウト	174	190	101
あえ	会え	158	190	150
あえて	敢えて	158	190	54
あえる	会える	142	190	161
あお	青	174	190	37
あおぞら	青空	142	190	37
あおもり	青森	126	190	45
あおやま	青山	158	190	37
あか	赤	174	190	37
あか	赤	174	190	76
あかい	赤い	126	190	152
あかじ	赤字	142	190	37
あかちゃん	赤ちゃん	158	190	44
あがり	上がり	126	190	75
あき	秋	396	190	37
あきはばら	秋葉原	158	190	37
あきらか	明らか	269	190	120
あくせす	アクセス	253	190	101
あけ	開け	158	190	95
あげ	上げ	174	190	95
あこがれ	憧れ	174	190	37
あこがれ	憧れ	174	190	94
あこがれ	あこがれ	126	190	37
あこがれ	あこがれ	126	190	94
あご	あご	142	190	37
あさ	朝	603	190	37
あさって	明後日	142	190	37
あさばん	朝晩	158	190	37
あざ	字	142	190	37
あざやか	鮮やか	142	190	120
あし	足	428	190	37
あし	脚	222	190	37
あした	明日	650	190	37
あじ	味	444	190	37
あじあ	アジア	380	190	45
あす	明日	650	190	37
あせ	汗	174	190	37
あせだく	汗だく	142	190	120
あぜん	唖然	158	190	124
あそこ	あそこ	158	190	38
あそび	遊び	285	190	37
あたし	あたし	428	190	42
あたま	頭	476	190	37
あたらしい	新しい	444	190	152
あっ	あっ	333	190	66
あっさり	あっさり	253	190	55
あった	あった	142	190	151
あっと	@	158	190	33
あっとうてき	圧倒的	142	190	120
あっぷ	アップ	349	190	101
あつい	暑い	174	190	152
あつさ	暑さ	158	190	37
あつりょく	圧力	142	190	37
あと	あと	507	190	63
あと	後	412	190	37
あどれす	アドレス	412	190	37
あな	穴	206	190	37
あなた	あなた	571	190	42
あなろぐ	アナログ	142	190	120
あに	兄	158	190	42
あにめ	アニメ	174	190	37
あね	姉	174	190	42
あの	あの	650	190	65
あのころ	あの頃	142	190	37
あばれ	暴れ	126	190	95
あぱーと	アパート	174	190	37
あびこ	我孫子	126	190	37
あぶない	危ない	126	190	152
あぷり	アプリ	142	190	37
あべの	阿倍野	126	190	37
あほ	アホ	174	190	120
あほ	あほ	142	190	37
あまくち	甘口	222	190	37
あまり	あまり	555	190	123
あまりに	あまりに	492	190	259
あみ	網	174	190	37
あみ	編み	158	190	39
あめ	雨	539	190	37
あめりか	アメリカ	349	190	45
あやしい	怪しい	174	190	152
あやまり	誤り	142	190	37
あらゆる	あらゆる	380	190	64
ありがとう	ありがとう	444	190	66
あります	あります	190	190	145
ある	ある	619	190	161
あるいは	あるいは	571	190	46
あるばむ	アルバム	301	190	37
あれ	あれ	523	190	38
あれるぎー	アレルギー	142	190	37
あわ	泡	142	190	37
あわせ	合わせ	158	190	141
あんけーと	アンケート	301	190	101
あんしん	安心	317	190	101
あんぜん	安全	142	190	120
あんな	あんな	222	190	125
あんまり	あんまり	365	190	123
いい	いい	507	190	152
いう	言う	174	190	161
いえ	家	444	190	37
いえ	いえ	158	190	66
いおん	イオン	174	190	37
いか	以下	460	190	37
いかが	いかが	460	190	120
いかに	いかに	158	190	61
いがい	意外	301	190	120
いがい	以外	269	190	37
いき	生き	142	190	95
いき	行き	142	190	37
いきおい	勢い	158	190	63
いきなり	いきなり	253	190	60
いく	行く	587	190	161
いくつ	いくつ	174	190	37
いくつか	いくつか	158	190	37
いくつか	いくつか	158	190	230
いくら	いくら	396	190	37
いけ	池	158	190	37
いけない	いけない	285	190	155
いけない	いけない	158	190	152
いけぶくろ	池袋	142	190	37
いけん	意見	269	190	101
いこう	以降	174	190	37
いこう	移行	158	190	101
いご	以後	158	190	37
いざかや	居酒屋	158	190	37
いしき	意識	158	190	101
いじ	維持	142	190	101
いじょう	以上	349	190	39
いじょう	異常	158	190	120
いす	椅子	142	190	37
いずれ	いずれ	174	190	37
いせき	移籍	158	190	101
いぜん	以前	523	190	37
いそがしい	忙しい	174	190	152
いそがしく	忙しく	158	190	173
いぞん	依存	158	190	101
いたい	痛い	158	190	152
いたみ	痛み	158	190	37
いち	一	365	190	11
いちおう	一応	285	190	58
いちど	一度	555	190	80
いちば	市場	428	190	37
いちばん	一番	587	190	63
いちぶ	一部	476	190	80
いっさい	一切	365	190	63
いっしゅん	一瞬	285	190	37
いっしょ	一緒	396	190	101
いっしょ	一緒	317	190	120
いったい	一体	253	190	80
いって	言って	238	190	180
いっぱい	いっぱい	444	190	120
いっぽう	一方	349	190	37
いつ	いつ	396	190	38
いつか	いつか	174	190	230
いつか	いつか	142	190	60
いつでも	いつでも	142	190	54
いつも	いつも	634	190	63
いつも	いつも	412	190	222
いてん	移転	158	190	101
いでん	遺伝	142	190	101
いと	糸	158	190	37
いどう	移動	174	190	101
いなか	田舎	174	190	37
いぬ	犬	174	190	37
いね	稲	174	190	37
いのち	命	174	190	37
いはん	違反	158	190	101
いばらき	茨城	142	190	45
いふく	衣服	158	190	37
いべんと	イベント	269	190	37
いほう	違法	174	190	120
いま	今	650	190	63
いまのところ	今のところ	158	190	37
いみ	意味	333	190	101
いめーじ	イメージ	174	190	101
いも	いも	158	190	37
いも	芋	158	190	37
いもうと	妹	174	190	42
いや	いや	571	190	66
いや	嫌	158	190	120
いやいや	いやいや	142	190	37
いやはや	いやはや	142	190	61
いよいよ	いよいよ	412	190	58
いよく	意欲	158	190	37
いらい	以来	158	190	37
いらい	依頼	158	190	101
いらすと	イラスト	174	190	37
いり	入り	158	190	39
いる	いる	174	190	161
いるか	イルカ	158	190	37
いれ	入れ	174	190	95
いろ	色	301	190	37
いろいろ	いろいろ	492	190	123
いろいろ	色々	380	190	123
いろんな	いろんな	539	190	64
いわゆる	いわゆる	174	190	64
いんしょう	印象	158	190	37
いんたーねっと	インターネット	365	190	45
うぃるす	ウィルス	317	190	37
うぃんぐ	ウィング	111	190	37
ううん	ううん	174	190	66
うぇでぃんぐ	ウェディング	111	190	37
うえ	上	761	190	37
うえ	植え	126	190	95
うえすと	ウエスト	142	190	37
うえの	上野	158	190	37
うえはら	上原	158	190	37
うおずみ	魚住	126	190	37
うがい	うがい	142	190	101
うぐいすだに	鶯谷	142	190	37
うけ	受け	777	190	95
うけつけ	受付	253	190	101
うける	受ける	142	190	161
うごき	動き	730	190	37
うし	牛	253	190	37
うしだ	牛田	95	190	37
うしなう	失う	111	190	161
うしろ	後ろ	507	190	37
うじ	宇治	111	190	37
うす	薄	111	190	78
うすめ	薄め	95	190	95
うすれ	薄れ	95	190	94
うず	渦	158	190	37
うせつ	右折	174	190	101
うそ	嘘	460	190	37
うそ	うそ	158	190	37
うそ	ウソ	158	190	37
うそっぱち	嘘っぱち	126	190	37
うた	歌	539	190	37
うた	唄	142	190	37
うたがい	疑い	158	190	37
うたがう	疑う	95	190	161
うたごえ	歌声	158	190	37
うち	内	206	190	37
うち	ウチ	142	190	42
うち	打ち	111	190	162
うちあげ	打ち上げ	126	190	95
うちき	内気	95	190	120
うちさいわいちょう	内幸町	95	190	37
うちまわり	内回り	95	190	37
うちゅう	宇宙	444	190	37
うちょうてん	有頂天	95	190	120
うっかり	うっかり	174	190	59
うっすら	うっすら	126	190	61
うったえ	訴え	142	190	95
うっとり	うっとり	126	190	55
うつくしい	美しい	428	190	152
うつし	写し	95	190	37
うつのみや	宇都宮	142	190	37
うつびょう	うつ病	111	190	37
うつり	映り	95	190	37
うつり	移り	95	190	37
うつわ	器	142	190	37
うで	腕	428	190	37
うでどけい	腕時計	158	190	37
うとうと	うとうと	158	190	55
うどん	うどん	174	190	37
うながす	促す	111	190	161
うま	馬	460	190	37
うま	うま	190	190	76
うまい	うまい	666	190	152
うまい	上手い	222	190	152
うまい	旨い	95	190	152
うまく	うまく	492	190	173
うまく	上手く	126	190	173
うまれ	生まれ	333	190	94
うみ	海	619	190	37
うみべ	海辺	158	190	37
うめ	梅	174	190	37
うめあわせ	埋め合わせ	95	190	150
うめだ	梅田	158	190	37
うら	裏	476	190	37
うらが	浦賀	95	190	37
うらがわ	裏側	142	190	37
うらぎり	裏切り	95	190	37
うらない	占い	158	190	101
うらやましい	うらやましい	126	190	152
うらやましい	羨ましい	111	190	152
うらわ	浦和	158	190	37
うり	売り	571	190	37
うるおい	潤い	126	190	37
うるさい	うるさい	158	190	152
うれしい	嬉しい	571	190	152
うれしい	うれしい	444	190	152
うれしく	嬉しく	396	190	173
うわき	浮気	142	190	120
うわぎ	上着	126	190	37
うわさ	噂	174	190	101
うん	うん	507	190	61
うん	うん	507	190	66
うん	運	396	190	37
うんえい	運営	412	190	101
うんせい	運勢	285	190	37
うんてん	運転	333	190	101
うんどう	運動	476	190	101
うんめい	運命	301	190	37
うんよう	運用	222	190	101
うーろんちゃ	烏龍茶	142	190	37
うーん	うーん	634	190	66
え	絵	634	190	37
えあこん	エアコン	174	190	37
えいえん	永遠	95	190	120
えいかいわ	英会話	95	190	37
えいが	映画	746	190	37
えいきゅう	永久	492	190	120
えいきょう	影響	682	190	101
えいぎょう	営業	507	190	101
えいこう	栄光	95	190	37
えいご	英語	698	190	37
えいじゅう	永住	95	190	101
えいせい	衛星	158	190	37
えいせい	衛生	95	190	37
えいぞう	映像	507	190	37
えいだん	営団	15	190	37
えいでん	エイデン	79	190	37
えいゆう	英雄	95	190	37
えいよ	栄誉	15	190	120
えいよう	栄養	111	190	37
えいわ	永和	15	190	37
ええ	ええ	571	190	66
ええと	ええと	142	190	66
えがお	笑顔	571	190	37
えき	駅	619	190	37
えき	液	142	190	37
えき	益	15	190	101
えきしょう	液晶	444	190	37
えきたい	液体	142	190	37
えきでん	駅伝	126	190	37
えきべん	駅弁	126	190	37
えきまえ	駅前	571	190	37
えこだ	江古田	111	190	37
えさ	餌	174	190	37
えさか	江坂	126	190	37
えしゃく	会釈	142	190	101
えすかれーたー	エスカレーター	111	190	37
えすしー	SC	111	190	37
えすて	エステ	428	190	37
えたい	得体	142	190	37
えだ	枝	174	190	37
えだまめ	枝豆	158	190	37
えちけっと	エチケット	174	190	37
えっ	えっ	555	190	66
えっち	エッチ	79	190	120
えっち	エッチ	15	190	101
えつ	悦	15	190	37
えつらん	閲覧	174	190	101
えど	江戸	126	190	37
えどがわばし	江戸川橋	0	190	37
えねるぎー	エネルギー	539	190	37
えのぐ	絵の具	174	190	37
えひめ	愛媛	126	190	45
えびえ	海老江	0	190	37
えびす	恵比寿	126	190	37
えびすちょう	恵美須町	0	190	37
えびな	海老名	79	190	37
えぴそーど	エピソード	174	190	37
えぶりわん	エブリワン	0	190	37
えほん	絵本	174	190	37
えま	絵馬	15	190	37
えみ	笑み	174	190	37
えもじ	絵文字	111	190	37
えもの	獲物	158	190	37
えらい	えらい	142	190	152
えらい	偉い	142	190	152
えらく	えらく	95	190	173
えらー	エラー	158	190	101
えり	襟	142	190	37
えり	衿	15	190	37
えりあ	エリア	174	190	37
えりありんく	エリアリンク	0	190	37
えりざべす	エリザベス	158	190	37
えん	円	603	190	80
えん	園	142	190	39
えん	縁	126	190	37
えん	\	95	190	33
えんか	演歌	95	190	37
えんかい	宴会	158	190	101
えんき	延期	174	190	101
えんきょり	遠距離	95	190	37
えんぎ	演技	142	190	101
えんぎ	縁起	95	190	37
えんけい	円形	47	190	37
えんご	援護	95	190	101
えんし	遠視	15	190	37
えんしょう	炎症	95	190	37
えんじ	演じ	95	190	95
えんじ	園児	31	190	41
えんじょ	援助	126	190	101
えんじょい	エンジョイ	31	190	101
えんじん	エンジン	95	190	37
えんそう	演奏	158	190	101
えんそく	遠足	95	190	37
えんたーていめんと	エンターテイメント	79	190	37
えんちょう	延長	158	190	101
えんとつ	煙突	15	190	37
えんにち	縁日	15	190	37
えんぴつ	鉛筆	95	190	37
えんまん	円満	95	190	120
えんりょ	遠慮	111	190	101
えー	えー	476	190	66
おいしい	美味しい	206	190	152
おいしい	おいしい	174	190	152
おうえん	応援	158	190	101
おうぼ	応募	253	190	101
おおい	多い	603	190	152
おおきい	大きい	444	190	152
おおきく	大きく	269	190	173
おおきな	大きな	666	190	64
おおく	多く	587	190	63
おおく	多く	587	190	173
おおさか	大阪	492	190	37
おかあさん	お母さん	158	190	44
おかげ	おかげ	158	190	37
おかし	お菓子	142	190	37
おかね	お金	444	190	37
おきなわ	沖縄	365	190	37
おきにいり	お気に入り	158	190	37
おきゃくさま	お客様	396	190	37
おきゃくさん	お客さん	142	190	37
おく	奥	174	190	37
おくさん	奥さん	158	190	44
おぐら	小倉	158	190	37
おけいこ	お稽古	142	190	101
おげんき	お元気	174	190	120
おさけ	お酒	380	190	37
おさら	お皿	158	190	37
おしえ	教え	174	190	95
おしごと	お仕事	174	190	37
おしょうがつ	お正月	158	190	37
おすすめ	おすすめ	285	190	100
おせわ	お世話	174	190	100
おせん	汚染	158	190	101
おそい	遅い	158	190	152
おそらく	恐らく	158	190	58
おたがい	お互い	253	190	63
おち	落ち	158	190	94
おちゃ	お茶	285	190	37
おっと	夫	174	190	37
おつかれ	お疲れ	174	190	37
おつかれさま	お疲れ様	174	190	37
おてすう	お手数	158	190	37
おてんき	お天気	158	190	37
おと	音	428	190	37
おとこ	男	507	190	37
おとな	大人	301	190	120
おなじ	同じ	682	190	125
おなじ	同じ	349	190	120
おなじく	同じく	158	190	54
おに	鬼	174	190	37
おにいさん	お兄さん	142	190	44
おにぎり	おにぎり	158	190	37
おねえさん	お姉さん	158	190	44
おねがい	お願い	269	190	100
おはだ	お肌	142	190	37
おはなし	お話	428	190	37
おはよう	おはよう	158	190	66
おひさしぶり	お久しぶり	158	190	120
おひる	お昼	174	190	37
おふ	オフ	142	190	101
おふぃす	オフィス	158	190	37
おふろ	お風呂	174	190	37
おぷしょん	オプション	142	190	37
おぼえ	覚え	174	190	95
おぼえて	覚えて	158	190	180
おぼん	お盆	158	190	37
おまえ	お前	174	190	42
おまけ	おまけ	158	190	101
おまち	お待ち	158	190	104
おみせ	お店	539	190	37
おみやげ	お土産	158	190	37
おめでとう	おめでとう	174	190	66
おもい	思い	380	190	101
おもいます	思います	333	190	145
おもう	思う	428	190	161
おもしろい	面白い	301	190	152
おもった	思った	460	190	151
おもって	思って	476	190	180
おもに	主に	333	190	54
おもわず	思わず	365	190	55
おや	親	333	190	42
おやこ	親子	158	190	37
おやすみ	お休み	142	190	100
おやつ	おやつ	142	190	37
および	及び	571	190	162
おりじなる	オリジナル	396	190	120
おりんぴっく	オリンピック	158	190	37
おれ	俺	619	190	42
おれ	オレ	238	190	42
おれ	おれ	158	190	42
おろか	愚か	174	190	120
おろし	卸	158	190	37
おわった	終わった	158	190	151
おわり	終わり	174	190	37
おん	音	428	190	37
おん	恩	317	190	37
おんがく	音楽	476	190	37
おんせん	温泉	222	190	37
おんな	女	365	190	37
おんなのこ	女の子	317	190	37
おーくしょん	オークション	158	190	37
おーぷん	オープン	222	190	101
か	火	476	190	37
かい	回	412	190	80
かいいん	会員	317	190	41
かいがい	海外	365	190	37
かいしゃ	会社	587	190	37
かいはつ	開発	158	190	101
かう	買う	158	190	161
かうんたー	カウンター	174	190	37
かえ	変え	158	190	95
かえって	かえって	174	190	46
かえり	帰り	158	190	37
かお	顔	507	190	37
かおり	香り	158	190	37
かかく	価格	460	190	37
かき	下記	301	190	37
かき	書き	158	190	37
かぎ	鍵	158	190	37
かく	各	460	190	37
かく	書く	269	190	161
かくしゅ	各種	222	190	37
かくじつ	確実	222	190	120
かくにん	確認	253	190	101
かけて	かけて	158	190	180
かげ	影	158	190	37
かこ	過去	333	190	37
かこう	加工	158	190	101
かさ	傘	174	190	37
かさい	火災	158	190	37
かし	歌詞	158	190	37
かじょう	過剰	158	190	120
かず	数	158	190	37
かずおおく	数多く	158	190	37
かずかず	数々	174	190	63
かぜ	風邪	174	190	37
かぜ	風	158	190	37
かそく	加速	158	190	101
かぞく	家族	396	190	41
かた	形	412	190	37
かた	肩	158	190	37
かたち	形	428	190	37
かだい	課題	158	190	37
かち	価値	253	190	37
かち	勝ち	158	190	37
かっこう	格好	158	190	120
かって	勝手	174	190	120
かっぷる	カップル	158	190	37
かつ	かつ	476	190	67
かつどう	活動	285	190	101
かてい	家庭	174	190	37
かならず	必ず	571	190	59
かなり	かなり	634	190	123
かにゅう	加入	158	190	101
かね	金	174	190	37
かのう	可能	523	190	120
かのうせい	可能性	428	190	37
かのじょ	彼女	650	190	42
かはんすう	過半数	158	190	37
かばん	カバン	158	190	37
かばー	カバー	174	190	101
かび	カビ	174	190	37
かびん	花瓶	158	190	37
かぶ	株	206	190	37
かぶしき	株式	349	190	37
かべ	壁	174	190	37
かま	釜	158	190	37
かまくら	鎌倉	174	190	37
かみ	上	301	190	37
かみ	神	158	190	37
かみ	髪	158	190	37
かめら	カメラ	174	190	37
かも	かも	174	190	223
かよう	火曜	460	190	37
かようび	火曜日	476	190	37
から	から	492	190	254
から	～	492	190	254
から	空	158	190	37
からだ	体	412	190	37
からー	カラー	158	190	37
かり	借り	158	190	95
かりに	仮に	174	190	54
かれ	彼	761	190	42
かろりー	カロリー	158	190	80
かわ	川	158	190	37
かわいい	かわいい	174	190	152
かんかく	感覚	238	190	37
かんがえ	考え	492	190	95
かんきょう	環境	444	190	37
かんけい	関係	412	190	101
かんげき	感激	206	190	101
かんこう	観光	365	190	101
かんさい	関西	206	190	37
かんしゃ	感謝	317	190	101
かんしん	感心	253	190	101
かんしん	関心	238	190	37
かんじ	感じ	555	190	95
かんぜん	完全	333	190	120
かんそう	感想	238	190	37
かんたん	簡単	523	190	120
かんとう	関東	206	190	37
かんぱい	乾杯	222	190	101
かーど	カード	396	190	37
が	が	1000	190	67
がい	害	396	190	101
がいか	外貨	95	190	37
がいかん	外観	95	190	37
がいけん	外見	460	190	37
がいこく	外国	539	190	37
がいこくご	外国語	95	190	37
がいこくじん	外国人	301	190	41
がいしゅつ	外出	95	190	101
がいしょく	外食	95	190	101
がいとう	該当	222	190	101
がいど	ガイド	412	190	101
がいぶ	外部	253	190	37
がいへき	外壁	95	190	37
がいめん	外面	15	190	37
がいや	外野	15	190	37
がいよう	概要	365	190	37
がいらい	外来	95	190	37
がか	画家	174	190	41
がかり	係	15	190	41
がき	書き	15	190	101
がく	額	428	190	37
がく	額	428	190	39
がく	学	95	190	37
がくいん	学院	95	190	39
がくえん	学園	269	190	37
がくぎょう	学業	15	190	37
がくげい	学芸	15	190	37
がくしゅう	学習	507	190	101
がくしょく	学食	95	190	37
がくせい	学生	603	190	41
がくせつ	学説	15	190	37
がくぜん	愕然	95	190	124
がくだん	楽団	15	190	37
がくねん	学年	95	190	80
がくひ	学費	95	190	37
がくふ	楽譜	111	190	37
がくぶ	学部	174	190	37
がくもん	学問	95	190	101
がくや	楽屋	15	190	37
がくりょく	学力	158	190	37
がくわり	学割	15	190	37
がけ	崖	174	190	37
がしつ	画質	285	190	37
がす	ガス	523	190	37
がすと	ガスト	142	190	37
がそりん	ガソリン	476	190	37
がぞう	画像	619	190	37
がた	型	15	190	39
がた	形	15	190	39
がた	方	15	190	43
がち	がち	15	190	123
がち	勝ち	15	190	123
がっかい	学会	269	190	37
がっかり	がっかり	15	190	59
がっかり	ガッカリ	15	190	59
がっき	楽器	428	190	37
がっこう	学校	634	190	37
がっさく	合作	15	190	101
がっしゅく	合宿	95	190	101
がっしょう	合唱	95	190	101
がっしょう	合掌	15	190	101
がっしり	がっしり	95	190	55
がったい	合体	95	190	101
がっち	合致	95	190	101
がっぴ	月日	79	190	37
がっぺい	合併	238	190	101
がつ	月	15	190	80
がまん	我慢	571	190	101
がまん	がまん	158	190	101
がむ	ガム	174	190	37
がむてーぷ	ガムテープ	15	190	37
がめん	画面	492	190	37
がよい	通い	15	190	101
がら	柄	380	190	37
がらす	ガラス	555	190	37
がらす	硝子	15	190	37
がわ	側	587	190	37
がん	願	95	190	37
がんか	眼科	15	190	37
がんこ	頑固	95	190	120
がんしょ	願書	95	190	37
がんじつ	元日	95	190	37
がんじょう	頑丈	111	190	121
がんそ	元祖	95	190	37
がんたん	元旦	79	190	37
がんとして	頑として	95	190	61
がんばった	頑張った	365	190	151
がんばって	頑張って	349	190	180
がんばって	がんばって	206	190	206
がんばってね	頑張ってね	15	190	268
がんばり	頑張り	95	190	37
がんばります	がんばります	95	190	145
がんばります	頑張ります	95	190	145
がんばる	がんばる	95	190	161
がんばる	頑張る	95	190	161
がんばれ	がんばれ	95	190	150
がんばれ	頑張れ	95	190	150
がんぼう	願望	95	190	101
がんめん	顔面	95	190	37
がんらい	元来	238	190	58
き	気	952	190	37
き	期	603	190	101
き	来	476	190	110
きあい	気合い	174	190	37
きえ	消え	206	190	94
きおく	記憶	222	190	101
きおん	気温	174	190	37
きかい	機会	460	190	37
きかい	機械	206	190	37
きかく	企画	349	190	101
きかん	期間	444	190	37
きかん	機関	317	190	37
きがる	気軽	238	190	120
きき	機器	190	190	37
きき	危機	174	190	37
きぎょう	企業	444	190	37
きく	聞く	174	190	161
きく	菊	158	190	37
きぐ	器具	158	190	37
きけん	危険	301	190	120
きげん	期限	158	190	37
きこえ	聞こえ	190	190	94
きこく	帰国	190	190	101
きごう	記号	158	190	37
きざい	機材	158	190	37
きしゅ	騎手	238	190	37
きしゅ	機種	174	190	37
きじ	記事	412	190	37
きじゅん	基準	190	190	37
きす	キス	158	190	101
きず	傷	190	190	37
きずな	絆	158	190	37
きせい	規制	190	190	101
きせき	奇跡	158	190	37
きせつ	季節	460	190	37
きそ	基礎	190	190	37
きそく	規則	174	190	37
きた	北	174	190	37
きたい	期待	555	190	101
きちょう	貴重	174	190	120
きっと	きっと	603	190	54
きて	来て	238	190	180
きてい	規定	190	190	101
きなが	気長	174	190	120
きにゅう	記入	174	190	101
きぬ	絹	174	190	37
きねん	記念	285	190	101
きねんび	記念日	158	190	37
きのう	昨日	809	190	37
きのう	機能	507	190	101
きばん	基盤	190	190	37
きびしい	厳しい	190	190	152
きびしく	厳しく	158	190	173
きふ	寄付	158	190	101
きぶん	気分	492	190	37
きほん	基本	365	190	37
きぼ	規模	190	190	37
きぼう	希望	333	190	101
きまって	決まって	174	190	58
きまって	決まって	174	190	180
きみ	君	619	190	42
きむち	キムチ	158	190	37
きめ	決め	333	190	95
きめて	決め手	158	190	37
きもち	気持ち	619	190	37
きもの	着物	174	190	37
きゃく	客	238	190	37
きゃらくたー	キャラクター	174	190	37
きゃんぺーん	キャンペーン	158	190	101
きゅう	急	174	190	120
きゅう	旧	174	190	37
きゅうけい	休憩	222	190	101
きゅうじつ	休日	492	190	37
きゅうに	急に	412	190	259
きょう	今日	825	190	37
きょういく	教育	349	190	101
きょうか	強化	158	190	101
きょうし	教師	158	190	37
きょうと	京都	349	190	37
きょうみ	興味	507	190	37
きょうりょく	協力	174	190	101
きょく	曲	476	190	80
きょねん	去年	523	190	37
きょり	距離	428	190	37
きよう	器用	158	190	120
きらい	嫌い	190	190	120
きらきら	キラキラ	158	190	55
きらく	気楽	158	190	120
きり	霧	174	190	37
きりょく	気力	158	190	37
きりん	キリン	158	190	37
きる	切る	174	190	161
きる	着る	158	190	161
きれ	切れ	158	190	94
きれい	きれい	380	190	120
きれい	綺麗	158	190	120
きろ	キロ	238	190	82
きろく	記録	238	190	101
きん	金	317	190	37
きんがく	金額	206	190	37
きんり	金利	174	190	37
ぎいん	議員	666	190	37
ぎかい	議会	460	190	37
ぎくしゃく	ギクシャク	174	190	63
ぎこちな	ぎこちな	15	190	76
ぎざぎざ	ギザギザ	174	190	120
ぎしき	儀式	142	190	37
ぎじどう	議事堂	111	190	37
ぎじゅつ	技術	1000	190	37
ぎせい	犠牲	396	190	37
ぎぜん	偽善	15	190	37
ぎそう	偽装	158	190	101
ぎぞう	偽造	174	190	101
ぎたー	ギター	492	190	37
ぎっしり	ぎっしり	269	190	61
ぎのう	技能	174	190	37
ぎふ	岐阜	317	190	45
ぎふと	ギフト	476	190	101
ぎみ	気味	31	190	39
ぎみ	気味	31	190	120
ぎむ	義務	428	190	37
ぎもん	疑問	634	190	37
ぎもんてん	疑問点	158	190	37
ぎゃく	逆	714	190	120
ぎゃぐ	ギャグ	285	190	37
ぎゃっぷ	ギャップ	301	190	37
ぎゃらりー	ギャラリー	412	190	37
ぎゃる	ギャル	111	190	37
ぎゃれ	GARE	0	190	37
ぎゃんぶる	ギャンブル	301	190	37
ぎゃー	ギャー	79	190	66
ぎゅう	牛	460	190	37
ぎゅうにく	牛肉	333	190	37
ぎゅうにゅう	牛乳	444	190	37
ぎょう	行	428	190	37
ぎょう	業	63	190	37
ぎょうかい	業界	809	190	37
ぎょうぎ	行儀	15	190	37
ぎょうしゃ	業者	698	190	41
ぎょうじ	行事	460	190	37
ぎょうとく	行徳	0	190	37
ぎょうむ	業務	730	190	101
ぎょうれつ	行列	126	190	101
ぎょえん	御苑	15	190	37
ぎょかい	魚介	15	190	37
ぎょぎょう	漁業	95	190	37
ぎょく	玉	396	190	37
ぎらい	嫌い	15	190	120
ぎり	義理	142	190	37
ぎりぎり	ギリギリ	380	190	63
ぎりぎり	ギリギリ	380	190	123
ぎりぎり	ぎりぎり	349	190	63
ぎりぎり	ぎりぎり	349	190	123
ぎろん	議論	571	190	101
ぎわ	際	15	190	39
ぎわく	疑惑	285	190	37
ぎん	銀	523	190	37
ぎんいろ	銀色	142	190	37
ぎんが	銀河	142	190	37
ぎんこう	銀行	809	190	37
ぎんざ	銀座	460	190	37
くい	杭	142	190	37
くい	悔い	126	190	94
くいしんぼう	食いしん坊	111	190	120
くいず	クイズ	460	190	37
くう	空	555	190	37
くうかん	空間	476	190	37
くうき	空気	555	190	37
くうこう	空港	507	190	37
くうせき	空席	111	190	37
くうちゅう	空中	142	190	37
くうはく	空白	126	190	120
くがやま	久我山	111	190	37
くぎ	釘	158	190	37
くぎづけ	釘付け	142	190	101
くぎり	区切り	158	190	37
くさ	草	174	190	37
くさつ	草津	142	190	37
くさり	鎖	142	190	37
くしゃみ	くしゃみ	126	190	101
くじょう	苦情	190	190	37
くじら	鯨	126	190	37
くすり	薬	460	190	37
くすり	クスリ	111	190	37
くずし	崩し	142	190	37
くずれ	崩れ	174	190	94
くせ	くせ	174	190	37
くせ	癖	174	190	37
くせ	クセ	158	190	37
くそ	くそ	158	190	37
くだ	管	111	190	37
ください	ください	444	190	194
ください	下さい	428	190	194
くだもの	果物	206	190	37
くだり	下り	158	190	101
くち	口	571	190	80
くちこみ	口コミ	174	190	37
くちだし	口出し	95	190	101
くちびる	唇	158	190	37
くちべた	口下手	95	190	120
くちべに	口紅	126	190	37
くっきー	クッキー	158	190	37
くっしょん	クッション	158	190	37
くつ	靴	365	190	37
くつう	苦痛	158	190	37
くつした	靴下	158	190	37
くどう	駆動	158	190	101
くに	国	714	190	37
くにたち	国立	95	190	37
くび	首	476	190	37
くふう	工夫	317	190	101
くべつ	区別	206	190	101
くま	熊	158	190	37
くまがや	熊谷	126	190	37
くまもと	熊本	174	190	45
くみ	組	190	190	37
くみ	組	190	190	80
くみあい	組合	190	190	37
くも	雲	349	190	37
くもり	曇り	158	190	37
くもり	くもり	111	190	37
くもん	公文	142	190	37
くやしい	悔しい	174	190	152
くよくよ	くよくよ	174	190	54
くら	蔵	111	190	37
くらい	位	301	190	101
くらい	くらい	174	190	226
くらいまっくす	クライマックス	95	190	37
くらくら	くらくら	95	190	54
くらし	暮らし	142	190	37
くらす	クラス	460	190	37
くらぶ	クラブ	539	190	101
くらべ	比べ	507	190	95
くりあ	クリア	238	190	101
くりかえし	繰り返し	380	190	37
くりすたる	クリスタル	95	190	37
くりすます	クリスマス	571	190	37
くりっく	クリック	380	190	101
くりにっく	クリニック	95	190	37
くりーむ	クリーム	269	190	37
くる	くる	349	190	161
くる	来る	317	190	161
くるしい	苦しい	269	190	152
くるしく	苦しく	142	190	173
くるしまぎれ	苦し紛れ	95	190	120
くるしみ	苦しみ	126	190	37
くるま	車	936	190	37
くれ	くれ	412	190	144
くれぐれも	くれぐれも	412	190	61
くれじっと	クレジット	206	190	37
くれーむ	クレーム	158	190	37
くろ	黒	444	190	37
くろ	黒	444	190	78
くろう	苦労	412	190	101
くろう	苦労	412	190	120
くわえ	加え	380	190	95
くわしい	詳しい	555	190	152
くわしく	詳しく	396	190	173
くん	君	142	190	44
くんれん	訓練	222	190	101
くーぽん	クーポン	158	190	37
くーる	クール	253	190	120
ぐあい	具合	634	190	37
ぐあむ	グアム	428	190	37
ぐうすう	偶数	158	190	37
ぐうぜん	偶然	698	190	63
ぐうぜん	偶然	698	190	123
ぐうたら	ぐうたら	158	190	120
ぐしゃぐしゃ	ぐしゃぐしゃ	158	190	61
ぐしゃぐしゃ	グシャグシャ	126	190	61
ぐたいてき	具体的	841	190	120
ぐち	愚痴	492	190	37
ぐち	口	15	190	39
ぐっすり	ぐっすり	428	190	61
ぐっず	グッズ	634	190	37
ぐったり	ぐったり	317	190	55
ぐみ	組	47	190	45
ぐみょうじ	弘明寺	15	190	37
ぐらい	ぐらい	460	190	226
ぐらす	グラス	587	190	37
ぐらっ	グラッ	0	190	61
ぐらんど	グランド	476	190	37
ぐりーん	グリーン	587	190	120
ぐるしんで	苦しんで	15	190	161
ぐるめ	グルメ	492	190	37
ぐるーぷ	グループ	952	190	37
ぐれー	グレー	365	190	120
ぐん	軍	587	190	37
ぐん	群	317	190	37
ぐん	郡	317	190	37
ぐんぐん	ぐんぐん	269	190	61
ぐんだん	軍団	253	190	37
ぐんま	群馬	396	190	45
け	気	619	190	37
けあ	ケア	174	190	101
けあな	毛穴	158	190	37
けい	計	365	190	37
けい	系	269	190	37
けいえい	経営	412	190	101
けいか	経過	111	190	101
けいかい	警戒	126	190	101
けいかく	計画	634	190	101
けいかん	警官	126	190	37
けいき	景気	428	190	37
けいけん	経験	555	190	101
けいこう	傾向	492	190	37
けいさい	掲載	539	190	101
けいさつ	警察	301	190	37
けいさん	計算	222	190	101
けいざい	経済	761	190	37
けいしき	形式	333	190	37
けいじ	刑事	95	190	37
けいじばん	掲示板	555	190	37
けいぞく	継続	111	190	101
けいたい	携帯	428	190	101
けいたい	形態	126	190	37
けいば	競馬	444	190	37
けいひ	経費	111	190	37
けいひん	景品	95	190	37
けいび	警備	95	190	101
けいべつ	軽蔑	95	190	101
けいほう	警報	95	190	101
けいやく	契約	333	190	101
けいゆ	経由	111	190	101
けいりょう	軽量	95	190	120
けが	怪我	158	190	101
けがれ	汚れ	174	190	37
けがれ	汚れ	174	190	94
けがわ	毛皮	142	190	37
けさ	今朝	333	190	37
けしき	景色	158	190	37
けしょう	化粧	174	190	101
けだもの	獣	174	190	37
けち	ケチ	174	190	120
けっか	結果	984	190	101
けっかん	欠陥	111	190	37
けっかん	血管	95	190	37
けっきょく	結局	682	190	50
けっこう	結構	634	190	58
けっこう	結構	634	190	123
けっこう	けっこう	492	190	123
けっこう	決行	95	190	101
けっこん	結婚	555	190	101
けっこんしき	結婚式	142	190	37
けっさく	傑作	95	190	120
けっして	決して	619	190	46
けっしょう	決勝	111	190	37
けっしょう	結晶	111	190	101
けっしん	決心	111	190	101
けっせい	結成	111	190	101
けっせき	欠席	111	190	101
けっちゃく	決着	111	190	101
けってい	決定	444	190	101
けってん	欠点	111	190	37
けっとう	血統	95	190	37
けつ	穴	365	190	37
けつい	決意	158	190	101
けつえき	血液	174	190	37
けつだん	決断	158	190	101
けつろん	結論	206	190	101
けど	けど	492	190	211
けはい	気配	190	190	37
けむり	煙	190	190	37
けもの	獣	174	190	37
けれど	けれど	476	190	211
けれども	けれども	428	190	67
けん	兼	269	190	39
けん	件	253	190	80
けん	県	174	190	37
けん	県	174	190	39
けん	券	95	190	37
けん	剣	95	190	37
けんか	喧嘩	95	190	101
けんきゅう	研究	571	190	101
けんきゅうかい	研究会	111	190	37
けんきょ	謙虚	95	190	120
けんげん	権限	111	190	37
けんこう	健康	555	190	120
けんさ	検査	158	190	101
けんさく	検索	396	190	101
けんざい	健在	95	190	120
けんしゅう	研修	111	190	101
けんしょう	懸賞	365	190	37
けんせつ	建設	238	190	101
けんちく	建築	142	190	101
けんとう	検討	253	190	101
けんぽう	憲法	126	190	37
けんめい	懸命	111	190	123
けんり	権利	126	190	37
けんりょく	権力	111	190	37
けーき	ケーキ	222	190	101
けーす	ケース	222	190	37
けーたい	ケータイ	190	190	101
けーぶる	ケーブル	126	190	37
げい	芸	158	190	37
げいがく	芸学	0	190	37
げいしゃ	芸者	15	190	41
げいじゅつ	芸術	365	190	37
げいにん	芸人	126	190	37
げいのう	芸能	158	190	37
げいのうかい	芸能界	111	190	37
げいのうじん	芸能人	317	190	41
げか	外科	174	190	37
げかん	下巻	0	190	37
げき	劇	222	190	37
げき	激	142	190	101
げきから	激辛	0	190	120
げきじょう	劇場	365	190	37
げきたい	撃退	95	190	101
げきだん	劇団	142	190	37
げきつう	激痛	95	190	37
げきとつ	激突	95	190	101
げきど	激怒	95	190	101
げきへん	激変	95	190	101
げきれい	激励	95	190	101
げしゃ	下車	158	190	101
げしゅく	下宿	158	190	101
げじゅん	下旬	190	190	37
げすと	ゲスト	412	190	37
げっかん	月刊	126	190	37
げっしゃ	月謝	0	190	37
げっしゅう	月収	238	190	37
げっそり	げっそり	95	190	54
げっと	ゲット	412	190	101
げつ	月	31	190	37
げつよう	月曜	222	190	37
げつよう	(月)	0	190	33
げつようび	月曜日	619	190	37
げひん	下品	174	190	120
げれんで	ゲレンデ	174	190	37
げん	現	507	190	37
げん	言	238	190	37
げん	元	95	190	37
げん	減	31	190	39
げん	弦	15	190	80
げん	限	15	190	39
げんいん	原因	666	190	101
げんえき	現役	365	190	37
げんか	喧嘩	15	190	39
げんかい	限界	460	190	37
げんかん	玄関	460	190	37
げんき	元気	682	190	120
げんきん	現金	492	190	37
げんきん	厳禁	15	190	101
げんこう	原稿	492	190	37
げんご	言語	301	190	37
げんざい	現在	1000	190	101
げんしゅ	厳守	15	190	101
げんしょう	現象	507	190	37
げんじつ	現実	634	190	37
げんじゅう	厳重	15	190	120
げんじょう	現状	603	190	37
げんせん	厳選	301	190	101
げんそう	幻想	190	190	101
げんそく	原則	380	190	37
げんそく	減速	15	190	101
げんだい	現代	507	190	37
げんち	現地	555	190	37
げんてい	限定	539	190	101
げんど	限度	444	190	37
げんどう	言動	95	190	37
げんば	現場	539	190	37
げんまい	玄米	95	190	37
げんめつ	幻滅	15	190	101
げんりょう	減量	15	190	101
げーと	ゲート	285	190	37
げーむ	ゲーム	634	190	101
こ	来	476	190	140
こ	子	380	190	37
こい	恋	222	190	101
こいつ	こいつ	142	190	42
こいびと	恋人	158	190	42
こう	こう	412	190	62
こういう	こういう	460	190	65
こうか	効果	365	190	37
こうこう	高校	190	190	37
こうしん	更新	206	190	101
こうにゅう	購入	238	190	101
こうはん	後半	380	190	37
こえ	声	412	190	37
こえ	超え	158	190	95
こえ	越え	158	190	95
こおり	氷	174	190	37
こがた	小型	158	190	37
こきゅう	呼吸	158	190	101
こく	酷	190	190	120
こくさい	国際	158	190	37
こくない	国内	238	190	37
こくはく	告白	174	190	101
こくふく	克服	142	190	101
こげ	焦げ	158	190	94
ここ	ここ	650	190	38
ここ	個々	206	190	37
ここのか	９日	158	190	37
こころ	心	396	190	101
こし	腰	158	190	37
こしょう	故障	142	190	101
こじん	個人	349	190	41
こすと	コスト	174	190	37
こすも	コスモ	142	190	37
こせい	個性	174	190	37
こせき	戸籍	142	190	37
こそ	こそ	142	190	220
こそだて	子育て	174	190	101
こたえ	答え	174	190	95
こたえ	答	142	190	37
こだわり	こだわり	158	190	37
こちら	こちら	476	190	38
こっかい	国会	158	190	37
こっち	こっち	253	190	37
こつ	骨	142	190	37
こつこつ	こつこつ	142	190	63
こづかい	小遣い	142	190	37
こてい	固定	174	190	101
こと	こと	492	190	283
ことし	今年	603	190	37
ことば	言葉	444	190	37
こども	子供	476	190	42
こな	粉	158	190	37
こない	来ない	142	190	155
こないだ	こないだ	174	190	37
こね	コネ	158	190	37
こね	こね	142	190	95
この	この	968	190	65
このごろ	この頃	142	190	37
このまま	このまま	285	190	37
このまま	このまま	285	190	287
こはん	湖畔	142	190	37
こぴー	コピー	174	190	101
こぶし	拳	158	190	37
こべつ	個別	174	190	37
こみゅにけーしょん	コミュニケーション	174	190	101
こみゅにてぃ	コミュニティ	158	190	37
こめ	米	158	190	37
こめんと	コメント	174	190	101
こもち	子持ち	158	190	37
こもの	小物	174	190	37
こや	小屋	174	190	37
こやま	小山	158	190	37
こよう	雇用	174	190	101
こよみ	暦	158	190	37
こら	こら	142	190	66
こらむ	コラム	174	190	37
こりつ	孤立	158	190	101
こりゃ	こりゃ	174	190	224
これ	これ	746	190	37
これから	これから	555	190	254
これまで	これまで	444	190	212
ころも	衣	142	190	37
こわい	怖い	174	190	152
こわく	怖く	158	190	173
こわれ	壊れ	158	190	94
こんかい	今回	634	190	37
こんげつ	今月	460	190	37
こんご	今後	507	190	37
こんさーと	コンサート	174	190	101
こんしゅう	今週	476	190	37
こんど	今度	587	190	37
こんな	こんな	380	190	120
こんなに	こんなに	365	190	134
こんにちは	こんにちは	206	190	66
こんばん	今晩	190	190	37
こんばんは	こんばんは	174	190	66
こんびに	コンビニ	190	190	37
こーす	コース	158	190	37
こーち	コーチ	142	190	101
こーど	コード	142	190	37
こーひー	コーヒー	158	190	37
ご	後	365	190	39
ご	五	222	190	15
ご	語	63	190	37
ご	御	47	190	70
ごあんしん	ご安心	158	190	101
ごあんしん	ご安心	158	190	120
ごい	五井	79	190	37
ごいどう	五位堂	0	190	37
ごう	号	174	190	39
ごう	号	174	190	80
ごう	合	158	190	80
ごう	業	95	190	37
ごう	剛	15	190	40
ごう	郷	15	190	40
ごういん	強引	126	190	120
ごうか	豪華	444	190	120
ごうかい	豪快	95	190	120
ごうかく	合格	285	190	101
ごうかくする	合格する	15	190	161
ごうきゅう	号泣	95	190	101
ごうけい	合計	269	190	101
ごうこん	合コン	95	190	101
ごうじょう	強情	15	190	120
ごうせつ	豪雪	15	190	37
ごうとう	強盗	95	190	101
ごうどう	合同	95	190	120
ごうまん	傲慢	95	190	121
ごうりゅう	合流	95	190	101
ごかい	誤解	142	190	101
ごかく	互角	111	190	120
ごがく	語学	95	190	37
ごきぶり	ゴキブリ	111	190	37
ごく	極	158	190	61
ごくじょう	極上	142	190	37
ごくひ	極秘	126	190	120
ごくらく	極楽	126	190	37
ごくろう	ご苦労	95	190	120
ごくろうさま	ご苦労様	158	190	37
ごけっこん	ご結婚	158	190	101
ごこう	五香	0	190	37
ごこくじ	護国寺	95	190	37
ごご	午後	698	190	37
ございました	ございました	95	190	151
ございます	ございます	285	190	145
ごしゅじん	ご主人	238	190	41
ごしゅじん	御主人	79	190	41
ごじたく	ご自宅	126	190	37
ごじつ	後日	476	190	37
ごじょう	五条	95	190	37
ごぜん	午前	619	190	37
ごぜんちゅう	午前中	523	190	37
ごたんだ	五反田	142	190	37
ごたんの	五反野	0	190	37
ごだいさん	五台山	0	190	37
ごちそう	ご馳走	158	190	100
ごちそう	ごちそう	142	190	37
ごちそうさま	ごちそうさま	126	190	37
ごっこ	ごっこ	15	190	101
ごてんやま	御殿山	79	190	37
ごと	ごと	111	190	39
ごと	毎	0	190	39
ごのみ	好み	15	190	120
ごはん	ご飯	460	190	37
ごはん	ごはん	158	190	37
ごはん	御飯	142	190	37
ごぶさた	ご無沙汰	396	190	101
ごほうび	ご褒美	142	190	37
ごぼう	ゴボウ	15	190	37
ごま	ゴマ	174	190	37
ごま	胡麻	0	190	37
ごまかし	ごまかし	142	190	37
ごまかす	ごまかす	79	190	161
ごみ	ゴミ	349	190	37
ごみ	ごみ	158	190	37
ごみばこ	ゴミ箱	158	190	37
ごみばこ	ごみ箱	142	190	37
ごむ	ゴム	174	190	37
ごめん	ごめん	174	190	37
ごめん	ゴメン	111	190	66
ごめんなさい	ごめんなさい	587	190	66
ごらく	娯楽	158	190	37
ごりょう	御陵	0	190	37
ごりら	ゴリラ	15	190	37
ごるふ	ゴルフ	444	190	101
ごろ	頃	190	190	39
ごろ	ごろ	126	190	37
ごろごろ	ゴロゴロ	174	190	63
ごーる	ゴール	317	190	101
ごーるど	ゴールド	301	190	37
さ	差	476	190	37
さぁ	さぁ	380	190	66
さあ	さあ	492	190	66
さい	妻	301	190	37
さい	最	238	190	68
さい	再	142	190	68
さいきん	最近	809	190	37
さいこう	最高	460	190	120
さいご	最後	587	190	37
さいしょ	最初	523	190	37
さいしん	最新	428	190	37
さいだい	最大	412	190	37
さいてき	最適	222	190	120
さいと	サイト	571	190	37
さいど	再度	333	190	37
さいよう	採用	158	190	101
さえ	さえ	174	190	245
さえ	冴え	158	190	94
さか	坂	269	190	37
さかな	魚	253	190	37
さかもと	坂本	126	190	37
さかん	盛ん	126	190	120
さがし	探し	158	190	37
さがして	探して	142	190	180
さき	先	539	190	37
さきほど	先程	142	190	63
さぎょう	作業	380	190	101
さく	作	142	190	37
さくげん	削減	126	190	101
さくしゃ	作者	126	190	41
さくじつ	昨日	555	190	37
さくせい	作成	333	190	101
さくせん	作戦	126	190	37
さくねん	昨年	698	190	37
さくひん	作品	571	190	37
さくや	昨夜	126	190	37
さくら	桜	285	190	37
さけ	酒	301	190	37
さけ	避け	174	190	95
さげ	下げ	174	190	95
ささ	笹	126	190	37
ささい	些細	158	190	120
ささえ	支え	174	190	95
さし	差し	158	190	37
さすが	さすが	317	190	63
さすが	さすが	317	190	123
さすぺんす	サスペンス	142	190	37
させつ	左折	158	190	101
さそい	誘い	142	190	37
さだめ	定め	174	190	95
さち	幸	174	190	37
さっかー	サッカー	253	190	101
さっき	さっき	365	190	63
さっそく	早速	412	190	61
さっぱり	さっぱり	126	190	55
さっぽろ	札幌	317	190	37
さつ	冊	158	190	80
さつ	札	142	190	37
さつえい	撮影	190	190	101
さて	さて	666	190	67
さてい	査定	158	190	101
さと	里	158	190	37
さとう	砂糖	158	190	37
さばく	砂漠	174	190	37
さびしい	寂しい	174	190	152
さびしい	淋しい	142	190	152
さびしく	寂しく	158	190	173
さべつ	差別	174	190	101
さぽーと	サポート	206	190	101
さま	様	349	190	44
さみしく	寂しく	142	190	173
さむい	寒い	238	190	152
さむく	寒く	158	190	173
さむけ	寒気	142	190	37
さむさ	寒さ	158	190	37
さめ	覚め	174	190	94
さめ	サメ	158	190	37
さめ	冷め	158	190	94
さやま	狭山	158	190	37
さゆう	左右	190	190	101
さようなら	さようなら	158	190	101
さよなら	さよなら	142	190	101
さよなら	サヨナラ	142	190	101
さら	皿	333	190	37
さらに	さらに	761	190	54
さらに	更に	460	190	54
さらりーまん	サラリーマン	158	190	37
さりげなく	さりげなく	142	190	173
さる	去る	158	190	64
さる	猿	158	190	37
さわ	沢	142	190	37
さわやか	爽やか	174	190	120
さん	さん	365	190	44
さん	三	253	190	13
さんか	参加	523	190	101
さんぎょう	産業	142	190	37
さんこう	参考	206	190	101
さーくる	サークル	158	190	37
さーち	サーチ	142	190	101
さーびす	サービス	507	190	101
さーふぃん	サーフィン	158	190	101
ざ	ザ	0	190	37
ざい	在	349	190	37
ざい	財	349	190	37
ざい	材	158	190	37
ざい	材	158	190	39
ざい	剤	63	190	39
ざい	罪	15	190	39
ざいこ	在庫	619	190	101
ざいさん	財産	603	190	37
ざいじゅう	在住	555	190	101
ざいたく	在宅	603	190	101
ざいりょう	材料	968	190	37
ざき	咲き	0	190	39
ざせき	座席	555	190	37
ざせつ	挫折	365	190	101
ざっか	雑貨	603	190	37
ざっくばらん	ざっくばらん	95	190	120
ざっし	雑誌	809	190	37
ざっしゅ	雑種	15	190	37
ざつ	雑	142	190	120
ざつおん	雑音	301	190	37
ざつよう	雑用	15	190	37
ざもーる	ザ・モール	0	190	37
ざらざら	ざらざら	158	190	55
ざん	残	476	190	37
ざん	算	15	190	39
ざんぎょう	残業	492	190	101
ざんしん	斬新	428	190	120
ざんねん	残念	888	190	120
ざんねんです	残念です	47	190	138
しあい	試合	158	190	101
しあわせ	幸せ	174	190	120
しいく	飼育	158	190	101
しえん	支援	174	190	101
しお	塩	174	190	37
しお	潮	158	190	37
しかく	資格	142	190	37
しかし	しかし	666	190	67
しかた	仕方	142	190	37
しかも	しかも	619	190	67
しき	色	253	190	37
しき	式	158	190	37
しき	式	158	190	39
しき	四季	142	190	37
しけん	試験	174	190	101
しげき	刺激	158	190	101
しげん	資源	158	190	37
しこうさくご	試行錯誤	142	190	101
しこく	四国	142	190	45
しごと	仕事	444	190	101
しじ	指示	158	190	101
しじょう	市場	412	190	37
しすてむ	システム	396	190	37
しずか	静か	158	190	120
しせい	姿勢	158	190	37
しせつ	施設	158	190	101
しせん	視線	142	190	37
しぜん	自然	333	190	120
した	下	285	190	37
しだい	次第	142	190	37
しだい	次第	142	190	39
しち	七	142	190	18
しち	質	142	190	37
しっかり	しっかり	476	190	47
しっぱい	失敗	158	190	101
しつ	質	142	190	37
しつない	室内	158	190	37
しつもん	質問	174	190	101
しつれい	失礼	142	190	101
してい	指定	158	190	101
してき	指摘	142	190	101
してん	視点	158	190	37
しどう	指導	174	190	101
しな	品	158	190	37
しな	品	158	190	80
しない	しない	380	190	155
しない	市内	158	190	37
しなぞろえ	品揃え	142	190	101
しなもの	品物	142	190	37
しにあ	シニア	142	190	37
しにせ	老舗	174	190	37
しば	芝	158	190	37
しばらく	しばらく	412	190	58
しびれ	しびれ	158	190	94
しふく	至福	158	190	37
しふと	シフト	158	190	101
しぶや	渋谷	174	190	37
しぼう	脂肪	158	190	37
しま	島	174	190	37
しまい	姉妹	158	190	37
します	します	142	190	145
しまつ	始末	142	190	101
しみじみ	しみじみ	158	190	61
しみん	市民	174	190	37
しむら	志村	158	190	37
しめし	示し	158	190	37
しも	下	285	190	37
しも	霜	142	190	37
しゃいん	社員	158	190	41
しゃかい	社会	333	190	37
しゃしん	写真	428	190	37
しゃちょう	社長	142	190	41
しや	視野	174	190	37
しやくしょ	市役所	158	190	37
しゅうにゅう	収入	158	190	37
しゅうまつ	週末	158	190	37
しゅみ	趣味	174	190	37
しゅるい	種類	142	190	37
しゅるい	種類	142	190	80
しゅんかん	瞬間	142	190	37
しょうかい	紹介	428	190	101
しょうひん	商品	492	190	37
しょうらい	将来	396	190	101
しょっぷ	ショップ	142	190	37
しよう	仕様	158	190	37
しよう	しよう	142	190	147
しりょう	資料	174	190	37
しりーず	シリーズ	158	190	37
しる	知る	174	190	161
しる	汁	142	190	37
しるばー	シルバー	158	190	37
しろ	白	174	190	37
しろ	白	174	190	78
しろ	城	142	190	37
しろい	白い	158	190	152
しろうと	素人	158	190	37
しわす	師走	158	190	37
しん	新	428	190	37
しんぶん	新聞	174	190	37
しーずん	シーズン	158	190	37
しーでぃー	CD	301	190	37
じ	時	365	190	80
じえいたい	自衛隊	174	190	37
じかい	次回	396	190	37
じかく	自覚	126	190	101
じかん	時間	904	190	80
じき	時期	539	190	37
じぎょう	事業	492	190	37
じぐざぐ	ジグザグ	158	190	120
じけん	事件	603	190	37
じこ	事故	428	190	37
じこ	自己	380	190	37
じこく	時刻	142	190	37
じごく	地獄	126	190	37
じさ	時差	126	190	37
じしん	自信	333	190	37
じしん	地震	158	190	37
じしん	自身	158	190	37
じじつ	事実	396	190	63
じじょう	事情	206	190	37
じぜん	事前	190	190	37
じぞく	持続	174	190	101
じたく	自宅	269	190	37
じたばた	じたばた	126	190	54
じだい	時代	730	190	37
じっか	実家	126	190	37
じっかん	実感	111	190	101
じっくり	じっくり	349	190	47
じっけん	実験	142	190	101
じっこう	実行	190	190	101
じっさい	実際	571	190	37
じっし	実施	190	190	101
じっせき	実績	301	190	37
じったい	実態	111	190	37
じつ	実	190	190	37
じつげん	実現	269	190	101
じつは	実は	650	190	54
じつぶつ	実物	111	190	37
じつりょく	実力	142	190	37
じてん	時点	190	190	37
じてんしゃ	自転車	190	190	37
じどう	自動	222	190	120
じどう	児童	142	190	41
じどうしゃ	自動車	206	190	37
じなん	次男	174	190	42
じぶん	自分	936	190	42
じまく	字幕	158	190	37
じまん	自慢	174	190	101
じみ	地味	333	190	120
じむ	事務	174	190	101
じむ	ジム	142	190	37
じむしょ	事務所	206	190	37
じめじめ	じめじめ	158	190	55
じめつ	自滅	126	190	101
じめん	地面	174	190	37
じもと	地元	285	190	37
じゃ	じゃ	206	190	66
じゃあ	じゃあ	428	190	66
じゃけっと	ジャケット	126	190	37
じゃぱん	ジャパン	142	190	37
じゃま	邪魔	111	190	101
じゃんる	ジャンル	142	190	37
じゅう	十	126	190	26
じゅうし	重視	111	190	101
じゅうしょ	住所	190	190	37
じゅうたい	渋滞	126	190	101
じゅうたく	住宅	349	190	37
じゅうだい	重大	111	190	120
じゅうぶん	充分	111	190	101
じゅうぶん	充分	111	190	120
じゅうみん	住民	142	190	37
じゅうよう	重要	507	190	120
じゅぎょう	授業	142	190	101
じゅく	塾	126	190	37
じゅけん	受験	111	190	101
じゅん	順	111	190	39
じゅん	順	111	190	120
じゅんび	準備	158	190	101
じゅーす	ジュース	142	190	37
じゆう	自由	444	190	120
じゆうがおか	自由が丘	126	190	37
じょう	上	555	190	75
じょうい	上位	253	190	37
じょうきゃく	乗客	111	190	37
じょうきょう	状況	619	190	37
じょうけん	条件	428	190	37
じょうず	上手	111	190	120
じょうたい	状態	682	190	37
じょうほう	情報	825	190	37
じょし	女子	111	190	37
じょじょに	徐々に	349	190	61
じょせい	女性	730	190	37
じりじり	ジリジリ	142	190	55
じりつ	自立	158	190	101
じろじろ	じろじろ	158	190	61
じわじわ	じわじわ	174	190	61
じんこう	人口	158	190	37
じんざい	人材	158	190	37
じんじゃ	神社	126	190	37
じんせい	人生	523	190	37
じんぶつ	人物	174	190	37
じーんず	ジーンズ	126	190	37
すいぶん	水分	142	190	37
すいません	すいません	238	190	66
すいみん	睡眠	111	190	101
すいよう	水曜	269	190	37
すいようび	水曜日	285	190	37
すう	数	238	190	84
すうじ	数字	412	190	37
すえ	末	174	190	39
すかーと	スカート	158	190	37
すかーふ	スカーフ	111	190	37
すがお	素顔	111	190	37
すがた	姿	492	190	37
すき	好き	571	190	120
すき	すき	95	190	37
すき	隙	95	190	37
すきま	隙間	126	190	37
すきー	スキー	158	190	101
すぎ	過ぎ	142	190	94
すぎ	すぎ	95	190	291
すぎ	杉	95	190	37
すぎる	すぎる	95	190	161
すくい	救い	95	190	37
すくすく	すくすく	95	190	61
すくない	少ない	460	190	152
すくりーん	スクリーン	111	190	37
すぐ	すぐ	619	190	60
すぐ	直ぐ	142	190	60
すぐ	直ぐ	142	190	63
すぐれ	優れ	95	190	94
すぐれた	優れた	95	190	151
すけ	助	142	190	37
すけ	透け	95	190	94
すけじゅーる	スケジュール	206	190	101
すけっと	助っ人	111	190	37
すこし	少し	650	190	63
すこしも	少しも	111	190	58
すごい	すごい	444	190	152
すごい	凄い	126	190	152
すごく	すごく	333	190	173
すごく	凄く	111	190	173
すさまじい	凄まじい	158	190	152
すし	寿司	158	190	37
すじ	筋	174	190	37
すすむ	進む	126	190	161
すすめ	進め	158	190	95
すすめ	勧め	95	190	95
すすめ	薦め	95	190	95
すず	鈴	95	190	37
すずか	鈴鹿	142	190	37
すずめ	雀	95	190	37
すそ	裾	174	190	37
すたいる	スタイル	365	190	37
すたじお	スタジオ	126	190	37
すたっふ	スタッフ	428	190	37
すたー	スター	253	190	37
すたーと	スタート	396	190	101
すっかり	すっかり	476	190	61
すっきり	すっきり	317	190	55
すて	捨て	126	190	95
すてき	素敵	428	190	120
すでに	すでに	555	190	46
すでに	既に	523	190	46
すと	スト	95	190	101
すとあ	ストア	95	190	37
すとれす	ストレス	349	190	37
すとーぶ	ストーブ	111	190	37
すな	砂	142	190	37
すなお	素直	253	190	121
すながわ	砂川	95	190	37
すにーかー	スニーカー	174	190	37
すはだ	素肌	95	190	37
すばらしい	素晴らしい	285	190	152
すばらしい	すばらしい	158	190	152
すばらしく	素晴らしく	158	190	173
すぴーど	スピード	412	190	37
すぷーん	スプーン	158	190	37
すべて	全て	603	190	63
すぺいん	スペイン	317	190	37
すぺーす	スペース	269	190	37
すぽーつ	スポーツ	301	190	101
すまい	住まい	158	190	37
すまいる	スマイル	111	190	37
すみ	隅	142	190	37
すみ	炭	126	190	37
すみ	済み	95	190	37
すみません	すみません	380	190	37
すみません	すみません	380	190	66
すむーず	スムーズ	174	190	120
すもう	相撲	158	190	37
すらんぷ	スランプ	158	190	37
すりっぱ	スリッパ	142	190	37
する	する	587	190	161
すれすれ	すれすれ	142	190	123
すれば	すれば	158	190	215
すわり	座り	111	190	39
すんなり	すんなり	190	190	61
すーつ	スーツ	158	190	37
すーつけーす	スーツケース	126	190	37
すーぱー	スーパー	396	190	37
すーぱー	スーパー	396	190	75
すーぷ	スープ	158	190	37
ずいぶん	ずいぶん	873	190	55
ずうずうしい	図々しい	142	190	152
ずし	逗子	301	190	37
ずっと	ずっと	1000	190	54
ずつう	頭痛	539	190	37
ずのう	頭脳	444	190	37
ずばずば	ズバズバ	142	190	61
ずばっ	ズバッ	0	190	61
ずばぬけ	ずば抜け	126	190	94
ずぼし	図星	15	190	37
ずぼん	ズボン	507	190	37
ずみ	済み	47	190	39
ずる	ずる	158	190	78
ずる	ズル	15	190	78
ずれ	ズレ	380	190	37
せい	せい	412	190	37
せいか	成果	142	190	37
せいかい	正解	253	190	101
せいかく	性格	428	190	37
せいかく	正確	126	190	120
せいかつ	生活	746	190	101
せいき	世紀	142	190	37
せいきゅう	請求	238	190	101
せいぎょ	制御	126	190	101
せいげん	制限	412	190	101
せいこう	成功	492	190	101
せいさく	政策	142	190	37
せいさん	生産	253	190	101
せいしつ	性質	142	190	37
せいしん	精神	253	190	37
せいじ	政治	111	190	37
せいじつ	誠実	126	190	120
せいじょう	正常	365	190	120
せいせき	成績	698	190	37
せいぞう	製造	158	190	101
せいちょう	成長	301	190	101
せいと	生徒	396	190	41
せいど	制度	444	190	37
せいねん	青年	126	190	37
せいのう	性能	142	190	37
せいひん	製品	666	190	37
せいび	整備	158	190	101
せいふ	政府	206	190	37
せいぶつ	生物	111	190	37
せいぶん	成分	111	190	37
せいめい	生命	111	190	37
せいり	整理	174	190	101
せいりつ	成立	142	190	101
せいれき	西暦	95	190	37
せかい	世界	920	190	37
せかせか	せかせか	95	190	54
せき	席	253	190	37
せき	席	253	190	80
せき	咳	126	190	37
せき	籍	95	190	37
せきたん	石炭	111	190	37
せきにん	責任	460	190	37
せきめん	赤面	95	190	101
せきゅりてぃ	セキュリティ	142	190	37
せきゆ	石油	206	190	37
せくしー	セクシー	174	190	120
せくはら	セクハラ	126	190	101
せけん	世間	190	190	37
せた	瀬田	111	190	37
せだい	世代	222	190	80
せっかく	せっかく	460	190	58
せっきょくてき	積極的	333	190	120
せっきん	接近	111	190	101
せっけい	設計	238	190	101
せっち	設置	206	190	101
せってい	設定	349	190	101
せってん	接点	95	190	37
せっと	セット	301	190	101
せっとく	説得	111	190	101
せつぞく	接続	238	190	101
せつだん	切断	95	190	101
せつに	切に	111	190	61
せつび	設備	206	190	101
せつめい	説明	555	190	101
せつりつ	設立	222	190	101
せなか	背中	174	190	37
せばめ	狭め	158	190	95
せぶんいれぶん	セブンイレブン	174	190	37
せみなー	セミナー	190	190	37
せめ	攻め	158	190	94
せめ	責め	142	190	37
せめ	責め	142	190	94
せり	競り	111	190	37
せりふ	台詞	158	190	37
せろん	世論	174	190	37
せわ	世話	206	190	101
せん	先	730	190	37
せん	線	158	190	37
せん	選	111	190	39
せん	選	111	190	80
せんきょ	選挙	222	190	101
せんげつ	先月	285	190	37
せんげん	宣言	126	190	101
せんさい	繊細	95	190	121
せんしゅ	選手	539	190	37
せんしゅう	先週	587	190	37
せんじつ	先日	619	190	37
せんせい	先生	714	190	37
せんせい	先生	714	190	44
せんそう	戦争	206	190	101
せんたく	選択	253	190	101
せんたく	洗濯	111	190	101
せんたー	センター	396	190	37
せんち	センチ	126	190	120
せんとう	先頭	111	190	37
せんぱい	先輩	111	190	42
せんもん	専門	349	190	37
せんよう	専用	142	190	101
せんりゃく	戦略	269	190	37
せーたー	セーター	158	190	37
せーる	セール	174	190	101
ぜい	税	190	190	37
ぜいかん	税関	111	190	37
ぜいきん	税金	412	190	37
ぜいこみ	税込	15	190	37
ぜいたく	贅沢	269	190	121
ぜぜ	膳所	0	190	37
ぜっく	絶句	95	190	101
ぜっけん	ゼッケン	15	190	37
ぜっこう	絶好	317	190	120
ぜっさん	絶賛	95	190	101
ぜったい	絶対	587	190	101
ぜったい	絶対	587	190	120
ぜつだい	絶大	158	190	120
ぜつぼう	絶望	158	190	101
ぜつめつ	絶滅	15	190	101
ぜに	銭	158	190	37
ぜひ	ぜひ	650	190	63
ぜひ	是非	619	190	63
ぜびお	ゼビオ	111	190	37
ぜみ	ゼミ	174	190	37
ぜみなーる	ゼミナール	15	190	37
ぜん	全	809	190	81
ぜん	前	634	190	68
ぜん	全	428	190	37
ぜん	禅	15	190	37
ぜん	膳	0	190	80
ぜんいん	全員	555	190	37
ぜんかい	前回	539	190	37
ぜんかい	全快	31	190	101
ぜんぎょう	善行	0	190	37
ぜんこく	全国	587	190	37
ぜんご	前後	460	190	101
ぜんしん	全身	349	190	37
ぜんじつ	前日	603	190	37
ぜんぜん	全然	777	190	54
ぜんたい	全体	714	190	37
ぜんにっくう	全日空	95	190	37
ぜんはん	前半	492	190	37
ぜんはん	前半	492	190	39
ぜんぶ	全部	682	190	37
ぜんべい	全米	111	190	37
ぜんめつ	全滅	15	190	101
ぜんりょく	全力	349	190	37
ぜんれい	前例	15	190	37
そいつ	そいつ	174	190	42
そう	そう	666	190	62
そういう	そういう	523	190	161
そうこう	走行	95	190	101
そうご	相互	95	190	37
そうごう	総合	95	190	101
そうさ	操作	95	190	101
そうさく	創作	95	190	101
そうしん	送信	95	190	101
そうじ	掃除	95	190	101
そうそう	そうそう	238	190	66
そうぞう	創造	95	190	101
そうぞう	想像	95	190	101
そうだん	相談	95	190	101
そうち	装置	111	190	101
そうちょう	早朝	95	190	37
そうどう	騒動	95	190	101
そうなん	遭難	95	190	101
そうば	相場	285	190	37
そうむ	総務	95	190	37
そうりょう	送料	95	190	37
そえ	添え	174	190	95
そが	蘇我	158	190	37
そく	即	158	190	58
そくじつ	即日	142	190	37
そくてい	測定	111	190	101
そくとう	即答	95	190	101
そくど	速度	158	190	37
そくばく	束縛	95	190	101
そくほう	速報	95	190	101
そこ	そこ	603	190	38
そこ	底	142	190	37
そこく	祖国	95	190	37
そこそこ	そこそこ	158	190	123
そこで	そこで	571	190	67
そざい	素材	269	190	37
そし	阻止	126	190	101
そしき	組織	174	190	101
そしたら	そしたら	333	190	67
そしつ	素質	142	190	37
そして	そして	634	190	67
そしょう	訴訟	142	190	101
そそぎ	注ぎ	126	190	37
そだち	育ち	126	190	37
そだて	育て	174	190	95
そち	措置	158	190	101
そちら	そちら	190	190	38
そっ	そっ	95	190	61
そっくす	ソックス	111	190	37
そっくり	そっくり	142	190	123
そっこく	即刻	126	190	52
そっち	そっち	158	190	38
そっちょく	率直	142	190	121
そつぎょう	卒業	190	190	101
そで	袖	174	190	37
そと	外	349	190	37
そとがわ	外側	158	190	37
そとまわり	外回り	111	190	37
そなえ	備え	158	190	95
そね	曽根	142	190	37
その	その	1000	190	65
そのうち	そのうち	301	190	37
そのご	その後	460	190	37
そのた	その他	444	190	37
そのだ	園田	95	190	37
そのへん	その辺	111	190	37
そのほか	その他	444	190	37
そのまま	そのまま	428	190	287
そば	そば	174	190	37
そふぁー	ソファー	142	190	37
そふと	ソフト	428	190	120
そふとうぇあ	ソフトウェア	174	190	37
そふまっぷ	ソフマップ	95	190	37
そまつ	粗末	174	190	120
そめ	染め	174	190	95
そら	空	222	190	37
それ	それ	809	190	38
それ	それ	460	190	66
それから	それから	476	190	67
それだけ	それだけ	333	190	243
それっきり	それっきり	95	190	61
それで	それで	460	190	255
それでは	それでは	507	190	224
それでも	それでも	539	190	67
それとも	それとも	428	190	67
それなのに	それなのに	222	190	67
それに	それに	492	190	67
それにしても	それにしても	444	190	222
それほど	それほど	365	190	233
それら	それら	365	190	37
そろ	ソロ	158	190	37
そろえ	揃え	142	190	95
そろそろ	そろそろ	396	190	46
そん	損	142	190	101
そん	損	142	190	120
そんがい	損害	126	190	101
そんざい	存在	333	190	101
そんな	そんな	650	190	125
そんな	そんな	396	190	120
そーす	ソース	158	190	37
そーせーじ	ソーセージ	158	190	37
ぞう	像	523	190	37
ぞう	象	476	190	37
ぞう	増	269	190	39
ぞう	雑	0	190	37
ぞうか	増加	984	190	101
ぞうき	臓器	492	190	37
ぞうしき	雑色	0	190	37
ぞく	俗	603	190	120
ぞく	続	444	190	37
ぞく	属	380	190	101
ぞく	賊	15	190	37
ぞくぞく	ぞくぞく	412	190	54
ぞっ	ゾッ	0	190	61
ぞっこう	続行	317	190	101
ぞんぶん	存分	619	190	61
た	他	571	190	37
たい	体	444	190	80
たいおう	対応	333	190	101
たいかい	大会	253	190	37
たいしょう	対象	365	190	37
たいせい	体制	111	190	37
たいせつ	大切	412	190	121
たいど	態度	111	190	37
たいぷ	タイプ	206	190	101
たいへん	大変	507	190	120
たいほ	逮捕	111	190	101
たいむ	タイム	238	190	37
たいりょう	大量	111	190	120
たうん	タウン	174	190	37
たえ	耐え	158	190	95
たえ	絶え	142	190	95
たえず	絶えず	174	190	61
たおる	タオル	174	190	37
たおれ	倒れ	158	190	94
たか	高	206	190	76
たかい	高い	444	190	152
たかさ	高さ	142	190	37
たかさ	高さ	142	190	282
たからづか	宝塚	126	190	37
たがいに	互いに	126	190	61
たき	滝	174	190	37
たくさん	たくさん	634	190	123
たくしー	タクシー	158	190	37
たくみ	巧み	126	190	120
たけ	竹	158	190	37
たけ	丈	126	190	37
たけ	岳	126	190	37
たさき	田崎	142	190	37
たしか	確か	523	190	123
たしか	たしか	158	190	120
たしょう	多少	380	190	63
たすう	多数	285	190	37
たすけ	助け	174	190	95
たたかい	戦い	111	190	37
ただ	ただ	682	190	58
ただいま	ただいま	142	190	63
ただいま	只今	142	190	63
ただし	但し	380	190	67
ただしい	正しい	126	190	152
たちかわ	立川	158	190	37
たちば	立場	190	190	37
たっせい	達成	158	190	101
たっぷり	たっぷり	158	190	63
たつ	龍	158	190	37
たつ	竜	142	190	37
たつじん	達人	158	190	41
たて	立て	158	190	94
たて	縦	158	190	37
たてもの	建物	190	190	37
たとえば	例えば	460	190	67
たな	棚	158	190	37
たなべ	田辺	142	190	37
たに	谷	158	190	37
たにん	他人	174	190	37
たね	種	174	190	37
たのしい	楽しい	428	190	152
たのしく	楽しく	285	190	173
たのしみ	楽しみ	412	190	120
たのしめ	楽しめ	142	190	150
たのしめる	楽しめる	111	190	161
たば	束	126	190	80
たばこ	タバコ	174	190	37
たばすこ	タバスコ	111	190	37
たび	旅	174	190	101
たびたび	度々	158	190	61
たぶん	多分	365	190	63
たぶん	たぶん	349	190	63
たべ	食べ	253	190	95
たべた	食べた	142	190	151
たべて	食べて	285	190	180
たべもの	食べ物	158	190	37
たべる	食べる	142	190	161
たま	玉	126	190	37
たまご	卵	142	190	37
たましい	魂	142	190	37
たまたま	たまたま	158	190	60
たまには	たまには	158	190	61
たまらない	たまらない	126	190	152
ため	ため	507	190	284
ためし	試し	174	190	162
たより	頼り	158	190	37
たより	便り	142	190	37
たり	たり	158	190	202
たりょう	多量	142	190	120
たる	樽	174	190	80
たるみ	垂水	126	190	37
たれんと	タレント	174	190	37
たわー	タワー	174	190	37
たんい	単位	142	190	37
たんご	単語	111	190	37
たんじゅん	単純	158	190	120
たんじょう	誕生	111	190	101
たんじょうび	誕生日	142	190	37
たんとう	担当	142	190	101
たんなる	単なる	222	190	64
たんに	単に	253	190	54
だい	第	650	190	81
だい	台	111	190	80
だい	大	47	190	40
だいいち	第一	238	190	63
だいえっと	ダイエット	349	190	101
だいえー	ダイエー	222	190	37
だいがく	大学	539	190	37
だいきん	代金	95	190	37
だいけい	台形	15	190	37
だいこうひょう	大好評	79	190	120
だいこくばしら	大黒柱	15	190	37
だいこん	大根	95	190	37
だいしょう	大小	15	190	37
だいじ	大事	444	190	121
だいじょうぶ	大丈夫	412	190	121
だいじょうぶです	大丈夫です	15	190	138
だいすき	大好き	476	190	120
だいすきです	大好きです	15	190	138
だいず	大豆	95	190	37
だいたい	だいたい	492	190	63
だいたん	大胆	95	190	120
だいだい	代々	15	190	63
だいち	大地	95	190	37
だいとうりょう	大統領	111	190	41
だいどころ	台所	95	190	37
だいなし	台無し	31	190	120
だいに	第二	15	190	37
だいひょう	代表	317	190	101
だいぶ	だいぶ	428	190	61
だいぶつ	大仏	15	190	37
だいまる	大丸	15	190	37
だいめい	題名	15	190	37
だいや	ダイヤ	15	190	37
だいやもんど	ダイヤモンド	15	190	37
だいり	代理	15	190	101
だいわ	大和	95	190	37
だうん	ダウン	158	190	101
だか	高	15	190	39
だから	だから	650	190	67
だが	だが	619	190	214
だきしめ	抱きしめ	142	190	95
だきょう	妥協	174	190	101
だけ	だけ	206	190	243
だけど	だけど	571	190	67
だげき	打撃	158	190	101
だし	出し	349	190	37
だした	出した	333	190	151
だして	出して	333	190	180
だす	出す	174	190	161
だっこ	抱っこ	111	190	101
だっしゅ	ダッシュ	142	190	101
だっしゅつ	脱出	142	190	101
だっすい	脱水	95	190	101
だっせん	脱線	126	190	101
だった	だった	158	190	151
だったら	だったら	412	190	133
だって	だって	587	190	66
だって	だって	380	190	213
だつぼう	脱帽	158	190	101
だつもう	脱毛	158	190	101
だつりょく	脱力	111	190	37
だて	伊達	174	190	37
だてに	だてに	142	190	61
だとう	妥当	142	190	120
だまし	騙し	142	190	37
だむ	ダム	174	190	37
だめ	ダメ	444	190	120
だめ	だめ	269	190	120
だめ	駄目	206	190	120
だめです	だめです	15	190	138
だめーじ	ダメージ	142	190	37
だらけ	だらけ	95	190	39
だらけ	だらけ	95	190	94
だらだら	だらだら	174	190	55
だる	だる	15	190	78
だるい	だるい	174	190	152
だるく	だるく	142	190	173
だれ	誰	619	190	42
だれ	だれ	412	190	42
だれ	だれ	15	190	37
だれ	だれ	15	190	94
だれか	誰か	555	190	37
だれか	誰か	555	190	230
だろう	だろう	15	190	148
だん	団	95	190	37
だん	段	95	190	80
だん	談	15	190	102
だんかい	段階	174	190	37
だんかい	段階	174	190	80
だんけつ	団結	15	190	101
だんし	男子	111	190	37
だんじょ	男女	365	190	41
だんす	ダンス	111	190	101
だんせい	男性	507	190	37
だんたい	団体	380	190	37
だんだん	だんだん	460	190	49
だんち	団地	95	190	37
だんな	旦那	126	190	37
だんねん	断念	95	190	101
だんぼう	暖房	95	190	101
だんぼーる	段ボール	95	190	37
ち	地	380	190	37
ちあん	治安	174	190	37
ちい	地位	158	190	37
ちいき	地域	587	190	37
ちいさい	小さい	365	190	152
ちいさな	小さな	666	190	64
ちぇっく	チェック	444	190	101
ちえ	知恵	174	190	37
ちか	地下	206	190	37
ちか	近	111	190	76
ちかい	近い	476	190	152
ちかく	近く	460	190	173
ちかごろ	近頃	142	190	63
ちかてつ	地下鉄	190	190	37
ちから	力	650	190	37
ちがい	違い	412	190	37
ちがって	違って	111	190	180
ちきゅう	地球	365	190	37
ちきん	チキン	158	190	37
ちく	地区	206	190	37
ちく	築	126	190	37
ちけっと	チケット	333	190	37
ちこく	遅刻	190	190	101
ちしき	知識	507	190	37
ちじょう	地上	174	190	37
ちじん	知人	174	190	41
ちず	地図	174	190	37
ちち	父	619	190	42
ちち	乳	126	190	37
ちちおや	父親	317	190	37
ちてき	知的	174	190	120
ちと	ちと	174	190	63
ちとせ	千歳	158	190	37
ちなみに	ちなみに	634	190	67
ちのう	知能	174	190	37
ちば	千葉	174	190	37
ちほう	地方	539	190	37
ちぼり	チボリ	142	190	37
ちめい	地名	158	190	37
ちゃ	茶	269	190	37
ちゃっと	チャット	126	190	101
ちゃん	ちゃん	95	190	44
ちゃんす	チャンス	492	190	37
ちゃんと	ちゃんと	603	190	252
ちゃんねる	チャンネル	111	190	37
ちゃーと	チャート	142	190	37
ちゅう	中	793	190	39
ちゅう	宙	111	190	37
ちゅう	注	111	190	101
ちゅうい	注意	777	190	101
ちゅうおう	中央	333	190	37
ちゅうかん	中間	111	190	37
ちゅうがく	中学	111	190	37
ちゅうがくせい	中学生	95	190	41
ちゅうがっこう	中学校	95	190	37
ちゅうがっこう	中学校	95	190	39
ちゅうこ	中古	111	190	37
ちゅうこく	忠告	111	190	101
ちゅうごく	中国	285	190	37
ちゅうし	中止	126	190	101
ちゅうしゃ	駐車	222	190	101
ちゅうしゃじょう	駐車場	206	190	37
ちゅうしょく	昼食	111	190	37
ちゅうしん	中心	714	190	37
ちゅうじゅん	中旬	111	190	37
ちゅうじゅん	中旬	111	190	39
ちゅうせん	抽選	396	190	101
ちゅうだん	中断	111	190	101
ちゅうねん	中年	111	190	37
ちゅうもく	注目	460	190	101
ちゅうもん	注文	428	190	101
ちゅうりつ	中立	95	190	101
ちゅーりっぷ	チューリップ	95	190	37
ちょう	超	428	190	68
ちょう	町	380	190	80
ちょう	超	380	190	61
ちょう	腸	95	190	37
ちょうき	長期	238	190	37
ちょうさ	調査	444	190	101
ちょうし	調子	365	190	37
ちょうせい	調整	285	190	101
ちょうせん	挑戦	206	190	101
ちょうど	ちょうど	539	190	61
ちょうど	ちょうど	539	190	63
ちょうなん	長男	111	190	42
ちょくご	直後	222	190	37
ちょくせつ	直接	650	190	63
ちょくせん	直線	333	190	37
ちょくぜん	直前	111	190	37
ちょっと	ちょっと	873	190	63
ちよだ	千代田	158	190	37
ちらし	チラシ	158	190	37
ちらほら	ちらほら	174	190	54
ちり	地理	142	190	37
ちりょう	治療	190	190	101
ちん	珍	126	190	120
ちんぎん	賃金	174	190	37
ちんたい	賃貸	158	190	101
ちんもく	沈黙	142	190	101
ちーず	チーズ	158	190	37
ちーむ	チーム	428	190	37
っす	っす	396	190	145
って	って	952	190	213
っていう	っていう	619	190	161
っていうか	っていうか	0	190	230
っぱなし	っぱなし	31	190	291
っぽい	っぽい	15	190	152
つあー	ツアー	444	190	101
ついか	追加	380	190	101
ついたち	１日	650	190	37
ついつい	ついつい	428	190	61
ついて	ついて	111	190	206
ついでに	ついでに	492	190	54
ついに	ついに	619	190	46
ついに	遂に	301	190	46
つうか	通貨	158	190	37
つうきん	通勤	126	190	101
つうしん	通信	587	190	101
つうじ	通じ	238	190	94
つうじょう	通常	698	190	37
つうはん	通販	412	190	37
つえ	杖	174	190	37
つかい	使い	285	190	37
つかいかた	使い方	444	190	37
つかう	使う	333	190	161
つかった	使った	380	190	151
つかって	使って	396	190	180
つかまえ	捕まえ	95	190	95
つかもと	塚本	95	190	37
つかれ	疲れ	317	190	94
つかれた	疲れた	111	190	151
つかれて	疲れて	111	190	161
つかれる	疲れる	95	190	161
つき	月	507	190	37
つき	付き	126	190	39
つき	尽き	95	190	94
つき	着き	95	190	162
つき	突き	95	190	37
つきしま	月島	95	190	37
つきじ	築地	95	190	37
つぎ	次	825	190	37
つぎ	継ぎ	111	190	37
つぎつぎ	次々	539	190	61
つく	着く	301	190	161
つくえ	机	285	190	37
つくった	作った	412	190	151
つくって	作って	428	190	180
つくり	作り	126	190	37
つくり	造り	95	190	37
つくりかた	作り方	206	190	37
つくる	作る	142	190	161
つけ	付け	222	190	95
つける	つける	142	190	161
つげ	告げ	126	190	95
つごう	都合	380	190	101
つたえ	伝え	285	190	95
つたえて	伝えて	158	190	180
つだ	津田	95	190	37
つだぬま	津田沼	95	190	37
つち	土	333	190	37
つちうら	土浦	126	190	37
つつ	筒	95	190	37
つつみ	包み	95	190	37
つづき	続き	174	190	120
つづく	続く	158	190	161
つづける	続ける	111	190	161
つづり	綴り	95	190	37
つな	綱	111	190	37
つね	常	142	190	37
つねに	常に	619	190	61
つの	角	174	190	37
つばき	椿	158	190	37
つばさ	翼	174	190	37
つばさ	つばさ	142	190	37
つぶ	粒	174	190	80
つぶ	つぶ	111	190	37
つぶれ	潰れ	126	190	94
つぼ	ツボ	174	190	37
つぼ	坪	158	190	80
つま	妻	571	190	37
つまみ	つまみ	126	190	37
つまらない	つまらない	158	190	152
つまり	つまり	761	190	58
つみ	罪	285	190	120
つめ	爪	158	190	37
つめ	詰め	158	190	95
つめたい	冷たい	190	190	152
つもり	つもり	126	190	289
つや	艶	174	190	37
つゆ	梅雨	222	190	37
つゆ	露	158	190	46
つよい	強い	571	190	152
つよがり	強がり	95	190	37
つよき	強気	142	190	120
つよめ	強め	142	190	37
つら	面	444	190	37
つらい	つらい	174	190	152
つり	釣り	253	190	37
つり	吊り	111	190	37
つりー	ツリー	158	190	37
つる	弦	142	190	37
つる	鶴	142	190	37
つるぎ	剣	174	190	37
つるつる	ツルツル	126	190	63
つれ	連れ	206	190	94
つれて	連れて	142	190	180
つんつん	ツンツン	126	190	63
つーる	ツール	365	190	37
づかれ	疲れ	15	190	39
づくり	づくり	365	190	101
づとめ	勤め	15	190	39
て	手	444	190	39
てあし	手足	174	190	37
てあらい	手洗い	142	190	101
てぃっしゅ	ティッシュ	111	190	37
てぃー	ティー	111	190	37
ていあん	提案	206	190	101
ていいん	定員	95	190	37
ていおん	低温	95	190	37
ていか	定価	95	190	37
ていがくねん	低学年	95	190	37
ていき	定期	111	190	37
ていきょう	提供	523	190	101
ていこく	帝国	95	190	37
ていし	停止	111	190	101
ていしゅつ	提出	142	190	101
ていしょく	定食	95	190	37
ていせい	訂正	95	190	101
ていど	程度	142	190	37
ていねい	丁寧	269	190	120
ていねん	定年	95	190	37
ていばん	定番	111	190	37
ていれ	手入れ	95	190	101
てがた	手形	158	190	37
てがみ	手紙	238	190	37
てがる	手軽	158	190	120
てき	的	238	190	120
てき	敵	174	190	37
てきかく	的確	95	190	120
てきしゅつ	摘出	95	190	101
てきすと	テキスト	285	190	37
てきせつ	適切	158	190	120
てきちゅう	的中	142	190	101
てきとう	適当	396	190	120
てきとう	適当	158	190	101
てきど	適度	126	190	120
てきぱき	てきぱき	95	190	63
てきめん	てきめん	95	190	120
てきよう	適用	142	190	101
てきりょう	適量	79	190	37
てくてく	てくてく	111	190	63
てくび	手首	126	190	37
てぐち	手口	142	190	37
てごたえ	手応え	158	190	37
てざわり	手触り	158	190	37
てすうりょう	手数料	158	190	37
てすと	テスト	396	190	101
てちょう	手帳	174	190	37
てっかい	撤回	95	190	101
てっきょ	撤去	95	190	101
てっきり	てっきり	142	190	61
てっく	テック	142	190	37
てっしゅう	撤収	95	190	101
てったい	撤退	142	190	101
てってい	徹底	174	190	101
てっぱい	撤廃	95	190	101
てっぱん	鉄板	111	190	37
てっぺん	てっぺん	95	190	37
てっぽう	鉄砲	111	190	37
てつ	鉄	158	190	37
てつだい	手伝い	126	190	37
てつづき	手続き	190	190	101
てつどう	鉄道	190	190	37
てづくり	手作り	174	190	101
てにす	テニス	190	190	101
てのひら	手のひら	174	190	37
てはい	手配	174	190	101
てぶくろ	手袋	174	190	37
てま	手間	174	190	37
てまねき	手招き	126	190	101
てら	寺	174	190	37
てらだ	寺田	158	190	37
てり	照り	142	190	37
てれ	照れ	95	190	94
てれび	テレビ	619	190	37
てれや	照れ屋	95	190	37
てん	点	349	190	80
てん	店	317	190	39
てん	天	190	190	37
てん	典	79	190	37
てんいん	店員	111	190	41
てんかい	展開	523	190	101
てんき	天気	396	190	37
てんこう	天候	95	190	37
てんごく	天国	95	190	37
てんさい	天才	95	190	37
てんし	天使	95	190	37
てんしょく	転職	111	190	101
てんしょん	テンション	95	190	37
てんじ	展示	126	190	101
てんじょう	天井	95	190	37
てんじん	天神	95	190	37
てんすう	点数	95	190	37
てんと	テント	95	190	37
てんない	店内	95	190	37
てんねん	天然	142	190	37
てんのう	天皇	111	190	37
てんぷ	添付	95	190	101
てんぽ	店舗	333	190	37
てーぶる	テーブル	333	190	37
てーぷ	テープ	174	190	37
てーま	テーマ	476	190	37
で	出	539	190	95
であい	出会い	476	190	37
であい	出逢い	142	190	37
でぃあもーる	ディアモール	0	190	37
でぃすかうんと	ディスカウント	95	190	101
でぃずにー	ディズニー	126	190	37
でぃずにーしー	ディズニーシー	79	190	37
でぃずにーらんど	ディズニーランド	111	190	37
でぃなー	ディナー	95	190	37
でい	デイ	158	190	37
でいと	デイト	111	190	101
でいりー	デイリー	158	190	37
でおくれ	出遅れ	174	190	94
でおでお	デオデオ	142	190	37
でかける	出かける	142	190	161
でかでか	でかでか	79	190	63
でき	出来	507	190	94
できごと	出来事	428	190	37
できない	できない	95	190	155
できなかった	できなかった	95	190	151
できません	できません	95	190	150
できる	できる	492	190	161
できれば	できれば	95	190	215
でぐち	出口	174	190	37
でざいん	デザイン	444	190	101
でざーと	デザート	158	190	37
でし	弟子	142	190	37
でした	でした	95	190	151
でしょう	でしょう	126	190	147
でじかめ	デジカメ	380	190	37
です	です	253	190	138
ですか	ですか	15	190	230
ですが	ですが	539	190	67
ですが	ですが	476	190	214
ですく	デスク	126	190	37
ですね	ですね	15	190	268
でだし	出だし	142	190	37
でて	出て	380	190	180
でと	出戸	0	190	37
でない	出ない	174	190	155
でにむ	デニム	158	190	37
でにーず	デニーズ	142	190	37
では	では	619	190	224
では	では	460	190	67
ではいり	出入り	158	190	101
でばん	出番	158	190	37
でぱーと	デパート	238	190	37
でびゅー	デビュー	269	190	101
でまえ	出前	126	190	101
でまちやなぎ	出町柳	79	190	37
でむかえ	出迎え	174	190	94
でめりっと	デメリット	174	190	37
でも	でも	650	190	221
でも	でも	476	190	67
でやしき	出屋敷	0	190	37
でる	出る	285	190	161
でん	伝	95	190	37
でんえん	田園	95	190	37
でんか	電化	95	190	37
でんき	電気	396	190	37
でんき	電機	95	190	37
でんき	デンキ	63	190	37
でんげき	電撃	15	190	37
でんげん	電源	269	190	37
でんごん	伝言	15	190	101
でんし	電子	301	190	37
でんしゃ	電車	444	190	37
でんじゅ	伝授	95	190	101
でんせつ	伝説	95	190	37
でんち	電池	126	190	37
でんとう	伝統	285	190	37
でんどう	電動	95	190	37
でんぱ	電波	95	190	37
でんぴょう	伝票	95	190	37
でんりゅう	電流	95	190	37
でんりょく	電力	111	190	37
でんわ	電話	555	190	101
でーた	データ	571	190	37
でーと	デート	460	190	101
という	という	634	190	161
といれ	トイレ	142	190	37
とう	当	269	190	37
とうきょう	東京	523	190	37
とうしょ	当初	269	190	37
とうじ	当時	460	190	37
とうじつ	当日	349	190	37
とうじょう	登場	111	190	101
とうぜん	当然	444	190	63
とうぜん	当然	444	190	123
とうとう	とうとう	111	190	124
とうろく	登録	301	190	101
とおい	遠い	158	190	152
とおく	遠く	158	190	63
とおく	遠く	158	190	173
とおし	通し	142	190	37
とおり	通り	95	190	80
とか	とか	380	190	228
とかい	都会	158	190	37
とき	時	158	190	37
とき	とき	95	190	37
ときどき	時々	301	190	60
ときめき	ときめき	95	190	37
とぎれ	途切れ	95	190	94
とく	得	111	190	101
とく	得	111	190	120
とく	徳	95	190	37
とく	特	95	190	37
とくい	得意	142	190	120
とくがわ	徳川	95	190	37
とくぎ	特技	95	190	37
とくしゅう	特集	126	190	101
とくちょう	特徴	158	190	37
とくてい	特定	95	190	101
とくに	特に	587	190	61
とくに	特に	285	190	259
とくばい	特売	95	190	101
とくべつ	特別	206	190	123
とけ	溶け	158	190	94
とけい	時計	174	190	37
とげ	遂げ	142	190	94
とこ	とこ	158	190	37
とこ	床	142	190	37
ところ	ところ	587	190	37
ところ	所	428	190	37
ところ	処	95	190	37
ところが	ところが	571	190	67
ところざわ	所沢	95	190	37
ところで	ところで	507	190	67
とさ	土佐	158	190	37
とざん	登山	174	190	101
とし	年	174	190	37
とし	都市	158	190	37
としうえ	年上	142	190	37
としした	年下	126	190	37
として	として	126	190	67
としょ	図書	111	190	37
とだ	戸田	158	190	37
とち	土地	158	190	37
とちぎ	栃木	126	190	45
とちゅう	途中	190	190	37
とっきょ	特許	158	190	37
とっくに	とっくに	142	190	61
とっても	とっても	476	190	61
とっぷ	トップ	238	190	37
とつか	戸塚	126	190	37
とつじょ	突如	158	190	47
とつぜん	突然	285	190	123
とても	とても	603	190	46
とどうふけん	都道府県	158	190	37
とどく	届く	142	190	161
とどけ	届け	142	190	95
となえ	唱え	142	190	95
となり	隣	174	190	37
とにかく	とにかく	492	190	67
とびら	扉	174	190	37
とほ	徒歩	158	190	37
とまと	トマト	174	190	37
とみ	富	158	190	37
とみおか	富岡	126	190	37
とめ	止め	174	190	95
とめ	停め	126	190	95
とも	友	142	190	42
とも	とも	111	190	222
ともだち	友達	380	190	42
ともに	共に	158	190	46
ともに	ともに	142	190	46
とやま	富山	158	190	45
とよだ	豊田	126	190	37
とら	虎	126	190	37
とらっく	トラック	158	190	37
とらぶる	トラブル	174	190	37
とり	鳥	158	190	37
とりあえず	とりあえず	444	190	61
とりひき	取引	158	190	101
とる	取る	158	190	161
とる	とる	142	190	161
とんねる	トンネル	158	190	101
とーすと	トースト	111	190	37
とーたる	トータル	158	190	101
とーなめんと	トーナメント	142	190	37
ど	度	95	190	101
ど	土	15	190	37
どあ	ドア	285	190	37
どい	土居	95	190	37
どいつ	ドイツ	396	190	45
どう	どう	1000	190	62
どう	同	746	190	37
どう	道	31	190	39
どう	堂	15	190	37
どう	胴	15	190	37
どう	銅	15	190	37
どうい	同意	15	190	101
どういう	どういう	476	190	65
どうか	どうか	444	190	47
どうかん	同感	15	190	101
どうき	動機	95	190	37
どうき	同期	15	190	101
どうさ	動作	111	190	101
どうし	同士	317	190	41
どうし	同志	15	190	37
どうしたら	どうしたら	15	190	133
どうして	どうして	523	190	206
どうしても	どうしても	492	190	61
どうじ	同時	444	190	37
どうじょう	同情	15	190	101
どうする	どうする	15	190	161
どうせ	どうせ	238	190	54
どうせい	同棲	15	190	101
どうぞ	どうぞ	603	190	46
どうだった	どうだった	15	190	151
どうだろう	どうだろう	15	190	148
どうですか	どうですか	15	190	230
どうどう	堂々	95	190	59
どうにゅう	導入	285	190	101
どうふう	同封	15	190	101
どうぶつ	動物	396	190	37
どうぶつえん	動物園	95	190	37
どうも	どうも	523	190	54
どうやら	どうやら	412	190	237
どうよう	同様	317	190	123
どうよう	動揺	15	190	101
どうらく	道楽	15	190	101
どうろ	道路	396	190	37
どお	どお	15	190	63
どおし	通し	15	190	39
どおり	通り	31	190	37
どおり	通	15	190	39
どきどき	ドキドキ	333	190	63
どきどき	どきどき	15	190	63
どく	毒	95	190	101
どくしょ	読書	126	190	101
どくしん	独身	142	190	37
どくじ	独自	301	190	120
どくせん	独占	111	190	101
どくだん	独断	95	190	101
どくりつ	独立	158	190	101
どけ	どけ	158	190	95
どこ	どこ	714	190	38
どこ	何処	15	190	38
どこか	どこか	555	190	63
どこで	どこで	15	190	255
どこに	どこに	15	190	259
どころ	どころ	126	190	39
どころ	処	15	190	39
どし	年	15	190	39
どちら	どちら	507	190	37
どっか	どっか	158	190	63
どっち	どっち	380	190	38
どなる	怒鳴る	95	190	161
どにち	土日	174	190	37
どの	どの	317	190	39
どの	殿	95	190	39
どのくらい	どのくらい	222	190	37
どめいん	ドメイン	174	190	37
ども	ども	15	190	43
どよう	土曜	158	190	37
どよう	(土)	0	190	33
どようび	土曜日	253	190	37
どらいぶ	ドライブ	158	190	101
どらいぶうぇい	ドライブウェイ	0	190	37
どらっぐ	ドラッグ	79	190	37
どらま	ドラマ	349	190	37
どりょく	努力	380	190	101
どる	ドル	412	190	80
どれ	どれ	571	190	38
どれだけ	どれだけ	158	190	63
どろ	泥	174	190	37
どろぼう	泥棒	158	190	37
どろぼう	どろぼう	15	190	37
どわすれ	度忘れ	158	190	101
どん	ドン	111	190	37
どん	丼	15	190	37
どんかん	鈍感	95	190	120
どんこう	鈍行	15	190	37
どんどん	どんどん	603	190	61
どんな	どんな	714	190	125
どんな	どんな	317	190	120
どーぞ	どーぞ	158	190	46
どーなつ	ドーナツ	111	190	37
どーむ	ドーム	158	190	37
どーも	どーも	158	190	61
ない	ない	174	190	152
ない	内	174	190	39
ないか	内科	142	190	37
ないふ	ナイフ	126	190	37
ないぶ	内部	142	190	37
ないよう	内容	523	190	37
なえ	苗	174	190	37
なお	なお	476	190	67
なお	尚	158	190	67
なおさら	なおさら	142	190	63
なか	中	412	190	37
なかなか	なかなか	634	190	60
なが	長	126	190	153
ながい	長い	317	190	152
ながら	ながら	126	190	198
ながれ	流れ	238	190	37
ながれ	流れ	238	190	94
なき	泣き	158	190	37
なきごえ	泣き声	142	190	37
なく	なく	190	190	173
なく	泣く	126	190	161
なくなった	なくなった	158	190	151
なくなって	なくなって	142	190	180
なければ	なければ	126	190	215
なげ	投げ	174	190	95
なげき	嘆き	111	190	37
なごや	名古屋	238	190	37
なごやか	和やか	142	190	120
なごやか	なごやか	126	190	120
なさけない	情けない	158	190	152
なし	なし	174	190	175
なし	無し	158	190	37
なし	梨	142	190	37
なぜ	なぜ	507	190	56
なぜ	何故	333	190	56
なぞ	謎	174	190	37
なだ	灘	174	190	37
なった	なった	571	190	151
なって	なって	571	190	206
なって	なって	460	190	180
なっとう	納豆	142	190	37
なっとく	納得	142	190	101
なつ	夏	444	190	37
なつかしい	懐かしい	158	190	152
なつやすみ	夏休み	158	190	37
なで	撫で	158	190	95
なでぃあ	ナディア	158	190	37
など	など	873	190	39
なな	七	142	190	37
ななめ	斜め	142	190	120
なに	何	682	190	38
なに	なに	158	190	38
なにか	何か	396	190	63
なにも	何も	603	190	222
なにより	何より	126	190	61
なのに	なのに	253	190	219
なは	那覇	158	190	37
なばり	名張	126	190	37
なびお	ナビオ	111	190	37
なべ	鍋	174	190	37
なべ	なべ	158	190	37
なま	生	158	190	120
なまいき	生意気	126	190	121
なまえ	名前	380	190	37
なみ	並み	158	190	37
なみ	波	158	190	37
なみだ	涙	174	190	101
なめ	なめ	158	190	95
なめ	舐め	126	190	95
なめらか	なめらか	174	190	120
なめらか	滑らか	158	190	120
なやみ	悩み	174	190	37
なら	なら	333	190	39
なら	奈良	142	190	37
ならない	ならない	285	190	155
ならば	ならば	158	190	215
なり	なり	412	190	162
なりた	成田	158	190	37
なります	なります	396	190	145
なる	なる	460	190	161
なるせ	成瀬	126	190	37
なるべく	なるべく	253	190	54
なれ	なれ	174	190	94
なれ	慣れ	158	190	94
なわ	縄	174	190	37
なん	何	666	190	38
なん	なん	476	190	38
なん	何	460	190	37
なんか	なんか	476	190	230
なんか	なんか	444	190	234
なんか	何か	380	190	37
なんかい	何回	142	190	37
なんて	なんて	444	190	61
なんで	なんで	412	190	218
なんで	何で	412	190	55
なんで	なんで	317	190	55
なんと	なんと	460	190	252
なんとか	なんとか	380	190	228
なんとなく	なんとなく	269	190	61
なんど	何度	333	190	37
なんの	何の	365	190	262
に	二	476	190	12
に	似	238	190	94
にあい	似合い	142	190	37
にあう	似合う	142	190	161
にあわない	似合わない	95	190	155
にいがた	新潟	428	190	45
にいさん	兄さん	111	190	44
にえ	煮え	158	190	94
におい	匂い	253	190	37
におい	臭い	158	190	37
にがて	苦手	428	190	120
にがわ	仁川	0	190	37
にがわらい	苦笑い	95	190	101
にき	二木	79	190	37
にぎやか	にぎやか	158	190	121
にぎやか	賑やか	158	190	121
にぎり	握り	111	190	37
にく	肉	428	190	37
にくい	にくい	95	190	152
にくい	憎い	79	190	152
にくい	難い	15	190	152
にくしみ	憎しみ	142	190	37
にくたい	肉体	158	190	37
にけつ	ニケツ	0	190	101
にげ	逃げ	174	190	95
にこにこ	ニコニコ	15	190	59
にこにこ	ニコニコ	15	190	63
にし	西	317	190	37
にしおおじ	西大路	0	190	37
にしき	錦	111	190	37
にしきょうごく	西京極	79	190	37
にしぐち	西口	95	190	37
にしこうえん	西公園	0	190	37
にしさんそう	西三荘	0	190	37
にしなかじま	西中島	0	190	37
にしにっぽん	西日本	142	190	37
にしにほん	西日本	158	190	37
にしのみや	西宮	95	190	37
にしのみや	西ノ宮	0	190	37
にしや	西谷	79	190	37
にじ	虹	95	190	37
にじょう	二条	63	190	37
にち	日	539	190	80
にちかん	日間	0	190	80
にちじ	日時	269	190	37
にちじょう	日常	523	190	37
にちよう	日曜	412	190	37
にちよう	(日)	0	190	33
にちようび	日曜日	444	190	37
にっき	日記	492	190	37
にっくねーむ	ニックネーム	95	190	37
にっこう	日光	238	190	37
にっこう	日航	95	190	37
にっこり	にっこり	95	190	54
にっせい	日生	15	190	37
にってい	日程	349	190	37
にっぽり	日暮里	15	190	37
にっぽん	日本	650	190	37
にっぽんばし	日本橋	95	190	37
にのみや	二宮	158	190	37
にぶん	二文	0	190	37
にほん	日本	666	190	37
にほんばし	日本橋	111	190	37
にもつ	荷物	380	190	37
にゅういん	入院	206	190	101
にゅうえん	入園	95	190	101
にゅうがく	入学	253	190	101
にゅうきん	入金	111	190	101
にゅうし	入試	206	190	37
にゅうしゃ	入社	111	190	101
にゅうじょう	入場	460	190	101
にゅうせき	入籍	95	190	101
にゅうりょく	入力	412	190	101
にゅー	ニュー	301	190	37
にゅーおーたに	ニューオータニ	0	190	37
にゅーす	ニュース	507	190	37
にゅーでいず	NEWDAYS	0	190	37
にわ	庭	365	190	37
にわとり	鶏	158	190	37
にん	任	95	190	37
にん	人	31	190	80
にんき	人気	587	190	37
にんぎょ	人魚	15	190	37
にんぎょう	人形	285	190	37
にんぎょうちょう	人形町	79	190	37
にんげん	人間	603	190	37
にんげんせい	人間性	95	190	37
にんしき	認識	349	190	101
にんしん	妊娠	126	190	101
にんじょう	人情	95	190	37
にんじん	ニンジン	95	190	37
にんじん	人参	95	190	37
にんずう	人数	380	190	37
にんたい	忍耐	95	190	101
にんにく	ニンニク	95	190	37
にんにく	にんにく	79	190	37
ぬいぐるみ	ぬいぐるみ	666	190	37
ぬか	糠	0	190	37
ぬくぬく	ぬくぬく	444	190	61
ぬくもり	温もり	428	190	37
ぬけ	抜け	952	190	94
ぬし	主	714	190	37
ぬすみ	盗み	269	190	37
ぬの	布	746	190	37
ぬま	沼	523	190	37
ぬり	塗り	174	190	39
ぬり	塗	0	190	37
ぬる	ぬる	111	190	78
ぬるまゆ	ぬるま湯	444	190	37
ぬれ	濡れ	460	190	94
ね	寝	444	190	95
ね	根	412	190	37
ねあげ	値上げ	158	190	101
ねぇ	ねぇ	476	190	66
ねぇ	ねぇ	476	190	155
ねえ	ねえ	460	190	66
ねえさん	姉さん	158	190	44
ねがい	願い	380	190	37
ねがい	願い	380	190	100
ねがい	願	158	190	37
ねがい	ねがい	95	190	37
ねがいごと	願い事	111	190	37
ねがいます	願います	95	190	145
ねがう	願う	95	190	161
ねがえ	願え	95	190	150
ねがって	願って	111	190	206
ねぎ	ネギ	174	190	37
ねぎ	葱	0	190	37
ねぎし	根岸	158	190	37
ねぎらい	ねぎらい	142	190	37
ねくたい	ネクタイ	206	190	37
ねこ	猫	587	190	37
ねこ	ねこ	142	190	37
ねじ	ネジ	174	190	37
ねじ	ねじ	158	190	37
ねずみ	ネズミ	174	190	37
ねずみとり	ネズミ取り	0	190	37
ねた	ネタ	571	190	37
ねだん	値段	603	190	37
ねっき	熱気	126	190	37
ねっきょう	熱狂	95	190	101
ねっしん	熱心	380	190	121
ねっちゅう	熱中	95	190	101
ねっと	ネット	650	190	101
ねっとう	熱湯	111	190	37
ねっとわーく	ネットワーク	571	190	37
ねつ	熱	476	190	37
ねつれつ	熱烈	142	190	120
ねて	寝て	190	190	180
ねてる	寝てる	15	190	161
ねぼう	寝坊	158	190	101
ねます	寝ます	142	190	145
ねむ	眠	15	190	78
ねむい	眠い	317	190	152
ねむく	眠く	158	190	173
ねむけ	眠気	142	190	37
ねむた	眠た	15	190	76
ねやがわ	寝屋川	158	190	37
ねやがわし	寝屋川市	174	190	37
ねりま	練馬	0	190	37
ねる	寝る	158	190	161
ねん	年	888	190	80
ねん	ねん	95	190	80
ねんかん	年間	507	190	80
ねんが	年賀	95	190	37
ねんがじょう	年賀状	444	190	37
ねんざ	捻挫	79	190	101
ねんし	年始	412	190	37
ねんしゅつ	捻出	95	190	101
ねんじゅう	年中	349	190	37
ねんせい	年生	15	190	41
ねんだい	年代	333	190	37
ねんだい	年代	333	190	39
ねんど	年度	238	190	37
ねんど	年度	238	190	80
ねんない	年内	285	190	37
ねんのため	念のため	365	190	61
ねんまえ	年前	0	190	39
ねんまつ	年末	523	190	37
ねんれい	年齢	619	190	37
ねんれい	年令	79	190	37
ねー	ねー	15	190	66
ねー	ねー	15	190	155
の	の	0	190	37
のう	脳	539	190	37
のうがくぶ	農学部	15	190	37
のうぎょう	農業	476	190	37
のうりょく	能力	619	190	37
のえ	野江	0	190	37
のき	軒	15	190	37
のぎざか	乃木坂	126	190	37
のこり	残り	555	190	37
のざき	野崎	142	190	37
のせ	載せ	333	190	95
のせ	乗せ	158	190	95
のせぐち	能勢口	0	190	37
のぞく	除く	95	190	161
のぞましい	望ましい	126	190	152
のぞみ	望み	174	190	37
のぞみ	のぞみ	79	190	37
のぞむ	望む	126	190	161
のぞんで	望んで	0	190	161
のために	のために	0	190	259
のだ	野田	174	190	37
のち	後	634	190	37
のち	のち	158	190	37
のちのち	後々	158	190	63
のって	乗って	365	190	180
のって	載って	126	190	180
ので	ので	15	190	218
のとがわ	能登川	0	190	37
のとじま	のとじま	142	190	37
のど	喉	412	190	37
のど	のど	301	190	37
のど	咽	0	190	37
のどか	のどか	142	190	120
のに	のに	15	190	219
のびのび	のびのび	15	190	55
のべ	述べ	285	190	94
のべ	延べ	158	190	94
のぼり	登り	158	190	101
のぼりと	登戸	15	190	37
のみ	飲み	444	190	39
のみ	飲み	444	190	162
のみ	のみ	111	190	242
のみ	ノミ	111	190	37
のみかい	飲み会	349	190	37
のみに	飲みに	15	190	260
のむ	飲む	428	190	161
のり	海苔	142	190	37
のり	のり	126	190	162
のり	糊	95	190	101
のりおり	乗り降り	95	190	101
のりかえ	乗換え	0	190	95
のりもの	乗り物	158	190	37
のる	乗る	333	190	161
のろい	呪い	158	190	37
のん	ノン	571	190	37
のんき	のんき	95	190	120
のんだ	飲んだ	95	190	151
のんで	飲んで	15	190	180
のんびり	のんびり	603	190	55
のーと	ノート	492	190	101
は	葉	190	190	37
はあく	把握	174	190	101
はい	はい	380	190	66
はいけい	背景	301	190	37
はいしん	配信	380	190	101
はいった	入った	253	190	151
はいって	入って	238	190	180
はうす	ハウス	174	190	37
はうすてんぼす	ハウステンボス	142	190	37
はえ	生え	174	190	94
はえ	ハエ	158	190	37
はえ	映え	142	190	94
はえ	栄え	126	190	94
はか	墓	126	190	37
はかい	破壊	174	190	101
はかせ	博士	142	190	37
はがき	ハガキ	158	190	37
はがき	はがき	142	190	37
はくしゅ	拍手	142	190	101
はくじん	白人	142	190	41
はくぶつかん	博物館	174	190	37
はくりょく	迫力	158	190	37
はけん	派遣	158	190	101
はげみ	励み	142	190	37
はこ	箱	158	190	37
はこ	箱	158	190	80
はこね	箱根	158	190	37
はさみ	ハサミ	174	190	37
はさん	破産	142	190	101
はしもと	橋本	126	190	37
はじまり	始まり	111	190	37
はじめ	初め	412	190	37
はじめ	初め	412	190	95
はじめ	始め	142	190	95
はじめ	はじめ	111	190	95
はじめて	初めて	603	190	63
はじめて	はじめて	396	190	63
はじめまして	はじめまして	317	190	37
はじめまして	初めまして	126	190	37
はずれ	ハズレ	142	190	37
はたけ	畑	126	190	37
はだ	肌	285	190	37
はち	八	142	190	19
はち	鉢	142	190	37
はちおうじ	八王子	126	190	37
はっきり	はっきり	539	190	55
はっけん	発見	190	190	101
はっこう	発行	492	190	101
はっせい	発生	206	190	101
はってん	発展	126	190	101
はっぴょう	発表	460	190	101
はつ	初	158	190	37
はつげん	発言	142	190	101
はつばい	発売	333	190	101
はて	果て	142	190	94
はで	派手	174	190	120
はと	鳩	142	190	37
はな	花	523	190	37
はな	鼻	142	190	37
はなし	話	619	190	101
はなし	話し	142	190	112
はなび	花火	158	190	37
はなれ	離れ	126	190	94
はね	羽	158	190	37
はね	羽根	158	190	37
はね	跳ね	126	190	95
はは	母	396	190	42
はば	幅	158	190	37
はばつ	派閥	126	190	37
はぶらし	歯ブラシ	158	190	37
はぷにんぐ	ハプニング	158	190	37
はま	浜	142	190	37
はみがき	歯磨き	174	190	101
はむ	ハム	174	190	37
はむら	羽村	126	190	37
はめつ	破滅	142	190	101
はもの	刃物	174	190	37
はやい	早い	476	190	152
はやく	早く	396	190	173
はやく	早く	333	190	63
はやめ	早め	158	190	94
はら	腹	174	190	37
はら	原	111	190	37
はらじゅく	原宿	142	190	37
はり	針	158	190	37
はり	張り	126	190	37
はる	春	507	190	37
はるか	遥か	142	190	123
はるやすみ	春休み	158	190	37
はれ	晴れ	174	190	94
はれ	腫れ	111	190	94
はれつ	破裂	142	190	101
はれて	晴れて	158	190	61
はんい	範囲	142	190	37
はんしん	阪神	428	190	37
はんだん	判断	317	190	101
はんとし	半年	126	190	37
はんのう	反応	126	190	101
はんばい	販売	476	190	101
はんぶん	半分	285	190	37
はーど	ハード	174	190	120
ば	場	730	190	37
ばあい	場合	507	190	37
ばい	倍	380	190	101
ばいきん	バイ菌	15	190	37
ばいく	バイク	412	190	37
ばいてん	売店	317	190	37
ばいと	バイト	428	190	101
ばいと	バイト	365	190	80
ばいばい	バイバイ	507	190	101
ばか	バカ	444	190	120
ばか	馬鹿	174	190	120
ばかり	ばかり	238	190	39
ばく	(爆)	0	190	33
ばくしょう	爆笑	158	190	101
ばくすい	爆睡	79	190	101
ばくはつ	爆発	206	190	101
ばくろ	暴露	95	190	101
ばくろ	馬喰	0	190	37
ばくろちょう	馬喰町	0	190	37
ばしょ	場所	714	190	37
ばす	バス	682	190	37
ばすてい	バス停	158	190	37
ばたばた	バタバタ	333	190	55
ばちがい	場違い	158	190	120
ばっか	ばっか	0	190	241
ばっかり	ばっかり	95	190	61
ばっきん	罰金	142	190	37
ばっぐ	バッグ	428	190	37
ばっちり	バッチリ	15	190	54
ばつ	罰	174	190	37
ばつぐん	抜群	15	190	120
ばなな	バナナ	238	190	37
ばね	バネ	174	190	37
ばね	ばね	15	190	37
ばめん	場面	555	190	37
ばら	バラ	317	190	37
ばら	薔薇	174	190	37
ばらばら	バラバラ	158	190	123
ばらんす	バランス	571	190	37
ばりばり	バリバリ	253	190	61
ばる	BAL	95	190	37
ばん	晩	476	190	37
ばん	番	301	190	80
ばん	盤	95	190	37
ばん	板	15	190	37
ばんぐみ	番組	603	190	37
ばんごう	番号	539	190	37
ばんごはん	晩御飯	95	190	37
ばんごはん	晩ごはん	0	190	37
ばんざい	万歳	95	190	37
ばんち	番地	111	190	80
ばんど	バンド	523	190	101
ばんのう	万能	111	190	37
ばんぱく	万博	111	190	37
ばんめ	番目	15	190	39
ばー	バー	476	190	37
ばーがー	バーガー	111	190	37
ばーげん	バーゲン	444	190	101
ばーじょん	バージョン	174	190	37
ばーすでー	バースデー	0	190	37
ばーべきゅー	バーベキュー	142	190	101
ぱい	パイ	317	190	37
ぱさぱさ	パサパサ	174	190	61
ぱしふぃこ	パシフィコ	126	190	37
ぱじゃま	パジャマ	269	190	37
ぱす	パス	492	190	101
ぱすた	パスタ	476	190	37
ぱすねっと	パスネット	0	190	37
ぱすぽーと	パスポート	412	190	37
ぱすわーど	パスワード	460	190	37
ぱせお	パセオ	0	190	37
ぱせーら	パセーラ	0	190	37
ぱそこん	パソコン	809	190	101
ぱっく	パック	412	190	101
ぱっけーじ	パッケージ	523	190	101
ぱっせ	パッセ	0	190	37
ぱとかー	パトカー	158	190	37
ぱにっく	パニック	380	190	37
ぱぱ	パパ	539	190	42
ぱらだいす	パラダイス	142	190	37
ぱりみき	パリミキ	0	190	37
ぱるけえすぱーにゃ	パルケ・エスパーニャ	0	190	37
ぱるこ	パルコ	158	190	37
ぱれっと	パレット	15	190	37
ぱわー	パワー	634	190	37
ぱわーず	パワーズ	126	190	37
ぱん	パン	650	190	37
ぱん	班	0	190	39
ぱんく	パンク	126	190	101
ぱんこ	パン粉	95	190	37
ぱんだ	パンダ	301	190	37
ぱんち	パンチ	238	190	101
ぱんつ	パンツ	492	190	37
ぱんふ	パンフ	111	190	37
ぱー	パー	428	190	37
ぱーく	パーク	460	190	37
ぱーせんと	%	412	190	80
ぱーせんと	％	396	190	80
ぱーと	パート	365	190	37
ぱーとなー	パートナー	555	190	37
ぱーま	パーマ	238	190	37
ひ	日	285	190	37
ひ	火	222	190	37
ひえ	冷え	158	190	94
ひえいざん	比叡山	142	190	37
ひかく	比較	142	190	101
ひかり	光	365	190	37
ひがい	被害	174	190	37
ひがし	東	142	190	37
ひくい	低い	174	190	152
ひくめ	低め	142	190	95
ひげ	ひげ	126	190	37
ひげき	悲劇	142	190	37
ひこうき	飛行機	174	190	37
ひこうじょう	飛行場	111	190	37
ひこく	被告	126	190	37
ひさしぶり	久しぶり	349	190	121
ひさしぶり	ひさしぶり	126	190	120
ひさしぶり	久し振り	126	190	121
ひさびさ	久々	206	190	37
ひさん	悲惨	142	190	120
ひざ	膝	158	190	37
ひざ	ひざ	111	190	37
ひしょ	秘書	158	190	37
ひじ	肘	126	190	37
ひずみ	ひずみ	142	190	37
ひそか	密か	174	190	120
ひぞう	秘蔵	126	190	101
ひたい	額	158	190	37
ひたすら	ひたすら	333	190	61
ひだり	左	158	190	37
ひっき	筆記	95	190	101
ひっけん	必見	158	190	37
ひっし	必死	158	190	120
ひっす	必須	126	190	120
ひっと	ヒット	142	190	101
ひつ	筆	142	190	37
ひつじ	羊	126	190	37
ひつぜん	必然	111	190	37
ひつよう	必要	761	190	120
ひづけ	日付	158	190	37
ひてい	否定	174	190	101
ひと	人	1000	190	37
ひと	ヒト	95	190	37
ひとくち	一口	95	190	80
ひとこと	一言	253	190	37
ひとたち	人達	301	190	43
ひとつ	ひとつ	555	190	80
ひとびと	人々	523	190	37
ひとり	一人	619	190	80
ひとり	ひとり	253	190	37
ひどく	ひどく	95	190	173
ひなん	避難	158	190	101
ひなん	非難	158	190	101
ひにく	皮肉	158	190	121
ひにち	日にち	158	190	37
ひの	日野	158	190	37
ひはん	批判	190	190	101
ひび	日々	412	190	37
ひびや	日比谷	158	190	37
ひふ	皮膚	174	190	37
ひま	暇	222	190	120
ひまわり	ひまわり	126	190	37
ひみつ	秘密	174	190	120
ひめ	姫	158	190	37
ひめい	悲鳴	174	190	37
ひめじ	姫路	158	190	37
ひも	紐	174	190	37
ひも	ヒモ	158	190	37
ひゃく	百	126	190	27
ひゃっかてん	百貨店	174	190	37
ひやけ	日焼け	174	190	101
ひょう	表	158	190	101
ひょうか	評価	396	190	101
ひょうげん	表現	333	190	101
ひょうご	兵庫	95	190	37
ひょうし	表紙	95	190	37
ひょうじ	表示	333	190	101
ひょうじゅん	標準	126	190	37
ひょうじょう	表情	269	190	37
ひょうばん	評判	111	190	101
ひょうばん	評判	111	190	120
ひょうめん	表面	126	190	37
ひよう	費用	269	190	37
ひよし	日吉	158	190	37
ひらかた	枚方	95	190	37
ひらかたし	枚方市	95	190	37
ひらがな	ひらがな	95	190	37
ひらつか	平塚	95	190	37
ひらの	平野	95	190	37
ひらぱー	ひらパー	126	190	37
ひりょう	肥料	158	190	37
ひる	昼	380	190	37
ひるね	昼寝	126	190	101
ひるやすみ	昼休み	158	190	37
ひろ	広	126	190	78
ひろい	広い	190	190	152
ひろう	疲労	111	190	101
ひろしま	広島	317	190	37
ひろば	広場	142	190	37
ひんしつ	品質	174	190	37
ひんと	ヒント	158	190	37
び	美	523	190	37
び	日	47	190	39
びこう	備考	0	190	37
びしょうえん	美章園	0	190	37
びじねす	ビジネス	746	190	37
びじゅつ	美術	333	190	37
びじょん	ビジョン	253	190	37
びじん	美人	460	190	41
びたみん	ビタミン	349	190	37
びっく	ビック	142	190	37
びっくり	びっくり	603	190	101
びっくり	ビックリ	460	190	101
びっくり	!	0	190	33
びっくりする	びっくりする	15	190	161
びっくりする	ビックリする	0	190	161
びっぐ	ビッグ	444	190	37
びっぐさいと	ビッグサイト	0	190	37
びっぐまん	BIGMAN	0	190	37
びでお	ビデオ	730	190	37
びにーる	ビニール	317	190	37
びひん	備品	15	190	37
びぶれ	ビブレ	142	190	37
びみ	美味	31	190	120
びみょう	微妙	587	190	120
びゅう	びゅう	0	190	37
びょう	秒	523	190	80
びょう	病	333	190	39
びょう	鋲	15	190	37
びょういん	病院	857	190	37
びょうき	病気	825	190	101
びょうどう	平等	317	190	120
びょうにん	病人	158	190	37
びょうよみ	秒読み	15	190	37
びよう	美容	412	190	37
びより	日和	15	190	39
びり	ビリ	15	190	37
びる	ビル	746	190	37
びん	ビン	396	190	37
びん	便	349	190	37
びん	瓶	333	190	37
びんかん	敏感	396	190	121
びんた	ビンタ	15	190	37
びんぼう	貧乏	333	190	101
びんぼう	貧乏	333	190	120
びーちらんど	ビーチランド	0	190	37
びーる	ビール	730	190	37
ぴあす	ピアス	444	190	37
ぴあの	ピアノ	777	190	37
ぴったり	ぴったり	682	190	101
ぴったり	ぴったり	682	190	121
ぴったり	ピッタリ	634	190	101
ぴったり	ピッタリ	634	190	121
ぴょん	ぴょん	15	190	61
ぴょん	ピョン	15	190	61
ぴよぴよ	ぴよぴよ	0	190	61
ぴよぴよ	ピヨピヨ	0	190	61
ぴんく	ピンク	571	190	37
ぴんち	ピンチ	428	190	37
ぴーあーる	PR	444	190	101
ぴーしー	PC	634	190	37
ぴーまん	ピーマン	365	190	37
ふぁいる	ファイル	523	190	101
ふぁん	ファン	587	190	37
ふぁん	ファン	587	190	41
ふあん	不安	650	190	121
ふあんてい	不安定	174	190	120
ふうけい	風景	365	190	37
ふうとう	封筒	142	190	37
ふうふ	夫婦	349	190	41
ふぇすてぃばる	フェスティバル	142	190	37
ふえ	増え	587	190	94
ふえ	笛	142	190	37
ふぉと	フォト	142	190	37
ふぉーむ	フォーム	174	190	37
ふか	不可	142	190	37
ふかい	深い	333	190	152
ふかい	不快	126	190	121
ふかさ	深さ	142	190	37
ふかのう	不可能	222	190	120
ふきげん	不機嫌	142	190	120
ふきそく	不規則	142	190	120
ふきゅう	普及	253	190	101
ふきょう	不況	238	190	37
ふく	服	380	190	101
ふく	副	158	190	75
ふくおか	福岡	365	190	37
ふくざつ	複雑	365	190	121
ふくし	福祉	158	190	37
ふくしま	福島	142	190	37
ふくすう	複数	380	190	37
ふくめ	含め	269	190	95
ふけいき	不景気	174	190	120
ふけつ	不潔	158	190	121
ふこう	不幸	190	190	121
ふさい	夫妻	174	190	37
ふざい	不在	174	190	37
ふしぎ	不思議	523	190	120
ふしん	不振	142	190	120
ふじ	富士	174	190	37
ふじさん	富士山	174	190	37
ふじん	婦人	126	190	41
ふせい	不正	222	190	120
ふそく	不足	238	190	101
ふぞく	付属	174	190	101
ふたたび	再び	682	190	58
ふたつ	２つ	444	190	37
ふたつ	二つ	396	190	37
ふたり	二人	650	190	37
ふたり	二人	650	190	80
ふたん	負担	206	190	101
ふだ	札	142	190	37
ふだん	普段	619	190	37
ふち	縁	158	190	37
ふち	淵	142	190	37
ふちゅう	府中	174	190	37
ふちょう	不調	158	190	120
ふっかつ	復活	190	190	101
ふっき	復帰	174	190	101
ふって	降って	158	190	180
ふつう	普通	777	190	120
ふつか	２日	460	190	37
ふつかよい	二日酔い	142	190	37
ふつごう	不都合	126	190	120
ふで	筆	158	190	37
ふとん	布団	158	190	37
ふどうさん	不動産	396	190	37
ふね	船	253	190	37
ふね	舟	158	190	37
ふひょう	不評	158	190	121
ふび	不備	158	190	120
ふべん	不便	206	190	121
ふぼ	父母	174	190	37
ふまえ	踏まえ	174	190	95
ふまん	不満	301	190	121
ふみ	文	158	190	37
ふみきり	踏切	158	190	37
ふめい	不明	238	190	120
ふめつ	不滅	158	190	120
ふゆ	冬	555	190	37
ふゆかい	不愉快	158	190	121
ふゆやすみ	冬休み	142	190	37
ふよう	不要	190	190	121
ふらい	フライ	158	190	37
ふらいぱん	フライパン	126	190	37
ふらんす	フランス	634	190	37
ふり	不利	174	190	120
ふり	降り	126	190	37
ふりこみ	振り込み	126	190	101
ふりょう	不良	238	190	120
ふりー	フリー	412	190	123
ふる	古	269	190	78
ふる	フル	158	190	75
ふる	フル	158	190	120
ふるい	古い	253	190	152
ふるく	古く	190	190	63
ふるさと	ふるさと	126	190	37
ふるーつ	フルーツ	126	190	37
ふれ	触れ	206	190	94
ふろ	風呂	206	190	37
ふろんと	フロント	174	190	37
ふん	分	269	190	80
ふんいき	雰囲気	523	190	37
ぶ	部	365	190	37
ぶいん	部員	142	190	37
ぶかつ	部活	206	190	37
ぶきみ	不気味	412	190	120
ぶさいく	不細工	158	190	120
ぶじ	無事	634	190	120
ぶじょく	侮辱	126	190	101
ぶた	豚	285	190	37
ぶた	ブタ	126	190	37
ぶた	ぶた	95	190	165
ぶたい	舞台	634	190	37
ぶたにく	豚肉	142	190	37
ぶっきらぼう	ぶっきらぼう	95	190	120
ぶっく	ブック	460	190	37
ぶっけん	物件	428	190	37
ぶつ	物	47	190	39
ぶつぶつ	ぶつぶつ	158	190	63
ぶどう	ブドウ	174	190	37
ぶなん	無難	285	190	120
ぶばいがわら	分倍河原	0	190	37
ぶぶん	部分	888	190	37
ぶもん	部門	507	190	37
ぶらうざ	ブラウザ	380	190	37
ぶらじゃー	ブラジャー	15	190	37
ぶらんこ	ブランコ	95	190	37
ぶらんこ	ぶらんこ	15	190	37
ぶらんど	ブランド	634	190	37
ぶり	ぶり	285	190	37
ぶるー	ブルー	444	190	120
ぶれ	ブレ	111	190	37
ぶれい	無礼	95	190	120
ぶれーき	ブレーキ	380	190	37
ぶん	文	555	190	37
ぶん	分	333	190	37
ぶんか	文化	730	190	37
ぶんかつ	分割	158	190	101
ぶんがく	文学	333	190	37
ぶんがくぶ	文学部	15	190	37
ぶんきょうどう	文教堂	0	190	37
ぶんげい	文芸	95	190	37
ぶんこ	文庫	190	190	37
ぶんしょ	文書	444	190	37
ぶんしょう	文章	603	190	37
ぶんすう	分数	15	190	37
ぶんせき	分析	539	190	101
ぶんぽう	文法	111	190	37
ぶんめい	文明	301	190	37
ぶんや	分野	873	190	37
ぶんるい	分類	301	190	101
ぶんれつ	分裂	111	190	101
ぶーつ	ブーツ	158	190	37
ぶーむ	ブーム	507	190	37
ぷっ	ぷっ	0	190	61
ぷっ	プッ	0	190	61
ぷらいばしー	プライバシー	349	190	37
ぷらざ	プラザ	238	190	37
ぷらす	プラス	682	190	101
ぷらす	+	0	190	33
ぷらちな	プラチナ	396	190	37
ぷらっせ	プラッセ	0	190	37
ぷらん	プラン	634	190	101
ぷりん	プリン	444	190	37
ぷりんす	プリンス	174	190	37
ぷれい	プレイ	539	190	101
ぷれいす	プレイス	79	190	37
ぷれぜんと	プレゼント	746	190	101
ぷれっしゃー	プレッシャー	428	190	37
ぷろ	プロ	920	190	37
ぷろぐらむ	プログラム	634	190	101
ぷろじぇくと	プロジェクト	634	190	37
ぷろやきゅう	プロ野球	126	190	37
ぷろれす	プロレス	444	190	101
ぷん	分	222	190	80
ぷんぷん	ぷんぷん	15	190	61
ぷんぷん	プンプン	15	190	61
ぷー	プー	15	190	37
ぷーどる	プードル	15	190	37
ぷーる	プール	476	190	37
へ	経	79	190	94
へい	塀	95	190	37
へい	丙	15	190	37
へいかい	閉会	158	190	101
へいき	平気	396	190	120
へいきん	平均	539	190	101
へいこう	平行	253	190	120
へいさ	閉鎖	206	190	101
へいじつ	平日	380	190	37
へいせい	平成	492	190	37
へいぜん	平然	190	190	124
へいてん	閉店	158	190	101
へいぼん	平凡	158	190	121
へいまく	閉幕	142	190	101
へいよう	併用	158	190	101
へいわ	平和	476	190	120
へいわじま	平和島	95	190	37
へいわだい	平和台	15	190	37
へき	癖	285	190	37
へき	壁	174	190	37
へそ	へそ	158	190	37
へそ	ヘソ	0	190	37
へた	下手	349	190	101
へた	下手	349	190	120
へっぷ	HEP	0	190	37
へっぷ	ヘップ	0	190	37
へとへと	へとへと	174	190	120
へとへと	ヘトヘト	158	190	120
へび	蛇	174	190	37
へび	ヘビ	158	190	37
へびー	ヘビー	158	190	120
へや	部屋	968	190	37
へるぷ	ヘルプ	349	190	101
へん	変	571	190	120
へん	辺	206	190	39
へん	編	158	190	80
へん	へん	111	190	120
へん	篇	0	190	80
へんか	変化	746	190	101
へんかん	変換	301	190	101
へんきゃく	返却	158	190	101
へんけい	変形	317	190	101
へんけん	偏見	206	190	37
へんこう	変更	619	190	101
へんしゅう	編集	428	190	101
へんしん	返信	523	190	101
へんしん	変身	253	190	101
へんじ	返事	571	190	101
へんじん	変人	31	190	41
へんずつう	偏頭痛	95	190	37
へんとう	返答	174	190	101
へんぴん	返品	95	190	101
へー	へー	0	190	66
べい	米	365	190	37
べいさいど	ベイサイド	126	190	37
べいしてぃ	ベイシティ	0	190	37
べすと	ベスト	650	190	37
べた	下手	79	190	39
べっきょ	別居	253	190	101
べったり	べったり	365	190	61
べったり	ベッタリ	95	190	61
べっど	ベッド	507	190	37
べつ	別	1000	190	120
べつじん	別人	365	190	41
べつに	別に	777	190	61
べつに	別に	777	190	259
べつべつ	別々	555	190	120
べてらん	ベテラン	460	190	37
べにーらんど	ベニーランド	0	190	37
べふ	別府	111	190	37
べらんだ	ベランダ	396	190	37
べりて	ベリテ	0	190	37
べると	ベルト	444	190	37
べん	弁	365	190	37
べんきょう	勉強	682	190	101
べんしょう	弁償	95	190	101
べんじょ	便所	142	190	37
べんてんちょう	弁天町	0	190	37
べんとう	弁当	634	190	37
べんぴ	便秘	317	190	101
べんり	便利	698	190	120
べーす	ベース	555	190	37
ぺあ	ペア	873	190	37
ぺこちゃん	ペコちゃん	285	190	37
ぺこまえ	ペコ前	0	190	37
ぺっ	ペッ	47	190	61
ぺっ	ぺっ	0	190	61
ぺっと	ペット	666	190	37
ぺりかん	ペリカン	412	190	37
ぺん	ペン	698	190	37
ぺん	編	15	190	80
ぺん	篇	0	190	80
ぺんぎん	ペンギン	523	190	37
ぺーじ	ページ	888	190	39
ぺーじ	ページ	888	190	80
ぺーす	ペース	714	190	37
ほう	方	301	190	37
ほう	ほう	222	190	37
ほう	法	174	190	37
ほう	法	174	190	39
ほうこう	方向	476	190	37
ほうこく	報告	365	190	101
ほうしき	方式	317	190	37
ほうしん	方針	349	190	37
ほうじん	法人	111	190	37
ほうそう	放送	253	190	101
ほうどう	報道	126	190	101
ほうほう	方法	746	190	37
ほうもん	訪問	142	190	101
ほうりつ	法律	142	190	37
ほえ	吠え	174	190	94
ほえ	ほえ	142	190	94
ほお	頬	174	190	37
ほおん	保温	158	190	101
ほか	他	666	190	37
ほか	ほか	507	190	37
ほかほか	ホカホカ	111	190	61
ほかほか	ほかほか	95	190	61
ほかん	保管	142	190	101
ほきゅう	補給	174	190	101
ほくせい	北西	142	190	37
ほくとう	北東	126	190	37
ほけん	保険	428	190	37
ほけん	保健	158	190	37
ほこり	誇り	158	190	37
ほこり	埃	142	190	37
ほこり	ホコリ	126	190	37
ほこり	ほこり	111	190	37
ほご	保護	206	190	101
ほし	星	301	190	37
ほし	ほし	222	190	77
ほしい	欲しい	333	190	152
ほしい	ほしい	206	190	152
ほしぞら	星空	95	190	37
ほしゅう	補習	95	190	101
ほしょう	保証	158	190	101
ほしょう	保障	111	190	101
ほしょう	補償	95	190	101
ほじ	保持	95	190	101
ほじゅう	補充	95	190	101
ほじょ	補助	111	190	101
ほそ	細	111	190	78
ほそう	舗装	111	190	101
ほそめ	細め	111	190	94
ほぞん	保存	190	190	101
ほちょう	歩調	174	190	37
ほっ	ほっ	95	190	61
ほっかいどう	北海道	492	190	45
ほっきょく	北極	95	190	37
ほっさ	発作	126	190	37
ほったん	発端	111	190	37
ほっと	ホット	142	190	120
ほてる	ホテル	555	190	37
ほとけ	仏	142	190	37
ほとり	ほとり	111	190	37
ほとんど	ほとんど	825	190	63
ほど	ほど	412	190	233
ほど	程	95	190	37
ほどう	歩道	142	190	37
ほね	骨	174	190	37
ほのぼの	ほのぼの	174	190	61
ほほ	頬	174	190	37
ほほ	ほほ	142	190	37
ほぼ	ほぼ	571	190	54
ほめ	誉め	174	190	95
ほめ	褒め	158	190	95
ほよう	保養	174	190	101
ほら	ほら	285	190	66
ほら	ホラ	126	190	37
ほらー	ホラー	158	190	37
ほりさげ	掘り下げ	95	190	95
ほりゅう	保留	142	190	101
ほるもん	ホルモン	174	190	37
ほれ	惚れ	174	190	94
ほれ	ほれ	142	190	94
ほろび	滅び	142	190	94
ほわいと	ホワイト	174	190	120
ほん	本	888	190	37
ほん	本	888	190	80
ほんき	本気	95	190	120
ほんしゃ	本社	126	190	37
ほんじつ	本日	587	190	37
ほんたい	本体	95	190	37
ほんと	ホント	349	190	120
ほんとう	本当	571	190	120
ほんとうに	本当に	682	190	259
ほんにん	本人	396	190	37
ほんの	ほんの	444	190	64
ほんぶ	本部	126	190	37
ほんま	ほんま	238	190	120
ほんめい	本命	206	190	37
ほんもの	本物	174	190	37
ほんやく	翻訳	111	190	101
ほんらい	本来	555	190	63
ほーむ	ホーム	571	190	37
ほーむぺーじ	ホームページ	333	190	37
ほーる	ホール	158	190	37
ぼう	某	571	190	75
ぼう	棒	269	190	37
ぼう	某	0	190	37
ぼういん	暴飲	0	190	101
ぼうえい	防衛	142	190	101
ぼうえき	貿易	412	190	101
ぼうおん	防音	15	190	101
ぼうか	防火	15	190	101
ぼうかん	防寒	95	190	101
ぼうかん	傍観	15	190	101
ぼうがい	妨害	111	190	101
ぼうきょ	暴挙	15	190	37
ぼうぎょ	防御	95	190	101
ぼうけん	冒険	111	190	101
ぼうげん	暴言	95	190	101
ぼうご	防護	15	190	101
ぼうさい	防災	111	190	101
ぼうし	防止	460	190	101
ぼうし	帽子	412	190	37
ぼうしつ	防湿	0	190	101
ぼうしゅう	防臭	0	190	101
ぼうすい	防水	95	190	101
ぼうず	坊主	95	190	37
ぼうぜん	呆然	206	190	124
ぼうだい	膨大	412	190	120
ぼうちゅう	防虫	0	190	101
ぼうちょう	膨張	111	190	101
ぼうちょう	傍聴	95	190	101
ぼうとう	冒頭	380	190	37
ぼうどう	暴動	111	190	37
ぼうねんかい	忘年会	333	190	37
ぼうはてい	防波堤	95	190	37
ぼうはん	防犯	95	190	101
ぼうふう	暴風	15	190	37
ぼうめい	亡命	111	190	101
ぼうや	坊や	95	190	37
ぼうらく	暴落	174	190	101
ぼうりょく	暴力	0	190	37
ぼうりんぐ	ボウリング	95	190	101
ぼき	簿記	174	190	37
ぼきん	募金	158	190	101
ぼく	ぼく	952	190	42
ぼく	僕	857	190	42
ぼく	ボク	619	190	42
ぼくし	牧師	95	190	37
ぼくじゅう	墨汁	15	190	37
ぼくじょう	牧場	333	190	37
ぼくたち	僕たち	492	190	43
ぼくたち	僕達	396	190	43
ぼくとう	木刀	15	190	37
ぼくめつ	撲滅	95	190	101
ぼくら	僕ら	539	190	43
ぼけつ	墓穴	15	190	37
ぼこう	母校	174	190	37
ぼしゅう	募集	666	190	101
ぼしゅうちゅう	募集中	571	190	37
ぼす	ボス	333	190	37
ぼせい	母性	15	190	37
ぼせき	墓石	15	190	37
ぼぜん	墓前	15	190	37
ぼたい	母体	158	190	37
ぼたい	母胎	0	190	37
ぼたん	ボタン	555	190	37
ぼたん	牡丹	0	190	37
ぼち	墓地	174	190	37
ぼちぼち	ぼちぼち	365	190	61
ぼっくす	ボックス	476	190	37
ぼっしゅう	没収	126	190	101
ぼっとう	没頭	158	190	101
ぼっぱつ	勃発	158	190	101
ぼつ	没	111	190	37
ぼにゅう	母乳	174	190	37
ぼや	ボヤ	15	190	37
ぼやき	ぼやき	174	190	37
ぼり	彫り	0	190	39
ぼりゅーむ	ボリューム	444	190	37
ぼろ	ボロ	158	190	78
ぼろ	ぼろ	95	190	78
ぼん	凡	158	190	37
ぼん	盆	142	190	37
ぼんおどり	盆踊り	15	190	37
ぼんさい	盆栽	126	190	37
ぼんじん	凡人	126	190	41
ぼんち	盆地	15	190	37
ぼんべるた	ボンベルタ	0	190	37
ぼんやり	ぼんやり	507	190	54
ぼーっ	ボーッ	0	190	61
ぼーと	ボート	412	190	37
ぼーど	ボード	523	190	37
ぼーなす	ボーナス	476	190	37
ぼーりんぐ	ボーリング	95	190	101
ぼーる	ボール	587	190	37
ぼーるぺん	ボールペン	95	190	37
ぽい	ポイ	142	190	61
ぽいんと	ポイント	857	190	101
ぽか	ポカ	31	190	37
ぽかり	ポカリ	396	190	61
ぽかん	ぽかん	15	190	61
ぽかーん	ポカーン	15	190	61
ぽかーん	ぽかーん	0	190	61
ぽけっと	ポケット	682	190	37
ぽすと	ポスト	746	190	101
ぽっと	ポット	619	190	37
ぽてと	ポテト	555	190	37
ぽぷら	ポプラ	31	190	37
ぽんこつ	ポンコツ	15	190	37
ぽんこつ	ぽんこつ	0	190	37
ぽんず	ポン酢	126	190	37
ぽーと	ポート	365	190	37
ぽーとぴあぱーく	ポートピアパーク	0	190	37
ぽーとめっせ	ポートメッセ	0	190	37
ぽーるたうん	ポールタウン	0	190	37
まあ	まあ	571	190	66
まいかい	毎回	396	190	37
まいしゅう	毎週	428	190	37
まいつき	毎月	428	190	37
まいとし	毎年	444	190	37
まいど	毎度	158	190	37
まいなす	マイナス	238	190	101
まいにち	毎日	666	190	37
まうえ	真上	142	190	37
まうす	マウス	174	190	37
まえ	前	698	190	37
まえむき	前向き	142	190	120
まかせ	任せ	158	190	95
まがじん	マガジン	492	190	37
まぎわ	間際	158	190	37
まく	幕	158	190	37
まくどなるど	マクドナルド	158	190	37
まくはり	幕張	126	190	37
まくら	枕	142	190	101
まけ	負け	238	190	94
まことに	誠に	317	190	54
まことに	まことに	158	190	54
まご	孫	158	190	42
まさか	まさか	349	190	61
まさに	まさに	476	190	54
まし	まし	253	190	120
ましん	マシン	333	190	37
まじ	マジ	301	190	120
まじめ	真面目	253	190	121
ます	ます	333	190	145
ますこみ	マスコミ	238	190	37
ますたー	マスター	126	190	101
ますます	益々	126	190	58
まず	まず	682	190	54
まずは	まずは	507	190	61
まぜ	混ぜ	174	190	95
また	また	952	190	60
また	又	523	190	60
または	または	619	190	67
または	又は	412	190	67
またまた	またまた	380	190	61
まだ	まだ	777	190	54
まだまだ	まだまだ	539	190	61
まち	町	412	190	37
まち	街	412	190	37
まち	待ち	142	190	37
まちがい	間違い	301	190	37
まっく	マック	190	190	37
まったく	全く	587	190	58
まったく	まったく	492	190	58
まって	待って	142	190	180
まつ	末	142	190	39
まつやま	松山	142	190	37
まつり	祭り	158	190	37
まで	まで	619	190	37
まで	まで	619	190	212
まとめ	まとめ	174	190	95
まど	窓	365	190	37
まどぐち	窓口	158	190	37
まないた	まな板	142	190	37
まなつ	真夏	158	190	37
まなー	マナー	269	190	37
まにゅある	マニュアル	174	190	37
まぬがれ	免れ	158	190	94
まぬけ	間抜け	158	190	120
まぬけ	まぬけ	126	190	37
まね	真似	158	190	95
まひ	麻痺	174	190	101
まひる	真昼	158	190	37
まふゆ	真冬	158	190	37
まふらー	マフラー	174	190	37
まほう	魔法	174	190	37
まぼろし	幻	158	190	37
まま	ママ	365	190	42
まま	まま	206	190	287
まみれ	まみれ	142	190	95
まめ	豆	174	190	37
まめ	マメ	158	190	120
まめ	まめ	142	190	120
まもって	守って	142	190	206
まもなく	まもなく	174	190	58
まもなく	間もなく	158	190	58
まゆ	まゆ	174	190	37
まゆ	眉	142	190	37
まよい	迷い	158	190	37
まよう	迷う	126	190	161
まよって	迷って	126	190	180
まよなか	真夜中	158	190	37
まる	丸	126	190	78
まるごと	まるごと	142	190	63
まるで	まるで	476	190	46
まれ	稀	158	190	120
まわり	周り	380	190	37
まわり	回り	158	190	39
まん	万	317	190	37
まん	マン	301	190	37
まんさい	満載	269	190	101
まんしょん	マンション	301	190	37
まんぞく	満足	333	190	101
まーく	マーク	158	190	101
まーじゃん	麻雀	142	190	101
み	見	873	190	95
み	み	714	190	95
み	身	619	190	37
み	実	476	190	37
みあい	見合い	158	190	101
みあげ	見上げ	174	190	95
みうごき	身動き	142	190	101
みうち	身内	158	190	37
みえ	見え	476	190	94
みえる	見える	158	190	161
みおとり	見劣り	158	190	101
みおぼえ	見覚え	158	190	37
みかく	味覚	158	190	37
みかた	味方	142	190	101
みかん	みかん	158	190	37
みかん	ミカン	126	190	37
みき	幹	142	190	37
みぎ	右	333	190	37
みぎあし	右足	126	190	37
みぎがわ	右側	158	190	37
みぎて	右手	158	190	37
みこみ	見込み	158	190	37
みこん	未婚	142	190	37
みごたえ	見応え	126	190	37
みごと	見事	460	190	120
みごろ	見頃	142	190	37
みさき	岬	142	190	37
みじか	身近	380	190	120
みじかい	短い	317	190	152
みじゅく	未熟	142	190	120
みす	ミス	428	190	101
みすてりー	ミステリー	142	190	120
みず	水	571	190	37
みずうみ	湖	126	190	37
みずから	自ら	555	190	63
みずぎ	水着	142	190	37
みせ	店	603	190	37
みせ	見せ	269	190	95
みせいねん	未成年	126	190	37
みせて	見せて	158	190	180
みそ	味噌	174	190	37
みそしる	味噌汁	158	190	37
みぞ	溝	158	190	37
みた	見た	301	190	151
みたい	みたい	158	190	120
みたい	みたい	158	190	191
みち	道	571	190	37
みち	未知	158	190	37
みち	満ち	126	190	94
みっか	３日	460	190	37
みっくす	ミックス	126	190	101
みつい	三井	158	190	37
みつびし	三菱	222	190	37
みて	見て	444	190	180
みてい	未定	317	190	120
みとおし	見通し	253	190	37
みとめ	認め	206	190	95
みどり	緑	285	190	45
みな	皆	539	190	37
みなおし	見直し	253	190	37
みなさま	皆様	539	190	44
みなさん	皆さん	650	190	44
みなみ	南	365	190	37
みならい	見習い	158	190	37
みに	ミニ	396	190	37
みね	峰	158	190	37
みねらる	ミネラル	174	190	37
みのまわり	身の回り	174	190	37
みのり	実り	126	190	37
みはらし	見晴らし	126	190	37
みばえ	見栄え	158	190	101
みぶん	身分	174	190	37
みみ	耳	476	190	37
みみざわり	耳障り	142	190	120
みめい	未明	174	190	37
みゃく	脈	158	190	37
みや	宮	126	190	37
みやこ	都	158	190	37
みやざき	宮崎	158	190	45
みゅーじっく	ミュージック	158	190	37
みょう	妙	317	190	120
みょうじ	名字	126	190	37
みょうに	妙に	142	190	61
みらい	未来	444	190	37
みり	ミリ	142	190	82
みりょう	魅了	126	190	101
みりょく	魅力	507	190	37
みる	見る	476	190	161
みる	みる	158	190	161
みるからに	見るからに	142	190	61
みるく	ミルク	158	190	37
みるみる	みるみる	142	190	47
みれん	未練	142	190	120
みろーど	ミロード	126	190	37
みんか	民家	126	190	37
みんかん	民間	269	190	37
みんしゅく	民宿	317	190	101
みんと	ミント	126	190	37
みんな	みんな	698	190	42
みんな	皆	555	190	42
みーてぃんぐ	ミーティング	174	190	101
むいしき	無意識	412	190	120
むいみ	無意味	253	190	120
むかいじま	向島	79	190	37
むかえ	迎え	619	190	95
むかえいれ	迎え入れ	31	190	95
むかし	昔	841	190	37
むかつき	ムカつき	15	190	37
むかつく	むかつく	79	190	161
むかむか	ムカムカ	79	190	101
むかんしん	無関心	95	190	121
むがい	無害	95	190	120
むき	無期	15	190	37
むきげん	無期限	95	190	37
むきず	無傷	111	190	120
むきゅう	無休	142	190	37
むきょか	無許可	79	190	37
むきりょく	無気力	126	190	121
むぎ	麦	158	190	37
むぎちゃ	麦茶	142	190	37
むく	無垢	158	190	120
むくい	報い	126	190	95
むくい	報	79	190	37
むくい	酬	15	190	37
むくち	無口	158	190	121
むけ	向け	793	190	95
むけいかく	無計画	95	190	120
むげん	無限	380	190	37
むこ	婿	15	190	37
むこう	向こう	523	190	37
むこう	無効	158	190	120
むこうがおか	向ヶ丘	15	190	37
むこがわ	武庫川	126	190	37
むご	むご	15	190	78
むごい	酷い	15	190	152
むさし	武蔵	158	190	37
むさべつ	無差別	158	190	120
むざい	無罪	142	190	37
むざん	無惨	126	190	120
むし	無視	476	190	101
むし	虫	460	190	37
むしば	虫歯	95	190	37
むしゅう	無臭	15	190	37
むしょく	無職	15	190	37
むしろ	むしろ	761	190	54
むしんけい	無神経	95	190	120
むじ	無地	15	190	37
むじつ	無実	95	190	37
むじゃき	無邪気	95	190	121
むじゅん	矛盾	126	190	101
むじん	無人	15	190	41
むすう	無数	253	190	120
むすこ	息子	730	190	42
むすび	結び	95	190	39
むすめ	娘	730	190	42
むずかしい	難しい	634	190	152
むずかしい	むずかしい	142	190	152
むずかしかった	難しかった	15	190	151
むずかしく	難しく	523	190	173
むずかしく	むずかしく	95	190	173
むせ	むせ	95	190	94
むせいげん	無制限	158	190	120
むせきにん	無責任	158	190	121
むぞうさ	無造作	174	190	120
むだ	無駄	555	190	120
むだばなし	無駄話	15	190	101
むだん	無断	174	190	37
むち	無知	158	190	120
むちゃ	無茶	15	190	101
むちゃ	無茶	15	190	120
むちゃくちゃ	むちゃくちゃ	142	190	101
むちゃくちゃ	むちゃくちゃ	142	190	120
むちゅう	夢中	428	190	120
むつかしかった	難しかった	0	190	151
むつかしく	難しく	507	190	173
むづかしかった	難しかった	15	190	151
むづかしく	難しく	15	190	173
むてき	無敵	158	190	120
むてんか	無添加	317	190	37
むとんちゃく	無頓着	158	190	121
むね	胸	619	190	37
むね	旨	15	190	37
むね	棟	15	190	80
むねやけ	胸焼け	0	190	101
むねん	無念	158	190	121
むのう	無能	158	190	121
むぼう	無謀	174	190	120
むぼうび	無防備	158	190	37
むめい	無名	174	190	120
むよう	無用	174	190	120
むよく	無欲	158	190	120
むら	村	603	190	37
むらさき	紫	333	190	37
むらやま	村山	111	190	37
むり	無理	793	190	101
むり	ムリ	142	190	121
むり	ムリ	15	190	101
むりです	無理です	31	190	138
むりやり	無理矢理	15	190	61
むりょう	無料	650	190	37
むりょく	無力	126	190	120
むるい	無類	174	190	120
め	目	984	190	37
め	芽	317	190	37
めあど	メアド	142	190	37
めい	名	539	190	80
めい	命	31	190	101
めいあん	明暗	95	190	37
めいかい	明快	95	190	120
めいかく	明確	492	190	120
めいがら	銘柄	587	190	37
めいき	明記	95	190	101
めいきょく	名曲	95	190	37
めいぎ	名義	95	190	37
めいさい	明細	111	190	37
めいさい	迷彩	15	190	37
めいさん	名産	95	190	37
めいし	名刺	365	190	37
めいしょ	名所	95	190	37
めいしょう	名称	253	190	37
めいしん	迷信	15	190	37
めいじ	明治	460	190	37
めいじ	命じ	31	190	95
めいじん	名人	95	190	41
めいそう	瞑想	95	190	101
めいだい	明大	79	190	37
めいちゅう	命中	95	190	101
めいっぱい	目一杯	79	190	123
めいてつ	名鉄	95	190	37
めいと	メイト	95	190	37
めいにち	命日	15	190	37
めいひん	名品	15	190	37
めいぶつ	名物	95	190	37
めいぼ	名簿	95	190	37
めいもく	名目	95	190	37
めいもん	名門	95	190	37
めいよ	名誉	95	190	120
めいりょう	明瞭	95	190	120
めいれい	命令	253	190	101
めいろ	迷路	95	190	37
めいわく	迷惑	428	190	101
めいん	メイン	555	190	120
めかくし	目隠し	95	190	101
めがね	メガネ	174	190	37
めがね	眼鏡	158	190	37
めぐすり	目薬	15	190	37
めぐり	巡り	142	190	101
めぐろ	目黒	158	190	37
めさき	目先	380	190	37
めざし	目指し	285	190	162
めざす	目指す	126	190	161
めざめ	目覚め	95	190	95
めざわり	目障り	95	190	121
めし	飯	158	190	37
めし	メシ	142	190	37
めした	目下	15	190	37
めじゃー	メジャー	444	190	120
めじり	目尻	15	190	37
めじるし	目印	126	190	101
めじろ	目白	15	190	37
めだま	目玉	174	190	37
めちゃくちゃ	めちゃくちゃ	396	190	120
めちゃくちゃ	メチャクチャ	158	190	120
めちゃめちゃ	めちゃめちゃ	333	190	120
めっきり	めっきり	349	190	61
めっせ	メッセ	126	190	37
めっせーじ	メッセージ	476	190	101
めった	滅多	15	190	120
めったに	滅多に	15	190	46
めつ	滅	79	190	37
めつぼう	滅亡	158	190	101
めでぃあ	メディア	492	190	37
めでたい	めでたい	158	190	152
めでたく	めでたく	126	190	173
めにゅー	メニュー	507	190	37
めのまえ	目の前	31	190	37
めまい	めまい	174	190	37
めまぐるし	目まぐるし	15	190	77
めも	メモ	253	190	101
めやす	目安	238	190	37
めるさ	メルサ	79	190	37
めろん	メロン	174	190	37
めん	面	666	190	80
めん	面	666	190	101
めん	麺	349	190	37
めん	綿	95	190	37
めんえき	免疫	111	190	37
めんかい	面会	95	190	101
めんきょ	免許	301	190	101
めんしき	面識	15	190	37
めんじょ	免除	95	190	101
めんず	メンズ	95	190	37
めんせき	面積	301	190	37
めんせつ	面接	222	190	101
めんぜい	免税	15	190	101
めんだん	面談	95	190	101
めんてい	免停	15	190	37
めんどう	面倒	492	190	121
めんばー	メンバー	634	190	37
めんみつ	綿密	95	190	120
めんるい	麺類	79	190	37
めーかー	メーカー	714	190	37
めーる	メール	746	190	101
もあーず	モアーズ	126	190	37
もう	もう	682	190	61
もういちど	もう一度	460	190	61
もうしょ	猛暑	111	190	37
もうしわけ	申し訳	126	190	101
もうすぐ	もうすぐ	444	190	58
もうすこし	もう少し	507	190	54
もえ	燃え	158	190	95
もえ	萌え	111	190	95
もがき	もがき	126	190	37
もぎ	模擬	174	190	37
もく	目	587	190	101
もくざい	木材	126	190	37
もくぜん	目前	126	190	37
もくぞう	木造	111	190	37
もくてき	目的	476	190	37
もくひょう	目標	428	190	37
もくよう	木曜	95	190	37
もくようび	木曜日	142	190	37
もくろく	目録	95	190	37
もぐり	潜り	95	190	37
もけい	模型	174	190	37
もさく	模索	174	190	101
もし	もし	571	190	61
もし	もし	571	190	67
もし	模試	95	190	37
もしか	もしか	95	190	63
もしかして	もしかして	253	190	206
もしかすると	もしかすると	126	190	67
もしくは	もしくは	539	190	67
もしも	もしも	285	190	60
もしもし	もしもし	95	190	66
もじ	文字	380	190	37
もじ	文字	222	190	80
もじどおり	文字通り	111	190	123
もす	モス	142	190	37
もち	持ち	158	190	162
もち	もち	111	190	37
もち	餅	111	190	37
もちこし	持ち越し	95	190	37
もちぬし	持ち主	142	190	37
もちはこび	持ち運び	95	190	37
もちもの	持ち物	95	190	37
もちろん	もちろん	634	190	58
もちろん	勿論	412	190	58
もちろん	勿論	412	190	120
もっか	目下	95	190	50
もったいない	もったいない	95	190	152
もって	持って	380	190	180
もって	もって	206	190	206
もってこい	もってこい	95	190	37
もっと	もっと	619	190	54
もっとも	最も	523	190	60
もっとも	最も	523	190	120
もっとも	もっとも	460	190	60
もっとも	もっとも	460	190	120
もっぱら	もっぱら	95	190	61
もつ	持つ	253	190	161
もつれ	もつれ	158	190	94
もてなし	もてなし	142	190	37
もでる	モデル	365	190	37
もと	本	555	190	37
もと	下	492	190	37
もと	元	365	190	37
もと	元	365	190	75
もとめ	求め	238	190	95
もともと	元々	333	190	63
もどり	戻り	111	190	37
もの	もの	460	190	37
もの	者	428	190	37
もの	モノ	269	190	37
ものおぼえ	物覚え	95	190	37
ものがたり	物語	301	190	37
ものごころ	物心	95	190	37
ものごと	物事	222	190	37
ものれーる	モノレール	111	190	37
もみけし	揉み消し	95	190	37
もめ	もめ	158	190	94
もめん	木綿	174	190	37
もも	桃	174	190	37
ももやま	桃山	126	190	37
もやもや	もやもや	158	190	63
もやもや	モヤモヤ	158	190	63
もよう	模様	333	190	37
もよおし	催し	142	190	37
もより	最寄り	158	190	37
もらい	もらい	111	190	162
もらう	もらう	126	190	161
もらえ	もらえ	174	190	141
もらえる	もらえる	126	190	161
もらった	もらった	142	190	151
もらって	もらって	142	190	180
もり	森	158	190	40
もり	盛り	142	190	37
もれなく	もれなく	269	190	61
もろもろ	もろもろ	126	190	37
もん	門	126	190	37
もんく	文句	222	190	37
もんだい	問題	634	190	120
もーど	モード	174	190	37
もーる	モール	142	190	37
やあ	やあ	174	190	66
やお	八尾	158	190	37
やかた	館	158	190	37
やかん	夜間	412	190	37
やがい	野外	126	190	37
やき	焼き	158	190	162
やきそば	焼きそば	126	190	37
やきとり	焼き鳥	142	190	37
やきゅう	野球	523	190	37
やきん	夜勤	95	190	101
やぎ	八木	111	190	37
やぎざ	山羊座	79	190	37
やく	約	698	190	81
やく	役	476	190	37
やく	訳	111	190	101
やくいん	役員	142	190	37
やくざ	やくざ	95	190	120
やくざ	ヤクザ	95	190	120
やくしゃ	役者	126	190	41
やくしょ	役所	111	190	37
やくしょく	役職	95	190	37
やくしん	躍進	95	190	101
やくそう	薬草	95	190	37
やくそく	約束	539	190	101
やくだて	役立て	95	190	95
やくば	役場	95	190	37
やくぶつ	薬物	95	190	37
やくめ	役目	95	190	37
やくよう	薬用	95	190	37
やくわり	役割	301	190	37
やけ	やけ	95	190	120
やけい	夜景	158	190	37
やけど	やけど	158	190	101
やけに	やけに	206	190	61
やこう	夜行	158	190	37
やさい	野菜	523	190	37
やさしい	優しい	396	190	152
やさしい	やさしい	317	190	152
やさしく	優しく	253	190	173
やさしく	やさしく	126	190	173
やしま	屋島	111	190	37
やしろ	社	158	190	37
やじるし	矢印	158	190	37
やじるし	←	63	190	33
やじるし	→	63	190	33
やす	安	238	190	78
やすい	安い	650	190	152
やすうり	安売り	95	190	101
やすみ	休み	523	190	37
やすむ	休む	111	190	161
やすめ	休め	95	190	94
やすらぎ	安らぎ	95	190	37
やせ	やせ	158	190	95
やせ	痩せ	158	190	95
やた	矢田	142	190	37
やたい	屋台	158	190	37
やちん	家賃	190	190	37
やっきょく	薬局	126	190	37
やって	やって	666	190	180
やっと	やっと	809	190	58
やっぱり	やっぱり	682	190	55
やつ	やつ	444	190	42
やつ	奴	412	190	42
やつ	ヤツ	301	190	42
やとい	雇い	95	190	37
やど	宿	380	190	37
やね	屋根	253	190	37
やはり	やはり	968	190	61
やぶれ	敗れ	142	190	94
やぶれ	破れ	95	190	94
やぼう	野望	174	190	37
やま	山	555	190	37
やま	やま	95	190	37
やまい	病	111	190	37
やまがた	山形	269	190	45
やまぐち	山口	253	190	45
やまざき	山崎	222	190	37
やました	山下	126	190	37
やまだ	山田	444	190	37
やまだ	ヤマダ	95	190	37
やまづみ	山積み	95	190	101
やまなし	山梨	79	190	45
やまのぼり	山登り	95	190	101
やまみち	山道	95	190	37
やまもと	山本	333	190	37
やまもり	山盛り	95	190	120
やみ	闇	301	190	37
やめ	やめ	285	190	95
やめ	辞め	190	190	95
ややこしい	ややこしい	158	190	152
ややこしく	ややこしく	142	190	173
やら	やら	190	190	39
やり	槍	126	190	37
やる	やる	412	190	161
やるき	やる気	396	190	37
やろ	やろ	158	190	166
やろう	野郎	174	190	37
やろう	やろう	158	190	147
やわた	八幡	126	190	37
やわたし	八幡市	79	190	37
やわらか	柔らか	158	190	121
ゆいいつ	唯一	603	190	37
ゆいごん	遺言	158	190	101
ゆいつ	唯一	95	190	37
ゆう	夕	111	190	37
ゆううつ	憂鬱	79	190	121
ゆうえんち	遊園地	111	190	37
ゆうかい	誘拐	63	190	101
ゆうかん	夕刊	63	190	37
ゆうかん	勇敢	31	190	120
ゆうが	優雅	190	190	120
ゆうがい	有害	95	190	120
ゆうがた	夕方	619	190	37
ゆうき	勇気	476	190	37
ゆうき	有機	238	190	37
ゆうきゅう	有給	63	190	37
ゆうぐう	優遇	95	190	101
ゆうこう	有効	603	190	120
ゆうごう	融合	95	190	101
ゆうざい	有罪	95	190	37
ゆうし	融資	174	190	101
ゆうしゅう	優秀	428	190	120
ゆうしょう	優勝	492	190	101
ゆうしょく	夕食	587	190	37
ゆうじゅうふだん	優柔不断	31	190	120
ゆうじょう	友情	95	190	37
ゆうじん	友人	746	190	42
ゆうすう	有数	95	190	120
ゆうずう	融通	79	190	101
ゆうせい	優勢	333	190	120
ゆうせん	優先	333	190	101
ゆうせん	有線	79	190	37
ゆうそう	郵送	111	190	101
ゆうたい	優待	79	190	101
ゆうだい	雄大	95	190	120
ゆうてんじ	祐天寺	15	190	37
ゆうどう	誘導	111	190	101
ゆうはん	夕飯	95	190	37
ゆうひ	夕日	79	190	37
ゆうびん	郵便	380	190	37
ゆうびんきょく	郵便局	301	190	37
ゆうびんばんごう	郵便番号	15	190	37
ゆうふく	裕福	95	190	121
ゆうぼう	有望	95	190	120
ゆうめい	有名	714	190	120
ゆうよ	猶予	79	190	101
ゆうらくちょう	有楽町	95	190	37
ゆうり	有利	523	190	120
ゆうりょう	有料	492	190	37
ゆうりょく	有力	365	190	120
ゆうりんどう	有隣堂	15	190	37
ゆうれい	幽霊	95	190	37
ゆうれつ	優劣	79	190	37
ゆえ	故	174	190	37
ゆえに	故に	317	190	67
ゆか	床	428	190	37
ゆかい	愉快	158	190	121
ゆかた	浴衣	158	190	37
ゆがみ	歪み	126	190	37
ゆがめ	歪め	95	190	95
ゆき	雪	730	190	37
ゆき	行き	158	190	37
ゆき	ゆき	142	190	162
ゆきかき	雪かき	95	190	101
ゆきぐに	雪国	95	190	37
ゆきだるま	雪だるま	95	190	37
ゆくえ	行方	317	190	37
ゆけつ	輸血	126	190	101
ゆげ	湯気	158	190	37
ゆしま	湯島	142	190	37
ゆしゅつ	輸出	396	190	101
ゆずって	譲って	142	190	206
ゆせい	油性	15	190	37
ゆたか	豊か	587	190	120
ゆだね	委ね	95	190	95
ゆだん	油断	142	190	101
ゆっくり	ゆっくり	761	190	61
ゆで	茹で	158	190	95
ゆとり	ゆとり	238	190	37
ゆないてっど	ユナイテッド	158	190	37
ゆにくろ	ユニクロ	206	190	37
ゆにばーさる	ユニバーサル	126	190	37
ゆにゅう	輸入	571	190	101
ゆにー	ユニー	79	190	37
ゆび	指	507	190	37
ゆびさき	指先	158	190	37
ゆびわ	指輪	158	190	37
ゆみ	弓	174	190	37
ゆめ	夢	730	190	37
ゆめ	ゆめ	126	190	37
ゆらぎ	揺らぎ	111	190	37
ゆり	ユリ	174	190	37
ゆるし	許し	190	190	37
ゆるして	許して	158	190	180
ゆるす	許す	126	190	161
ゆるせ	許せ	126	190	150
ゆるみ	緩み	95	190	37
ゆるめ	緩め	95	190	95
ゆるやか	緩やか	142	190	121
ゆれ	揺れ	222	190	94
ゆーえすじぇい	USJ	111	190	37
ゆーざ	ユーザ	95	190	41
よ	世	333	190	37
よあけ	夜明け	174	190	37
よあそび	夜遊び	158	190	101
よい	良い	555	190	152
よい	よい	444	190	152
よい	酔い	142	190	37
よう	よう	301	190	290
よう	用	126	190	37
ようい	用意	365	190	101
よういん	要因	333	190	37
ようきゅう	要求	111	190	101
ようこそ	ようこそ	206	190	66
ようじ	用事	142	190	37
ようす	様子	460	190	37
ようするに	要するに	317	190	54
ようそ	要素	365	190	37
ようちえん	幼稚園	206	190	37
ようやく	ようやく	507	190	59
ようりょう	要領	95	190	37
よか	余暇	126	190	37
よかん	予感	158	190	101
よきん	預金	174	190	101
よく	よく	666	190	173
よく	良く	523	190	173
よく	欲	111	190	37
よくしつ	浴室	95	190	37
よくじつ	翌日	476	190	37
よくばり	欲張り	95	190	120
よくぼう	欲望	126	190	37
よけい	余計	174	190	123
よければ	良ければ	142	190	215
よければ	よければ	126	190	215
よげん	予言	142	190	101
よこ	横	396	190	37
よこがお	横顔	95	190	37
よこく	予告	126	190	101
よこすか	横須賀	111	190	37
よこはま	横浜	444	190	37
よこやま	横山	142	190	37
よごれ	汚れ	158	190	37
よごれ	汚れ	158	190	94
よさ	良さ	253	190	37
よさ	よさ	95	190	37
よさそう	良さそう	158	190	120
よさそう	よさそう	142	190	120
よさん	予算	317	190	37
よし	よし	158	190	66
よし	よし	158	190	175
よしかわ	吉川	142	190	37
よした	吉田	142	190	37
よしのや	吉野家	111	190	37
よせ	寄せ	158	190	95
よせん	予選	301	190	101
よぜみ	代ゼミ	126	190	37
よそう	予想	492	190	101
よそうがい	予想外	142	190	120
よそく	予測	158	190	101
よぞら	夜空	158	190	37
よだん	余談	174	190	37
よっきゅう	欲求	142	190	101
よって	よって	492	190	67
よって	よって	492	190	180
よって	よって	492	190	206
よっぱらい	酔っぱらい	95	190	37
よっぽど	よっぽど	142	190	58
よつや	四谷	174	190	37
よつや	四ッ谷	142	190	37
よてい	予定	571	190	101
よどがわ	淀川	158	190	37
よどばし	ヨドバシ	142	190	37
よどやばし	淀屋橋	142	190	37
よなか	夜中	412	190	37
よの	与野	142	190	37
よのなか	世の中	428	190	37
よび	予備	174	190	37
よびかた	呼び方	142	190	37
よびこう	予備校	158	190	37
よぶん	余分	174	190	120
よほど	よほど	269	190	58
よぼう	予防	158	190	101
よみ	読み	174	190	162
よみうり	読売	158	190	37
よむ	読む	174	190	161
よめ	嫁	158	190	37
よやく	予約	349	190	101
よゆう	余裕	412	190	37
よよぎ	代々木	174	190	37
より	より	619	190	61
よりょく	余力	126	190	37
よる	夜	619	190	37
よる	よる	158	190	161
よろこび	喜び	253	190	37
よろこぶ	喜ぶ	111	190	161
よろしい	よろしい	142	190	152
よろしく	よろしく	587	190	61
よろしく	よろしく	587	190	173
よろしく	宜しく	428	190	61
よわき	弱気	158	190	120
よん	四	206	190	14
よーぐると	ヨーグルト	158	190	37
よーろっぱ	ヨーロッパ	444	190	45
らいう	雷雨	174	190	37
らいおん	ライオン	111	190	37
らいきゃく	来客	95	190	37
らいげつ	来月	698	190	37
らいしゃ	来社	15	190	101
らいしゅう	来週	777	190	37
らいじょう	来場	95	190	101
らいす	ライス	95	190	37
らいせんす	ライセンス	111	190	101
らいてん	来店	95	190	101
らいと	ライト	523	190	37
らいにち	来日	206	190	101
らいねん	来年	968	190	37
らいばる	ライバル	476	190	37
らいひん	来賓	15	190	37
らいふ	ライフ	523	190	37
らいぶ	ライブ	634	190	37
らいん	ライン	571	190	37
らおっくす	ラオックス	142	190	37
らく	楽	650	190	101
らくいち	楽市	0	190	37
らくえん	楽園	95	190	37
らくご	落語	95	190	37
らくさ	落差	15	190	37
らくさつ	落札	142	190	101
らくしょう	楽勝	111	190	101
らくせん	落選	95	190	101
らくたん	落胆	95	190	101
らくだい	落第	15	190	101
らくてん	楽天	396	190	37
らくに	楽に	31	190	61
らくのう	酪農	15	190	37
らくらい	落雷	95	190	101
らくらく	楽々	333	190	61
らくらく	らくらく	95	190	61
らぐびー	ラグビー	158	190	37
らし	らし	365	190	77
らしい	らしい	15	190	152
らしく	らしく	15	190	173
らじお	ラジオ	587	190	37
らっかん	楽観	126	190	101
らっかんてき	楽観的	126	190	120
らっきー	ラッキー	460	190	120
らっこ	ラッコ	15	190	37
らっしゅ	ラッシュ	396	190	37
らふぉーれ	ラフォーレ	95	190	37
らぶ	ラブ	428	190	37
らぶろ	ラブロ	0	190	37
ららぽーと	ららぽーと	158	190	37
られる	られる	15	190	161
らん	欄	126	190	37
らん	蘭	95	190	37
らんおう	卵黄	15	190	37
らんきんぐ	ランキング	492	190	101
らんく	ランク	126	190	101
らんし	乱視	0	190	37
らんち	ランチ	444	190	37
らんど	ランド	412	190	37
らんどせる	ランドセル	95	190	37
らんにゅう	乱入	95	190	101
らんぱく	卵白	15	190	37
らんぷ	ランプ	349	190	37
らんぼう	乱暴	111	190	121
らんまん	爛漫	0	190	120
らーめん	ラーメン	619	190	37
りある	リアル	380	190	120
りか	理科	158	190	37
りかい	理解	698	190	101
りきさく	力作	142	190	37
りく	陸	126	190	37
りくじょう	陸上	142	190	37
りくつ	理屈	206	190	37
りこう	理工	63	190	37
りこん	離婚	79	190	101
りさいくる	リサイクル	253	190	101
りし	利子	158	190	37
りすく	リスク	492	190	37
りすと	リスト	476	190	101
りせい	理性	174	190	37
りそう	理想	428	190	37
りそく	利息	142	190	37
りたいあ	リタイア	158	190	101
りちぎ	律儀	158	190	120
りっしょう	立証	95	190	101
りったい	立体	158	190	37
りっち	リッチ	158	190	120
りっとう	栗東	111	190	37
りっぱ	立派	428	190	120
りつ	率	238	190	37
りてん	利点	190	190	37
りはびり	リハビリ	158	190	101
りびんぐ	リビング	174	190	37
りふぉーむ	リフォーム	158	190	101
りふじん	理不尽	142	190	120
りふれっしゅ	リフレッシュ	158	190	101
りぼん	リボン	174	190	37
りもこん	リモコン	174	190	37
りゃく	略	174	190	101
りゅう	竜	126	190	37
りゅう	柳	79	190	37
りゅう	龍	79	190	37
りゅう	流	31	190	39
りゅうがく	留学	380	190	101
りゅうがくせい	留学生	174	190	37
りゅうきゅう	琉球	111	190	37
りゅうけつ	流血	95	190	101
りゅうこう	流行	269	190	101
りゅうしゅつ	流出	95	190	101
りゅうちょう	流暢	79	190	120
りゅうつう	流通	238	190	101
りゅうねん	留年	95	190	101
りゅうひょう	流氷	95	190	37
りゅうよう	流用	95	190	101
りゆう	理由	761	190	37
りょう	両	698	190	37
りょう	量	634	190	37
りょう	良	396	190	37
りょう	料	158	190	37
りょう	寮	95	190	37
りょう	猟	15	190	37
りょう	陵	15	190	37
りょういき	領域	349	190	37
りょうかい	了解	111	190	101
りょうがえ	両替	31	190	101
りょうがわ	両側	95	190	37
りょうきん	料金	603	190	37
りょうごく	両国	95	190	37
りょうし	漁師	95	190	37
りょうしき	良識	31	190	37
りょうしょう	了承	15	190	101
りょうしん	両親	523	190	42
りょうしん	良心	31	190	37
りょうて	両手	349	190	37
りょうてい	料亭	31	190	37
りょうほう	両方	492	190	37
りょうほう	療法	317	190	37
りょうめん	両面	95	190	37
りょうよう	療養	15	190	101
りょうり	料理	666	190	101
りょうりつ	両立	95	190	101
りょかん	旅館	269	190	37
りょく	力	714	190	39
りょくち	緑地	15	190	37
りょくちゃ	緑茶	79	190	37
りょこう	旅行	746	190	101
りよう	利用	968	190	101
りよう	理容	15	190	37
りらっくす	リラックス	222	190	101
りりく	離陸	142	190	101
りりーす	リリース	365	190	101
りれき	履歴	174	190	37
りろん	理論	412	190	37
りんか	隣家	63	190	37
りんかい	臨海	63	190	37
りんかく	輪郭	95	190	37
りんかん	林間	31	190	37
りんく	リンク	603	190	101
りんぐ	リング	412	190	37
りんご	りんご	126	190	37
りんご	林檎	79	190	37
りんじ	臨時	253	190	37
りんじん	隣人	95	190	41
りんと	凛と	79	190	46
りんり	倫理	95	190	37
りーぐ	リーグ	428	190	37
りーだー	リーダー	396	190	41
るい	類	634	190	101
るいけい	累計	365	190	101
るいせき	累積	349	190	101
るいせん	涙腺	15	190	37
るす	留守	714	190	101
るすでん	留守電	365	190	37
るねす	ルネス	0	190	37
るみね	ルミネ	222	190	37
るん	♪	0	190	33
るーむ	ルーム	666	190	37
るーる	ルール	841	190	37
れあ	レア	269	190	101
れい	例	904	190	37
れい	礼	95	190	101
れいあうと	レイアウト	222	190	101
れいえん	霊園	15	190	37
れいか	冷夏	31	190	37
れいがい	例外	587	190	37
れいき	冷気	15	190	37
れいきゃく	冷却	111	190	101
れいぎ	礼儀	95	190	37
れいじょう	礼状	31	190	37
れいせい	冷静	619	190	120
れいぞうこ	冷蔵庫	476	190	37
れいてき	霊的	95	190	120
れいとう	冷凍	190	190	101
れいとうこ	冷凍庫	95	190	37
れいとうしょくひん	冷凍食品	15	190	37
れいの	例の	460	190	64
れいふく	礼服	79	190	37
れいぼう	冷房	190	190	101
れいんぼー	レインボー	95	190	37
れいんぼーぶりっじ	レインボーブリッジ	0	190	37
れきし	歴史	746	190	37
れきぜん	歴然	126	190	124
れこーど	レコード	412	190	37
れざー	レザー	158	190	37
れじ	レジ	301	190	37
れじめ	レジメ	0	190	37
れじゃっく	レジャック	0	190	37
れじゅめ	レジュメ	0	190	37
れす	レス	444	190	101
れすきゅー	レスキュー	15	190	101
れすとらん	レストラン	634	190	37
れたす	レタス	158	190	37
れっか	劣化	111	190	101
れっしゃ	列車	460	190	37
れっせい	劣勢	95	190	120
れっど	レッド	349	190	37
れつ	列	349	190	37
れとると	レトルト	158	190	37
れぱーとりー	レパートリー	158	190	37
れべる	レベル	746	190	37
れぽーと	レポート	539	190	101
れもん	レモン	333	190	37
れんあい	恋愛	587	190	101
れんきゅう	連休	492	190	37
れんけい	連携	222	190	101
れんけつ	連結	269	190	101
れんこ	連呼	63	190	101
れんこう	連行	79	190	101
れんさ	連鎖	95	190	101
れんさい	連載	380	190	101
れんしゅう	練習	746	190	101
れんしょう	連勝	365	190	101
れんじ	レンジ	460	190	37
れんじつ	連日	539	190	37
れんせん	連戦	95	190	101
れんそう	連想	95	190	101
れんぞく	連続	682	190	101
れんたる	レンタル	396	190	101
れんだ	連打	95	190	101
れんちゅう	連中	365	190	37
れんとげん	レントゲン	95	190	37
れんばん	連番	0	190	37
れんぱ	連覇	95	190	101
れんぱつ	連発	95	190	101
れんめい	連盟	95	190	37
れんめい	連盟	95	190	39
れんめい	連名	15	190	37
れんらく	連絡	793	190	101
れんらくさき	連絡先	206	190	37
れんりつ	連立	95	190	101
れーす	レース	476	190	101
れーだー	レーダー	126	190	37
ろ	炉	47	190	37
ろいほ	ロイホ	111	190	37
ろいやる	ロイヤル	174	190	37
ろいやるほすと	ロイヤルホスト	0	190	37
ろう	老	174	190	75
ろうえい	漏洩	95	190	101
ろうか	廊下	412	190	37
ろうか	老化	95	190	101
ろうがん	老眼	15	190	37
ろうきゅう	老朽	15	190	101
ろうご	老後	142	190	37
ろうさい	労災	15	190	37
ろうじん	老人	714	190	41
ろうそく	ろうそく	95	190	37
ろうたい	老体	15	190	37
ろうどう	労働	603	190	101
ろうどく	朗読	95	190	101
ろうば	老婆	95	190	37
ろうひ	浪費	95	190	101
ろうほう	朗報	269	190	37
ろうれい	老齢	15	190	37
ろかた	路肩	15	190	37
ろく	六	380	190	16
ろく	ろく	95	190	120
ろくおん	録音	317	190	101
ろくが	録画	190	190	101
ろくじぞう	六地蔵	79	190	37
ろくちょうめ	六丁目	0	190	37
ろぐ	ログ	396	190	101
ろぐいん	ログイン	95	190	101
ろけっと	ロケット	269	190	37
ろこつ	露骨	158	190	121
ろしゅつ	露出	142	190	101
ろじ	路地	158	190	37
ろじょう	路上	158	190	37
ろせん	路線	666	190	37
ろちゅう	路駐	0	190	101
ろっかー	ロッカー	126	190	37
ろっく	ロック	619	190	101
ろっこう	六甲	95	190	37
ろっこうみち	六甲道	79	190	37
ろっこつ	肋骨	15	190	37
ろっぽんぎ	六本木	238	190	37
ろてん	露天	444	190	37
ろてん	露店	15	190	37
ろてんぶろ	露天風呂	0	190	37
ろとう	路頭	15	190	37
ろびちか	ロビ地下	0	190	37
ろびんそん	ロビンソン	158	190	37
ろびー	ロビー	333	190	37
ろふと	ロフト	0	190	37
ろぼっと	ロボット	555	190	37
ろまん	ロマン	174	190	37
ろまんす	ロマンス	142	190	37
ろまんちっく	ロマンチック	158	190	120
ろれつ	ろれつ	0	190	37
ろん	論	285	190	37
ろんがい	論外	95	190	120
ろんぎ	論議	269	190	101
ろんぐ	ロング	444	190	37
ろんそう	論争	158	190	101
ろんてん	論点	126	190	37
ろんぶん	論文	571	190	37
ろんり	論理	460	190	37
ろーかる	ローカル	444	190	120
ろーそん	ローソン	333	190	37
ろーど	ロード	365	190	101
ろーぷ	ロープ	269	190	37
わぁ	わぁ	285	190	66
わいわい	ワイワイ	126	190	61
わいわい	わいわい	111	190	61
わいん	ワイン	587	190	37
わか	若	158	190	76
わかい	若い	492	190	152
わかい	和解	79	190	101
わかげ	若気	79	190	37
わかった	わかった	412	190	151
わかって	わかって	412	190	180
わかて	若手	95	190	37
わかば	若葉	95	190	37
わかめ	ワカメ	95	190	37
わかもの	若者	476	190	41
わかやま	和歌山	95	190	37
わかやまし	和歌山市	79	190	37
わからない	わからない	111	190	155
わかり	わかり	95	190	162
わかりにくい	分かりにくい	95	190	152
わかりやすく	分かりやすく	95	190	173
わかる	わかる	238	190	161
わかれ	別れ	95	190	95
わがし	和菓子	95	190	37
わがまま	わがまま	158	190	121
わがまま	ワガママ	95	190	121
わき	脇	174	190	37
わき	わき	142	190	37
わきまえ	わきまえ	95	190	94
わぎゅう	和牛	158	190	37
わく	枠	428	190	37
わくせい	惑星	158	190	37
わくわく	わくわく	142	190	55
わくわく	ワクワク	142	190	55
わけ	わけ	253	190	37
わけ	わけ	253	190	95
わけ	分け	158	190	95
わけ	訳	158	190	37
わこうし	和光市	111	190	37
わさび	わさび	126	190	37
わざ	技	222	190	37
わざ	業	142	190	37
わざと	わざと	222	190	54
わざわざ	わざわざ	492	190	55
わしつ	和室	126	190	37
わしょく	和食	142	190	37
わしんとん	ワシントン	158	190	37
わすれ	忘れ	380	190	95
わすれもの	忘れ物	126	190	37
わずか	僅か	142	190	63
わせだ	早稲田	174	190	37
わた	綿	95	190	37
わたがし	綿菓子	95	190	37
わたくし	私	682	190	101
わたくし	わたくし	460	190	101
わたくしりつ	私立	95	190	75
わたし	私	1000	190	42
わたし	わたし	698	190	42
わたしたち	私達	571	190	43
わたす	渡す	95	190	161
わだい	話題	571	190	37
わだかまり	わだかまり	79	190	37
わな	罠	158	190	37
わに	ワニ	174	190	37
わび	わび	158	190	37
わび	わび	158	190	94
わび	詫び	158	190	94
わび	侘び	95	190	94
わふう	和風	174	190	37
わめき	わめき	142	190	37
わら	わら	111	190	37
わらい	笑い	269	190	37
わらいごえ	笑い声	126	190	37
わらう	笑う	126	190	161
わらえ	笑え	158	190	150
わらえる	笑える	95	190	161
わらって	笑って	142	190	206
わり	割	174	190	37
わりあて	割り当て	95	190	95
わりと	わりと	301	190	46
わる	悪	253	190	78
わる	悪	253	190	120
わるい	悪い	571	190	152
わるい	わるい	111	190	152
わるく	悪く	507	190	173
わるくち	悪口	142	190	37
わるぐち	悪口	142	190	37
わるさ	悪さ	126	190	101
わるもの	悪者	126	190	41
われ	我	158	190	42
われ	割れ	126	190	94
われながら	我ながら	142	190	37
われわれ	我々	619	190	37
わん	ワン	349	190	37
わん	湾	142	190	37
わんがん	湾岸	95	190	37
わんだー	ワンダー	95	190	37
わんぱく	わんぱく	95	190	37
わんまん	ワンマン	95	190	37
わーど	ワード	158	190	80
わーなー	ワーナー	79	190	37
わーるど	ワールド	269	190	37
んで	んで	15	190	218
あぁ	あぁ	0	190	66
あいおい	相生	79	190	37
あいかた	相方	47	190	37
あいかわ	相川	47	190	37
あいがん	愛眼	0	190	37
あいきょう	愛嬌	95	190	37
あいけん	愛犬	95	190	37
あいこう	愛甲	15	190	37
あいことば	合言葉	63	190	37
あいさつ	挨拶	95	190	101
あいして	愛して	47	190	180
あいしゃ	愛車	95	190	37
あいしゅう	哀愁	31	190	37
あいしょう	相性	95	190	37
あいしょう	愛称	31	190	37
あいじょう	愛情	95	190	37
あいじん	愛人	31	190	41
あいす	アイス	95	190	37
あいず	合図	63	190	101
あいそ	愛想	95	190	37
あいたい	会いたい	15	190	152
あいだ	間	95	190	37
あいだ	あいだ	31	190	37
あいだがら	間柄	79	190	37
あいち	愛知	79	190	45
あいちゃく	愛着	79	190	101
あいつ	あいつ	95	190	42
あいてさき	相手先	31	190	37
あいてる	空いてる	15	190	161
あいどく	愛読	79	190	101
あいぼう	相棒	79	190	37
あいま	合間	95	190	37
あいまい	曖昧	95	190	120
あいましょう	会いましょう	15	190	147
あいよう	愛用	95	190	101
あいらんど	アイランド	95	190	37
あいる	アイル	0	190	37
あいろん	アイロン	95	190	101
あう	会う	126	190	161
あうとれっと	アウトレット	126	190	37
あえ	逢え	95	190	150
あえ	和え	79	190	95
あえない	会えない	126	190	155
あえる	AER	0	190	37
あおい	葵	95	190	37
あおう	会おう	79	190	147
あおき	アオキ	63	190	37
あおじろ	青白	15	190	78
あおと	青砥	79	190	37
あおな	青菜	0	190	37
あおば	青葉	15	190	37
あおばだい	青葉台	95	190	37
あおむけ	仰向け	111	190	37
あおむらさき	青紫	15	190	37
あおもの	青物	15	190	37
あか	垢	15	190	37
あかさか	赤坂	95	190	37
あかし	明石	95	190	37
あかし	証	95	190	37
あかしんごう	赤信号	15	190	37
あかばね	赤羽	95	190	37
あからさま	あからさま	95	190	120
あかり	明かり	111	190	37
あかわいん	赤ワイン	15	190	37
あき	空き	15	190	85
あき	飽き	15	190	37
あきしま	昭島	15	190	37
あきた	秋田	79	190	45
あきた	飽きた	47	190	151
あきつ	秋津	63	190	37
あきて	飽きて	79	190	161
あきらめ	あきらめ	95	190	37
あきらめ	あきらめ	95	190	95
あきらめ	諦め	95	190	37
あきらめ	諦め	95	190	95
あきらめた	あきらめた	31	190	151
あきらめた	諦めた	15	190	151
あきらめて	あきらめて	95	190	180
あきらめて	諦めて	79	190	180
あきる	飽きる	79	190	161
あく	悪	126	190	37
あくあしてぃ	アクアシティ	0	190	37
あくい	悪意	95	190	37
あくしつ	悪質	95	190	120
あくしゅ	握手	95	190	101
あくじゅんかん	悪循環	95	190	101
あくせんくとう	悪戦苦闘	15	190	101
あくま	悪魔	111	190	37
あくむ	悪夢	95	190	37
あくりょく	握力	15	190	37
あけ	明け	95	190	94
あけ	空け	95	190	95
あけぼのばし	曙橋	0	190	37
あげお	上尾	95	190	37
あげる	あげる	95	190	161
あこがれて	憧れて	79	190	161
あこがれる	憧れる	79	190	161
あさ	浅	95	190	76
あさ	麻	95	190	37
あさいち	朝市	0	190	37
あさか	朝霞	0	190	37
あさかだい	朝霞台	0	190	37
あさかやま	浅香山	0	190	37
あさがえり	朝帰り	15	190	101
あさがお	朝顔	15	190	37
あさがた	朝方	126	190	37
あさがや	阿佐ヶ谷	79	190	37
あさぎり	朝霧	95	190	37
あさく	浅く	79	190	37
あさくさ	浅草	95	190	37
あさくさばし	浅草橋	47	190	37
あさごはん	朝ごはん	15	190	37
あさしおばし	朝潮橋	0	190	37
あさっぱら	朝っぱら	63	190	37
あさねぼう	朝寝坊	15	190	101
あさひ	あさひ	0	190	37
あさひ	朝日	0	190	45
あさひやま	旭山	0	190	37
あさま	あさま	0	190	37
あさめし	朝飯	15	190	37
あさり	あさり	95	190	37
あざ	アザ	15	190	37
あざみの	あざみ野	15	190	37
あしあと	足跡	95	190	37
あしおと	足音	95	190	37
あしからず	あしからず	15	190	61
あしからず	悪しからず	15	190	61
あしくび	足首	95	190	37
あした	あした	79	190	37
あしはらばし	芦原橋	0	190	37
あしや	芦屋	95	190	37
あしやがわ	芦屋川	0	190	37
あしーね	アシーネ	0	190	37
あじ	安治	0	190	37
あじ	鯵	0	190	37
あじつけ	味付け	95	190	101
あすぱら	アスパラ	0	190	37
あずき	小豆	126	190	37
あせ	褪せ	0	190	94
あせった	焦った	111	190	151
あせる	焦る	95	190	161
あそびに	遊びに	15	190	259
あそぶ	遊ぶ	126	190	161
あそべ	遊べ	95	190	150
あそべる	遊べる	79	190	161
あそぼう	遊ぼう	95	190	147
あそんで	遊んで	15	190	180
あたい	値	95	190	101
あたえる	与える	95	190	161
あたたかい	暖かい	126	190	152
あたった	当たった	95	190	151
あたふた	あたふた	95	190	54
あたり	あたり	95	190	37
あたり	辺り	95	190	37
あたる	当たる	79	190	161
あだぷた	アダプタ	79	190	37
あっか	悪化	126	190	101
あっかん	圧巻	95	190	37
あっけ	あっけ	15	190	37
あっけ	呆気	0	190	37
あっけらかん	あっけらかん	15	190	61
あっしゅく	圧縮	95	190	101
あっせ	ASSE	0	190	37
あっせん	斡旋	95	190	101
あった	会った	95	190	151
あったら	あったら	15	190	133
あって	あって	111	190	180
あって	会って	95	190	180
あっとう	圧倒	95	190	101
あっとほーむ	アットホーム	79	190	120
あっぱく	圧迫	95	190	101
あつかい	扱い	111	190	101
あつかい	扱い	111	190	162
あつぎ	厚木	95	190	37
あつぎ	厚着	79	190	101
あつげしょう	厚化粧	79	190	101
あつみ	厚み	95	190	37
あつめ	集め	126	190	95
あて	宛	15	190	37
あと	跡	126	190	39
あとあじ	後味	111	190	37
あとしまつ	後始末	95	190	101
あとで	後で	15	190	255
あとりお	アトリオ	0	190	37
あとれ	アトレ	79	190	37
あど	アド	95	190	37
あどりぶ	アドリブ	15	190	101
あなうめ	穴埋め	95	190	101
あのまま	あのまま	15	190	37
あはは	あはは	0	190	61
あびこ	あびこ	0	190	37
あびこちょう	我孫子町	0	190	37
あぴあ	アピア	95	190	37
あぴた	アピタ	0	190	37
あぶない	あぶない	95	190	152
あぶらえ	油絵	95	190	37
あべのばし	阿部野橋	0	190	37
あぼし	網干	0	190	37
あまえ	甘え	95	190	37
あまえ	甘え	95	190	95
あまがさき	尼崎	79	190	37
あまみ	天美	0	190	37
あまもり	雨漏り	95	190	101
あめ	飴	126	190	37
あめく	天久	0	190	37
あめむら	アメ村	79	190	37
あめりかむら	アメリカ村	79	190	37
あめりかんびれっじ	アメリカンビレッジ	0	190	37
あやせ	綾瀬	95	190	37
あやまち	過ち	111	190	37
あやまり	謝り	126	190	37
あやめいけ	菖蒲池	0	190	37
あらい	新井	31	190	37
あらしやま	嵐山	95	190	37
あらもと	荒本	0	190	37
あらら	あらら	15	190	66
あらーむ	アラーム	95	190	37
ありがたい	有難い	0	190	152
ありがち	ありがち	95	190	120
ありきたり	ありきたり	95	190	120
ありつけ	ありつけ	95	190	150
ありました	ありました	15	190	151
ありません	ありません	15	190	150
ありゃ	ありゃ	95	190	66
ありゃ	ありゃ	95	190	224
ある	アル	0	190	37
あるいて	歩いて	15	190	180
あるきつかれ	歩き疲れ	31	190	94
あるこーる	アルコール	126	190	37
あるた	アルタ	0	190	37
あるぱーく	アルパーク	0	190	37
あるぷら	アルプラ	0	190	37
あるぷらざ	アルプラザ	0	190	37
あるぺん	アルペン	95	190	37
あれから	あれから	15	190	254
あれは	あれは	31	190	224
あれば	あれば	95	190	215
あろーず	アローズ	111	190	37
あわ	淡	15	190	76
あわざ	阿波座	0	190	37
あわじ	淡路	95	190	37
あわじちょう	淡路町	15	190	37
あわてて	あわてて	95	190	58
あわてて	あわてて	95	190	161
あわび	アワビ	0	190	37
あわれ	哀れ	95	190	121
あわー	アワー	15	190	37
あん	アン	95	190	37
あん	案	95	190	37
あんい	安易	95	190	120
あんがい	案外	126	190	123
あんき	暗記	95	190	101
あんこーる	アンコール	47	190	101
あんごう	暗号	95	190	37
あんざん	安産	63	190	101
あんざん	暗算	15	190	101
あんしょうばんごう	暗証番号	15	190	37
あんしんです	安心です	15	190	138
あんせい	安静	63	190	120
あんた	あんた	111	190	42
あんたい	安泰	63	190	120
あんてい	安定	126	190	101
あんてな	アンテナ	95	190	37
あんど	&	0	190	33
あんない	案内	95	190	101
あんのじょう	案の定	95	190	63
あんばらんす	アンバランス	79	190	120
あんぱん	あんぱん	0	190	37
あんぴ	安否	15	190	37
あんまん	あんまん	0	190	37
あんみん	安眠	95	190	101
あんもく	暗黙	95	190	37
あー	あー	15	190	66
あーけーど	アーケード	95	190	37
あーばん	アーバン	79	190	37
い	位	15	190	80
い	胃	15	190	37
い	亥	0	190	37
いあつ	威圧	15	190	101
いいえ	いいえ	111	190	66
いいかげん	いい加減	111	190	123
いいかた	言い方	126	190	37
いいすぎ	言い過ぎ	95	190	94
いいだばし	飯田橋	95	190	37
いいわけ	言い訳	95	190	101
いいん	委員	95	190	41
いいんかい	委員会	142	190	37
いえいえ	いえいえ	142	190	66
いえいえ	イエイエ	0	190	66
いえがら	家柄	79	190	37
いえす	イエス	142	190	37
いえで	家出	95	190	101
いえない	言えない	111	190	155
いおかーど	イオカード	79	190	37
いか	イカ	95	190	37
いかが	如何	15	190	61
いかが	如何	15	190	120
いかがですか	いかがですか	15	190	230
いかだ	いかだ	15	190	37
いかった	怒った	79	190	151
いかって	怒って	79	190	180
いかつ	いかつ	0	190	78
いかない	行かない	111	190	155
いかり	怒り	95	190	37
いかる	怒る	79	190	161
いかん	いかん	95	190	37
いがく	医学	95	190	37
いがくぶ	医学部	95	190	37
いき	息	111	190	101
いき	域	95	190	37
いき	粋	95	190	120
いき	意気	15	190	37
いき	活き	0	190	95
いきいき	イキイキ	95	190	55
いきおい	いきおい	79	190	63
いきかえり	行き帰り	63	190	37
いきかた	生き方	126	190	37
いきかた	行き方	79	190	37
いきぎれ	息切れ	79	190	101
いきごみ	意気込み	95	190	37
いきさき	行き先	79	190	37
いきすぎ	行き過ぎ	95	190	94
いきたい	行きたい	15	190	152
いきちがい	行き違い	79	190	37
いきとうごう	意気投合	79	190	101
いきぬき	息抜き	95	190	101
いきば	行き場	95	190	37
いきます	行きます	126	190	145
いきもの	生き物	95	190	37
いぎ	異議	15	190	37
いく	いく	95	190	161
いくじ	育児	126	190	101
いくじ	意気地	79	190	37
いくすぴあり	イクスピアリ	79	190	37
いくた	生田	79	190	37
いくら	イクラ	15	190	37
いけ	行け	126	190	94
いけ	いけ	111	190	95
いけがみ	池上	79	190	37
いけじり	池尻	95	190	37
いけだ	池田	126	190	37
いけな	いけな	15	190	76
いけない	行けない	95	190	155
いけば	行けば	95	190	215
いける	行ける	111	190	161
いける	いける	95	190	161
いげん	威厳	95	190	37
いこい	憩い	95	190	37
いこう	意向	142	190	37
いこう	行こう	111	190	147
いこう	いこう	95	190	147
いこく	異国	95	190	37
いこま	生駒	95	190	37
いこーる	=	0	190	33
いご	囲碁	95	190	37
いごこち	居心地	126	190	37
いさん	遺産	142	190	37
いざこざ	いざこざ	15	190	37
いし	石	142	190	37
いし	意思	126	190	37
いし	医師	111	190	37
いしかわ	石川	79	190	45
いしかわ	いしかわ	0	190	37
いしかわちょう	石川町	15	190	37
いしきり	石切	0	190	37
いしだ	石田	95	190	37
いしづがわ	石津川	0	190	37
いしばし	石橋	79	190	37
いしゃ	医者	111	190	41
いしやま	石山	95	190	37
いしゅう	異臭	15	190	37
いしょ	遺書	15	190	37
いしょく	移植	95	190	101
いしょくじゅう	衣食住	95	190	37
いじ	意地	95	190	37
いじっぱり	意地っ張り	47	190	120
いじめ	いじめ	95	190	37
いじめ	いじめ	95	190	94
いじめた	いじめた	79	190	151
いじめる	いじめる	95	190	161
いじゅう	移住	95	190	101
いじわる	意地悪	95	190	121
いずみ	泉	111	190	37
いずみ	和泉	95	190	37
いずみおおつ	泉大津	15	190	37
いずみがおか	泉ヶ丘	0	190	37
いずみがたけ	泉ヶ岳	0	190	37
いずみさの	泉佐野	15	190	37
いせい	威勢	15	190	37
いせえび	伊勢海老	15	190	37
いせたん	伊勢丹	126	190	37
いせだ	伊勢田	0	190	37
いせはら	伊勢原	95	190	37
いそ	磯	95	190	37
いそいで	急いで	15	190	180
いそぎ	急ぎ	95	190	37
いそぐ	急ぐ	126	190	161
いそご	磯子	15	190	37
いぞく	遺族	126	190	41
いた	板	111	190	37
いた	痛	15	190	76
いたいたしい	痛々しい	47	190	152
いたいめ	痛い目	15	190	37
いたかった	痛かった	15	190	151
いたく	痛く	142	190	173
いたく	いたく	95	190	46
いたく	委託	95	190	101
いたくなって	痛くなって	15	190	206
いたし	致し	95	190	162
いたします	致します	95	190	145
いたずら	イタズラ	79	190	101
いたずら	イタズラ	79	190	120
いただき	いただき	95	190	162
いただき	頂	95	190	37
いたばし	板橋	95	190	37
いたみ	伊丹	95	190	37
いため	炒め	95	190	95
いため	痛め	79	190	150
いたやど	板宿	63	190	37
いだい	偉大	111	190	120
いだい	医大	15	190	37
いち	位置	95	190	101
いち	市	95	190	37
いちいん	一員	79	190	37
いちえん	一円	15	190	63
いちかわ	市川	79	190	37
いちがお	市が尾	0	190	37
いちがや	市ヶ谷	47	190	37
いちご	イチゴ	95	190	37
いちご	苺	63	190	37
いちしん	市進	0	190	37
いちにんまえ	一人前	79	190	37
いちねん	一年	95	190	80
いちねんかん	一年間	95	190	80
いちのえ	一之江	0	190	37
いちはやく	いち早く	95	190	60
いちぶん	一文	79	190	37
いちまるきゅう	109	0	190	37
いちょう	胃腸	95	190	37
いちよんいち	141	0	190	37
いちらん	一覧	95	190	101
いちりつ	一律	79	190	101
いちりつ	一律	79	190	120
いちりゅう	一流	95	190	120
いっこだて	一戸建て	63	190	37
いっしょ	いっしょ	95	190	101
いっしょう	一生	95	190	37
いっしょうけんめい	一生懸命	95	190	120
いっそ	いっそ	79	190	61
いっそう	いっそう	95	190	58
いった	行った	95	190	151
いった	言った	95	190	151
いったい	いったい	95	190	46
いったり	行ったり	15	190	101
いったり	言ったり	15	190	101
いったん	一旦	95	190	46
いっち	一致	95	190	101
いっちょうめ	一丁目	0	190	37
いって	行って	95	190	180
いってた	言ってた	15	190	151
いっぱん	一般	95	190	37
いっぺん	いっぺん	15	190	37
いつ	何時	15	190	38
いつか	５日	126	190	37
いつつ	五つ	95	190	80
いつのまにか	いつの間にか	63	190	61
いつのまにか	いつのまにか	15	190	61
いつまで	いつまで	95	190	63
いつまでに	いつまでに	79	190	61
いつまでも	いつまでも	126	190	61
いてざ	いて座	0	190	37
いてざ	射手座	0	190	37
いとこ	いとこ	111	190	42
いとしの	いとしの	0	190	64
いとーよーかどー	イトーヨーカドー	0	190	37
いない	以内	126	190	39
いなげ	稲毛	79	190	37
いなだづつみ	稲田堤	0	190	37
いなでら	猪名寺	0	190	37
いなの	稲野	79	190	37
いなり	稲荷	15	190	37
いなり	いなり	0	190	37
いのって	祈って	111	190	180
いのり	祈り	142	190	37
いのる	祈る	95	190	161
いばしょ	居場所	142	190	37
いばらき	茨木	126	190	37
いばらきし	茨木市	111	190	37
いびき	いびき	15	190	37
いぶくろ	胃袋	15	190	37
いぼ	イボ	0	190	37
いま	居間	95	190	37
いまいち	いまいち	95	190	120
いまいち	今市	15	190	37
いまさら	今更	79	190	60
いまざと	今里	47	190	37
います	います	95	190	145
いまづ	今津	79	190	37
いまでがわ	今出川	15	190	37
いまに	今に	15	190	61
いまふく	今福	63	190	37
いままで	今まで	15	190	63
いまみや	今宮	79	190	37
いや	イヤ	126	190	66
いや	否	0	190	66
いやぁ	いやぁ	0	190	66
いやいや	嫌々	79	190	63
いやがらせ	嫌がらせ	95	190	101
いやがる	嫌がる	95	190	161
いやして	癒して	15	190	206
いやー	イヤー	79	190	37
いらいら	イライラ	111	190	63
いりょう	衣料	111	190	37
いる	居る	111	190	161
いるまし	入間市	111	190	37
いるみねーしょん	イルミネーション	126	190	37
いわ	岩	111	190	37
いわい	祝	95	190	37
いわい	祝い	95	190	101
いわい	祝い	95	190	162
いわう	祝う	79	190	161
いわかん	違和感	111	190	37
いわし	鰯	0	190	37
いわた	岩田	95	190	37
いわたや	岩田屋	63	190	37
いわつき	岩槻	95	190	37
いわて	岩手	79	190	45
いわふね	磐船	0	190	37
いわもとちょう	岩本町	0	190	37
いわれた	言われた	15	190	151
いわれて	言われて	15	190	180
いん	イン	111	190	37
いん	印	95	190	101
いん	員	15	190	41
いんかん	印鑑	95	190	37
いんき	陰気	95	190	120
いんこ	インコ	15	190	37
いんさつ	印刷	142	190	101
いんしゅ	飲酒	63	190	101
いんしょく	飲食	47	190	101
いんすたんと	インスタント	95	190	37
いんたい	引退	95	190	101
いんたびゅー	インタビュー	95	190	101
いんたー	インター	95	190	37
いんち	インチ	95	190	80
いんちき	インチキ	63	190	101
いんちき	インチキ	63	190	120
いんてっくす	インテックス	15	190	37
いんでっくす	インデックス	95	190	101
いんぱくと	インパクト	95	190	37
いんふるえんざ	インフルエンザ	95	190	37
いんぼう	陰謀	95	190	37
いんめつ	隠滅	15	190	101
いんよう	引用	95	190	101
いんりょく	引力	15	190	37
いーびーんず	EBeanS	0	190	37
うぃず	ウィズ	0	190	37
うえ	飢え	95	190	94
うえのしば	上野芝	0	190	37
うえのどうぶつえん	上野動物園	15	190	37
うえほんまち	上本町	79	190	37
うおざ	うお座	0	190	37
うおざ	魚座	0	190	37
うおざき	魚崎	79	190	37
うおたみ	魚民	79	190	37
うかがい	伺い	95	190	37
うかった	受かった	95	190	151
うきま	浮間	79	190	37
うぐいす	ウグイス	15	190	37
うけ	うけ	95	190	95
うごきはじめ	動き始め	95	190	94
うざい	ウザイ	0	190	152
うしく	牛久	95	190	37
うす	臼	0	190	37
うそつき	嘘つき	15	190	37
うたつやま	卯辰山	0	190	37
うだうだ	うだうだ	0	190	55
うちいわい	内祝い	0	190	101
うちで	打出	0	190	37
うちなだ	内灘	0	190	37
うちわ	うちわ	15	190	37
うちんだい	内代	0	190	37
うつり	写り	47	190	39
うてん	雨天	15	190	37
うねの	畦野	0	190	37
うまかった	うまかった	0	190	151
うみ	生み	95	190	37
うみ	産み	95	190	37
うみ	膿	0	190	37
うみのなかみち	海の中道	0	190	37
うみびらき	海開き	15	190	101
うめじま	梅島	0	190	37
うら	浦	79	190	37
うらみ	恨み	95	190	37
うらみ	怨み	79	190	37
うらめん	裏面	15	190	37
うらやす	浦安	95	190	37
うらやましく	羨ましく	79	190	173
うりわり	瓜破	0	190	37
うれしかった	嬉しかった	15	190	151
うろおぼえ	うろ覚え	0	190	101
うんが	運河	95	190	37
うんきゅう	運休	79	190	101
うんこう	運行	95	190	101
うんざり	うんざり	95	190	59
うんそう	運送	95	190	101
うんちん	運賃	95	190	37
うんどうかい	運動会	95	190	37
うんゆ	運輸	15	190	37
えいすう	英数	0	190	37
えいてぃーしー	ATC	0	190	37
えがのしょう	恵我ノ荘	0	190	37
えきすぽらんど	エキスポランド	0	190	37
えくぼ	えくぼ	0	190	37
えくぼ	エクボ	0	190	37
えすえる	SL	0	190	37
えすてーる	エステール	0	190	37
えすと	EST	0	190	37
えすとわん	EST-1	0	190	37
えすぱ	エスパ	0	190	37
えすぱる	S-PAL	0	190	37
えすぱーな	エスパーナ	0	190	37
えっ	エッ	0	190	66
えどがわだい	江戸川台	0	190	37
えーえむぴーえむ	am/pm	0	190	37
えーるえーる	エールエール	0	190	37
おい	老い	95	190	94
おいけ	御池	79	190	37
おいしかった	おいしかった	15	190	151
おいしかった	美味しかった	15	190	151
おいしく	おいしく	142	190	173
おいしく	美味しく	111	190	173
おいっこ	甥っ子	79	190	37
おいつめ	追い詰め	79	190	95
おいのり	お祈り	95	190	100
おいる	オイル	126	190	37
おいわい	お祝い	95	190	100
おう	王	142	190	37
おう	おう	15	190	66
おう	欧	15	190	37
おういん	押印	15	190	101
おうえんします	応援します	0	190	145
おうえんする	応援する	15	190	161
おうきゅう	応急	95	190	37
おうぎまち	扇町	63	190	37
おうこく	王国	95	190	37
おうさま	王様	95	190	37
おうじ	応じ	95	190	95
おうじ	王子	95	190	37
おうじ	王寺	15	190	37
おうたい	応対	95	190	101
おうだん	横断	95	190	101
おうちゃく	横着	47	190	101
おうちゃく	横着	47	190	120
おうとう	応答	95	190	101
おうとつ	凹凸	15	190	37
おうばく	黄檗	0	190	37
おうふく	往復	95	190	101
おうへい	横柄	79	190	120
おうぼう	横暴	63	190	120
おうみ	近江	95	190	37
おうよう	応用	95	190	101
おうりょう	横領	95	190	101
おぉ	おぉ	0	190	66
おお	おお	95	190	66
おおあめ	大雨	95	190	37
おおあれ	大荒れ	63	190	101
おおいし	大石	31	190	37
おおいずみ	大泉	31	190	37
おおいそぎ	大急ぎ	31	190	101
おおいた	大分	79	190	45
おおいまち	大井町	31	190	37
おおおか	大岡	95	190	37
おおおかやま	大岡山	0	190	37
おおかみ	狼	31	190	37
おおがた	大型	95	190	120
おおき	大き	63	190	77
おおきさ	大きさ	95	190	37
おおきさ	大きさ	95	190	282
おおきめ	大きめ	95	190	120
おおぎ	青木	63	190	37
おおくぼ	大久保	79	190	37
おおくら	大蔵	31	190	37
おおくらやま	大倉山	15	190	37
おおぐち	大口	63	190	37
おおげさ	大げさ	95	190	120
おおげさ	大袈裟	79	190	120
おおげさ	おおげさ	63	190	120
おおげんか	大喧嘩	31	190	101
おおごえ	大声	95	190	37
おおごしょ	大御所	79	190	37
おおさか	おおさか	0	190	37
おおさかこう	大阪港	31	190	37
おおさかじょう	大阪城	47	190	37
おおさき	大崎	31	190	37
おおさわ	大沢	31	190	37
おおさわぎ	大騒ぎ	95	190	101
おおしごと	大仕事	63	190	37
おおじま	大島	79	190	37
おおぜい	大勢	95	190	37
おおそうじ	大掃除	95	190	101
おおぞん	大損	47	190	101
おおたがわ	太田川	15	190	37
おおつ	大津	79	190	37
おおつか	大塚	95	190	37
おおつぶ	大粒	79	190	37
おおてまち	大手町	79	190	37
おおとり	鳳	63	190	37
おおどおり	大通	0	190	37
おおの	大野	0	190	37
おおはし	大橋	63	190	37
おおはば	大幅	126	190	120
おおふな	大船	15	190	37
おおほり	大濠	0	190	37
おおみそか	大晦日	95	190	37
おおみや	大宮	95	190	37
おおむかし	大昔	79	190	37
おおめ	多め	95	190	120
おおもじ	大文字	79	190	37
おおもの	大物	95	190	37
おおもり	大森	79	190	37
おおやけ	公	79	190	37
おおやま	大山	95	190	37
おおゆき	大雪	95	190	37
おおよそ	おおよそ	95	190	63
おおわらい	大笑い	95	190	101
おか	丘	95	190	37
おか	岡	95	190	37
おかいもの	お買い物	79	190	101
おかげ	お陰	95	190	37
おかげさま	おかげさま	126	190	37
おかしい	おかしい	142	190	152
おかず	おかず	95	190	37
おかちまち	御徒町	95	190	37
おかば	岡場	0	190	37
おかまち	岡町	0	190	37
おかもと	岡本	0	190	37
おかやま	岡山	95	190	45
おがわまち	小川町	47	190	37
おき	起き	142	190	95
おき	沖	95	190	37
おきがる	お気軽	15	190	120
おきた	起きた	95	190	151
おきたら	起きたら	63	190	133
おきて	起きて	95	190	180
おきて	掟	15	190	37
おきます	おきます	79	190	145
おきる	起きる	95	190	161
おぎ	荻	95	190	37
おぎくぼ	荻窪	95	190	37
おく	億	126	190	30
おく	おく	95	190	161
おく	億	0	190	37
おくがい	屋外	95	190	37
おくさま	奥様	95	190	44
おくじょう	屋上	95	190	37
おくそく	憶測	79	190	101
おくった	送った	111	190	151
おくって	送って	95	190	180
おくない	屋内	95	190	37
おくば	奥歯	15	190	37
おくびょう	臆病	95	190	120
おくり	送り	95	190	37
おくりさき	送り先	15	190	37
おくりじょう	送り状	31	190	37
おくります	送ります	95	190	145
おくる	送る	95	190	161
おくれ	遅れ	126	190	94
おくれ	後れ	31	190	94
おくれた	遅れた	31	190	151
おくれて	遅れて	95	190	161
おくれる	遅れる	111	190	161
おけ	桶	15	190	37
おけがわ	桶川	111	190	37
おける	おける	95	190	161
おこった	怒った	15	190	151
おこって	怒って	15	190	206
おこってる	怒ってる	15	190	161
おことわり	お断り	47	190	100
おこない	行い	95	190	37
おこのみ	お好み	95	190	37
おこのみやき	お好み焼き	79	190	37
おこる	怒る	95	190	161
おごって	おごって	31	190	180
おさいふ	お財布	95	190	37
おさえ	抑え	142	190	37
おさきに	お先に	15	190	54
おさそい	お誘い	95	190	100
おさめ	収め	95	190	95
おさめ	納め	95	190	95
おさめ	治め	31	190	95
おさわがせ	お騒がせ	79	190	101
おさん	お産	95	190	101
おざき	尾崎	95	190	37
おざく	小作	0	190	37
おし	押し	95	190	101
おしあげ	押上	63	190	37
おしあわせ	お幸せ	79	190	37
おしい	惜しい	79	190	152
おしえご	教え子	15	190	37
おしえて	教えて	111	190	180
おしかり	お叱り	79	190	37
おしく	惜しく	95	190	173
おしぼり	おしぼり	15	190	37
おしゃべり	おしゃべり	95	190	120
おしらせ	お知らせ	142	190	100
おじ	おじ	95	190	94
おじ	叔父	95	190	42
おじ	伯父	15	190	42
おじいさん	お爺さん	79	190	44
おじいちゃん	おじいちゃん	95	190	44
おじゃま	お邪魔	95	190	101
おす	雄	111	190	37
おす	お酢	79	190	37
おすし	お寿司	79	190	37
おせじ	お世辞	142	190	37
おそ	遅	31	190	78
おそうしき	お葬式	79	190	37
おそかった	遅かった	15	190	151
おそく	遅く	142	190	37
おそくなって	遅くなって	15	190	180
おそまつ	お粗末	15	190	120
おそれ	恐れ	126	190	94
おそれいります	恐れ入ります	15	190	145
おそろしい	恐ろしい	126	190	152
おそろしく	恐ろしく	111	190	173
おたる	小樽	95	190	37
おたんじょう	お誕生	79	190	37
おたんじょうび	お誕生日	95	190	37
おだいじ	お大事	31	190	120
おだいば	お台場	95	190	37
おだきゅう	小田急	95	190	37
おだやか	穏やか	142	190	120
おだわら	小田原	95	190	37
おち	堕ち	15	190	94
おちこみ	落ち込み	95	190	37
おちこむ	落ち込む	95	190	161
おちこんで	落ち込んで	15	190	161
おちついて	落ち着いて	15	190	180
おちつかない	落ち着かない	95	190	155
おちつき	落ち着き	111	190	37
おちつく	落ち着く	79	190	161
おちつけ	落ち着け	15	190	150
おちゃのみず	御茶ノ水	15	190	37
おちゃわん	お茶碗	79	190	37
おちゅうげん	お中元	142	190	37
おっ	おっ	142	190	66
おっちゃん	おっちゃん	95	190	44
おっと	おっと	15	190	66
おっぱま	追浜	15	190	37
おつ	乙	111	190	120
おつかれさまです	お疲れ様です	15	190	138
おてん	汚点	15	190	37
おでかけ	お出掛け	15	190	104
おでん	おでん	95	190	37
おとうさん	お父さん	126	190	44
おとうと	弟	111	190	42
おとこのこ	男の子	126	190	37
おとこまえ	男前	15	190	37
おとしだま	お年玉	95	190	37
おとずれ	訪れ	95	190	94
おととい	一昨日	79	190	37
おととし	一昨年	111	190	37
おとなし	おとなし	15	190	77
おとなり	お隣	79	190	37
おとめ	乙女	95	190	37
おとめざ	おとめ座	63	190	37
おとめざ	乙女座	63	190	37
おとり	おとり	31	190	37
おとろえ	衰え	95	190	94
おどおど	おどおど	79	190	54
おどし	脅し	95	190	37
おどり	踊り	95	190	39
おどり	躍り	15	190	37
おどろいて	驚いて	15	190	206
おどろき	驚き	95	190	37
おどろく	驚く	95	190	161
おなか	お腹	142	190	37
おなりもん	御成門	0	190	37
おねがい	御願い	111	190	100
おねがいいたします	お願い致します	15	190	145
おねがいします	お願いします	15	190	145
おねがいする	お願いする	15	190	161
おねがいもうしあげます	お願い申し上げます	15	190	145
おの	小野	79	190	37
おの	斧	0	190	37
おはなしちゅう	お話中	0	190	37
おはなぢゃや	お花茶屋	0	190	37
おば	叔母	95	190	42
おばやし	小林	79	190	37
おひさしぶりです	お久しぶりです	15	190	138
おひつじざ	牡羊座	79	190	37
おひつじざ	おひつじ座	0	190	37
おひろめ	お披露目	15	190	101
おびえ	怯え	95	190	94
おびえ	おびえ	79	190	94
おびやまち	帯屋町	0	190	37
おぼれ	溺れ	95	190	94
おまえ	おまえ	142	190	42
おまかせ	おまかせ	142	190	100
おまかせ	お任せ	126	190	100
おまつり	お祭り	95	190	101
おみまい	お見舞い	126	190	100
おみやげ	おみやげ	142	190	37
おむかえ	お迎え	142	190	100
おめでたい	おめでたい	95	190	152
おも	主	95	190	120
おも	重	15	190	78
おもい	重い	95	190	152
おもい	想い	15	190	37
おもいがけない	思いがけない	31	190	152
おもいつき	思い付き	15	190	37
おもいで	思い出	95	190	37
おもいやり	思いやり	95	190	37
おもさ	重さ	95	190	37
おもしろ	面白	95	190	78
おもしろ	面白	31	190	121
おもしろ	おもしろ	15	190	121
おもしろい	おもしろい	95	190	152
おもしろかった	おもしろかった	15	190	151
おもしろかった	面白かった	15	190	151
おもしろく	おもしろく	95	190	173
おもしろく	面白く	95	190	173
おもて	表	95	190	37
おもて	面	95	190	37
おもろい	おもろい	15	190	152
おもわず	思わず	0	190	158
おや	おや	126	190	66
おやこうこう	親孝行	95	190	120
おやすみ	おやすみ	95	190	66
おやすみなさい	おやすみなさい	95	190	66
おやばか	親バカ	95	190	37
おやぶん	親分	95	190	37
おやま	小山	95	190	37
おやゆび	親指	95	190	37
およぎ	泳ぎ	111	190	101
おり	降り	126	190	95
おり	下り	95	190	95
おりえんてーしょん	オリエンテーション	15	190	101
おりぐち	降り口	0	190	37
おります	おります	95	190	145
おれい	お礼	142	190	101
おれか	オレカ	0	190	37
おれんじ	オレンジ	142	190	37
おろし	下ろし	111	190	37
おろし	降ろし	79	190	39
おわかれ	お別れ	95	190	100
おわだ	大和田	63	190	37
おわったら	終わったら	15	190	133
おわって	終わって	142	190	180
おわび	お詫び	111	190	100
おわらい	お笑い	142	190	104
おわる	終わる	126	190	161
おん	オン	95	190	37
おん	御	15	190	71
おんかん	音感	95	190	37
おんきょう	音響	95	190	37
おんけい	恩恵	95	190	37
おんげん	音源	111	190	37
おんこう	温厚	95	190	120
おんし	恩師	95	190	37
おんしつ	温室	95	190	37
おんしつ	音質	95	190	37
おんじん	恩人	79	190	41
おんせい	音声	111	190	37
おんち	音痴	95	190	37
おんてい	音程	63	190	37
おんど	温度	126	190	37
おんぷ	音符	79	190	37
おんぷ	♪	0	190	33
おんらいん	オンライン	126	190	37
おんれい	御礼	79	190	37
おー	オー	95	190	66
おーい	おーい	111	190	66
おーくら	オークラ	47	190	37
おーとばっくす	オートバックス	47	190	37
おーなー	オーナー	111	190	41
おーばー	オーバー	111	190	120
おーぱ	OPA	0	190	37
おーびす	オービス	63	190	37
おーぶん	オーブン	79	190	37
おーぷにんぐ	オープニング	111	190	101
か	下	15	190	39
か	科	15	190	39
か	課	15	190	80
かぁ	かぁ	0	190	66
かあさん	母さん	158	190	44
かい	会	126	190	37
かい	買い	95	190	37
かい	かい	15	190	37
かい	海	15	190	39
かい	界	15	190	37
かい	貝	15	190	37
かい	階	15	190	80
かいうん	開運	79	190	37
かいえん	開演	95	190	101
かいえん	開園	79	190	101
かいかい	開会	31	190	101
かいかえ	買い換え	31	190	95
かいかえ	買い替え	31	190	95
かいかく	改革	95	190	101
かいかん	快感	63	190	37
かいかん	会館	47	190	37
かいがら	貝殻	15	190	37
かいがん	海岸	95	190	37
かいきょ	快挙	47	190	37
かいきょう	海峡	63	190	37
かいきん	解禁	63	190	101
かいきん	皆勤	15	190	101
かいぎ	会議	95	190	101
かいぎしつ	会議室	79	190	37
かいぎょう	改行	31	190	101
かいけい	会計	95	190	101
かいけつ	解決	95	190	101
かいけん	会見	79	190	101
かいこ	解雇	79	190	101
かいご	介護	95	190	101
かいさい	開催	126	190	101
かいさつ	改札	63	190	101
かいさつぐち	改札口	15	190	37
かいさん	解散	79	190	101
かいし	開始	111	190	101
かいしょう	解消	95	190	101
かいしん	回診	0	190	101
かいじゅう	怪獣	31	190	37
かいじょ	解除	95	190	101
かいじょう	会場	111	190	37
かいじょう	海上	31	190	37
かいじょう	開場	15	190	101
かいすい	海水	79	190	37
かいすいよく	海水浴	79	190	37
かいすう	回数	95	190	101
かいすう	階数	15	190	37
かいすうけん	回数券	63	190	37
かいせい	快晴	47	190	37
かいせき	解析	47	190	101
かいせつ	解説	95	190	101
かいせつ	開設	95	190	101
かいぜん	改善	95	190	101
かいそう	改装	79	190	101
かいそう	回想	31	190	101
かいそう	海草	15	190	37
かいそく	快速	47	190	37
かいぞう	改造	95	190	101
かいぞく	海賊	47	190	37
かいた	書いた	95	190	151
かいたい	解体	63	190	101
かいだく	快諾	47	190	101
かいだし	買い出し	63	190	101
かいだん	階段	95	190	37
かいだん	怪談	15	190	37
かいちく	改築	63	190	101
かいちゅうでんとう	懐中電灯	15	190	37
かいちょう	会長	95	190	41
かいちょう	快調	79	190	120
かいつう	開通	79	190	101
かいづか	貝塚	0	190	37
かいて	書いて	79	190	180
かいてい	改定	47	190	101
かいてい	改訂	31	190	101
かいてき	快適	95	190	120
かいてん	回転	95	190	101
かいてんずし	回転寿司	0	190	37
かいとう	回答	95	190	101
かいとう	解答	95	190	101
かいとう	解凍	31	190	101
かいどう	街道	79	190	37
かいどく	買い得	31	190	120
かいにん	解任	79	190	101
かいにん	懐妊	0	190	101
かいぬし	飼い主	95	190	37
かいひ	回避	95	190	101
かいひ	会費	79	190	37
かいひん	海浜	15	190	37
かいひんこうえん	海浜公園	0	190	37
かいふう	開封	79	190	101
かいふく	回復	95	190	101
かいぶつ	怪物	79	190	37
かいへい	開閉	95	190	101
かいほう	解放	95	190	101
かいほう	会報	79	190	37
かいほう	開放	79	190	101
かいほう	介抱	15	190	101
かいほう	快方	15	190	37
かいほうてき	開放的	63	190	120
かいぼう	解剖	47	190	101
かいまく	開幕	95	190	101
かいみん	快眠	79	190	101
かいむ	皆無	95	190	120
かいめ	回目	15	190	39
かいめい	解明	95	190	101
かいもの	買い物	95	190	101
かいやく	解約	95	190	101
かいゆうかん	海遊館	79	190	37
かいらん	回覧	79	190	101
かいりき	怪力	15	190	37
かいりょう	改良	95	190	101
かいわ	会話	95	190	101
かいんず	カインズ	0	190	37
かうんせらー	カウンセラー	142	190	37
かうんせりんぐ	カウンセリング	142	190	101
かえ	代え	95	190	95
かえ	換え	95	190	95
かえ	替え	95	190	95
かえし	返し	95	190	37
かえった	帰った	142	190	151
かえったら	帰ったら	0	190	133
かえって	帰って	126	190	180
かえってくる	帰ってくる	15	190	161
かえました	変えました	31	190	151
かえり	返り	63	190	37
かえりみち	帰り道	95	190	37
かえる	帰る	111	190	161
かえる	変える	95	190	161
かえる	蛙	15	190	37
かえれ	帰れ	95	190	141
かえれる	帰れる	79	190	161
かおいろ	顔色	142	190	37
かおく	家屋	142	190	37
かおむけ	顔向け	0	190	37
かかえ	抱え	95	190	95
かかって	かかって	142	190	180
かかと	かかと	95	190	37
かかり	かかり	95	190	162
かかり	係	95	190	37
かかりいん	係員	95	190	41
かかる	かかる	111	190	64
かかる	かかる	111	190	161
かかわり	関わり	95	190	37
かかわりあい	かかわり合い	15	190	37
かかん	果敢	95	190	120
かがいしゃ	加害者	95	190	41
かがく	科学	158	190	101
かがく	化学	31	190	37
かがくぶ	科学部	79	190	37
かがみ	鏡	111	190	37
かがみもち	鏡餅	0	190	37
かがや	加賀屋	15	190	37
かがやき	輝き	95	190	37
かがわ	香川	79	190	45
かき	カキ	95	190	37
かき	夏期	95	190	37
かき	柿	95	190	37
かき	牡蠣	79	190	37
かきお	柿生	0	190	37
かきこみ	書き込み	142	190	162
かきごおり	かき氷	15	190	37
かきとめ	書留	95	190	37
かきょう	佳境	15	190	37
かぎ	カギ	126	190	37
かぎり	限り	95	190	37
かく	核	95	190	37
かくう	架空	95	190	120
かくえき	各駅	95	190	37
かくご	覚悟	95	190	101
かくし	隠し	95	190	101
かくしつ	確執	111	190	101
かくしゅう	隔週	95	190	37
かくしん	核心	111	190	101
かくしん	確信	111	190	101
かくじ	各自	95	190	37
かくだい	拡大	126	190	101
かくち	各地	142	190	37
かくてい	確定	95	190	101
かくてい	各停	0	190	37
かくとう	格闘	95	190	101
かくど	角度	95	190	37
かくほ	確保	95	190	101
かくまく	角膜	15	190	37
かくめい	革命	95	190	37
かくやく	確約	15	190	101
かくやす	格安	126	190	120
かくり	隔離	63	190	101
かくりつ	確率	95	190	37
かくれ	隠れ	95	190	95
かぐ	家具	95	190	37
かぐらざか	神楽坂	79	190	37
かけ	掛け	111	190	95
かけ	欠け	95	190	94
かけ	駆け	15	190	95
かけ	懸け	0	190	95
かけい	家計	111	190	37
かけい	家系	95	190	37
かけた	かけた	126	190	151
かけら	かけら	95	190	37
かける	かける	142	190	161
かける	×	47	190	33
かげき	過激	126	190	120
かげつ	ヵ月	15	190	80
かげつ	ヶ月	0	190	80
かげん	加減	95	190	101
かこい	囲い	95	190	101
かこう	下降	126	190	101
かこがわ	加古川	95	190	37
かこけい	過去形	95	190	37
かこみ	囲み	95	190	37
かごしま	鹿児島	142	190	45
かごん	過言	142	190	37
かさい	葛西	95	190	37
かさかさ	カサカサ	95	190	61
かさなり	重なり	95	190	37
かざしも	風下	15	190	37
かざむき	風向き	15	190	37
かざり	飾り	142	190	37
かざりつけ	飾りつけ	63	190	95
かざん	火山	111	190	37
かし	菓子	111	190	37
かし	貸し	95	190	37
かし	樫	0	190	37
かしだし	貸出し	0	190	101
かしつ	過失	95	190	37
かしつき	加湿器	79	190	37
かして	貸して	95	190	180
かしはら	橿原	95	190	37
かしま	加島	15	190	37
かしゅ	歌手	142	190	37
かしょう	過小	63	190	120
かしょうりょく	歌唱力	95	190	37
かしら	かしら	15	190	292
かしわ	柏	95	190	37
かしわもち	柏餅	0	190	37
かしわら	柏原	47	190	37
かしん	過信	95	190	101
かじ	家事	126	190	37
かじ	火事	95	190	37
かじがや	梶が谷	0	190	37
かす	カス	15	190	37
かす	粕	0	190	37
かすかべ	春日部	79	190	37
かすがのみち	春日野道	0	190	37
かすみがせき	霞ヶ関	79	190	37
かせい	家政	15	190	37
かせぎ	稼ぎ	142	190	101
かせつ	仮設	95	190	101
かぜい	課税	126	190	101
かそ	過疎	15	190	120
かそう	仮想	142	190	101
かた	方	142	190	37
かた	型	126	190	37
かた	かた	15	190	76
かたおもい	片想い	0	190	101
かたかな	カタカナ	79	190	37
かたがた	方々	15	190	37
かたがわ	片側	95	190	37
かたき	敵	79	190	37
かたき	仇	15	190	37
かたくりこ	片栗粉	79	190	37
かたこと	片言	15	190	37
かたこり	肩こり	95	190	101
かたた	堅田	79	190	37
かたづけ	片付け	95	190	95
かたて	片手	126	190	37
かたてま	片手間	79	190	120
かたな	刀	95	190	37
かたのし	交野市	0	190	37
かたほう	片方	142	190	37
かたまち	片町	15	190	37
かたまり	塊	95	190	37
かたみ	肩身	95	190	37
かたみ	形見	15	190	37
かたみち	片道	111	190	37
かたむけ	傾け	95	190	95
かため	固め	95	190	95
かため	硬め	79	190	120
かため	堅め	47	190	37
かためん	片面	15	190	37
かたろぐ	カタログ	95	190	37
かちく	家畜	95	190	37
かちゅう	渦中	15	190	37
かちょう	課長	111	190	41
かっき	活気	95	190	37
かっこ	()	0	190	33
かっこ	「」	0	190	33
かっこ	『』	0	190	33
かっこ	【】	0	190	33
かっこいい	かっこいい	79	190	152
かった	買った	126	190	151
かったー	カッター	95	190	37
かって	買って	126	190	180
かって	勝って	95	190	206
かってきて	買ってきて	15	190	180
かっと	カット	111	190	101
かっぱつ	活発	95	190	121
かっぷ	カップ	111	190	37
かつ	活	95	190	37
かつ	勝つ	15	190	161
かつ	且つ	0	190	67
かつじ	活字	111	190	37
かつただい	勝田台	0	190	37
かつやく	活躍	142	190	101
かつよう	活用	142	190	101
かつら	桂	95	190	37
かつらはま	桂浜	31	190	37
かつりょく	活力	126	190	37
かて	勝て	126	190	150
かてごり	カテゴリ	111	190	37
かてない	勝てない	95	190	155
かてる	勝てる	95	190	161
かど	門	142	190	37
かど	角	95	190	37
かどう	稼働	95	190	101
かどう	華道	15	190	37
かどまし	門真市	47	190	37
かな	かな	111	190	267
かな	仮名	15	190	37
かない	家内	111	190	37
かなえ	叶え	79	190	95
かなえ	叶え	79	190	150
かなおか	金岡	63	190	37
かながわ	神奈川	126	190	37
かなぐ	金具	95	190	37
かなざわ	金沢	95	190	37
かなし	悲し	15	190	77
かなし	哀し	0	190	77
かなしい	悲しい	126	190	152
かなしく	悲しく	95	190	173
かなしみ	悲しみ	95	190	37
かなしみ	哀しみ	0	190	37
かなで	奏で	95	190	95
かなまち	金町	63	190	37
かなめちょう	要町	0	190	37
かに	蟹	126	190	37
かにざ	蟹座	111	190	37
かにざ	かに座	95	190	37
かね	兼ね	95	190	95
かね	鐘	15	190	37
かねつ	加熱	111	190	101
かねもうけ	金儲け	95	190	101
かねもち	金持ち	142	190	37
かのう	化膿	47	190	101
かば	樺	79	190	37
かばん	鞄	142	190	37
かばん	かばん	126	190	37
かふぇ	カフェ	142	190	37
かふん	花粉	126	190	37
かふんしょう	花粉症	111	190	37
かぶ	下部	95	190	37
かぶしきがいしゃ	株式会社	15	190	37
かぶぬし	株主	126	190	37
かほう	家宝	15	190	37
かほご	過保護	126	190	120
かま	窯	15	190	37
かまがや	鎌ヶ谷	0	190	37
かまた	蒲田	95	190	37
かみ	紙	142	190	37
かみ	加美	0	190	37
かみがた	髪型	95	190	37
かみさま	神様	142	190	37
かみなり	雷	95	190	37
かみのけ	髪の毛	126	190	37
かみひとえ	紙一重	15	190	37
かみぶくろ	紙袋	95	190	37
かみやちょう	神谷町	15	190	37
かめ	亀	126	190	37
かめあり	亀有	95	190	37
かめいど	亀戸	79	190	37
かめおか	亀岡	95	190	37
かめれおん	カメレオン	15	190	37
かもい	鴨居	15	190	37
かやく	火薬	15	190	37
かやしま	萱島	0	190	37
かやばちょう	茅場町	95	190	37
かゆ	かゆ	15	190	78
かゆ	粥	15	190	37
かよう	通う	126	190	161
かよう	(火)	0	190	33
かよって	通って	126	190	180
から	殻	95	190	37
からおけ	カラオケ	126	190	37
からくち	辛口	111	190	37
からし	カラシ	15	190	37
からすま	烏丸	63	190	37
からすやま	烏山	63	190	37
からっぽ	空っぽ	95	190	120
からて	空手	95	190	37
からとう	辛党	0	190	37
からみ	絡み	95	190	37
かり	仮	142	190	37
かりすま	カリスマ	142	190	37
かるがる	軽々	111	190	61
かれい	華麗	111	190	120
かれし	彼氏	142	190	42
かれんだー	カレンダー	126	190	37
かれー	カレー	142	190	37
かわ	革	95	190	37
かわ	河	15	190	37
かわ	皮	15	190	37
かわい	かわい	15	190	77
かわいい	可愛い	142	190	152
かわいかった	可愛かった	0	190	151
かわいく	可愛く	95	190	173
かわいじゅく	河合塾	31	190	37
かわいそう	かわいそう	95	190	120
かわいそう	可哀想	15	190	120
かわいらしい	かわいらしい	79	190	152
かわき	渇き	79	190	37
かわき	乾き	63	190	37
かわぐち	川口	95	190	37
かわごえ	川越	95	190	37
かわごえし	川越市	79	190	37
かわさき	川崎	142	190	37
かわち	河内	95	190	37
かわち	カワチ	0	190	37
かわちもり	河内森	0	190	37
かわった	変わった	126	190	151
かわって	変わって	111	190	180
かわにし	川西	63	190	37
かわゆかった	可愛かった	0	190	151
かわゆく	可愛く	79	190	173
かわらない	変わらない	95	190	155
かわらまち	河原町	79	190	37
かわらまち	瓦町	0	190	37
かわり	代わり	95	190	37
かわり	変わり	95	190	162
かわる	変わる	95	190	161
かん	缶	95	190	80
かん	間	47	190	37
かん	刊	15	190	37
かん	官	15	190	37
かん	巻	15	190	80
かん	感	15	190	37
かん	館	15	190	37
かん	館	15	190	39
かん	燗	0	190	101
かんかく	間隔	95	190	37
かんかつ	管轄	31	190	101
かんがい	感慨	31	190	37
かんがえかた	考え方	95	190	37
かんがえごと	考え事	15	190	37
かんがえて	考えて	95	190	180
かんがえる	考える	95	190	161
かんがく	看学	0	190	37
かんき	換気	63	190	101
かんき	歓喜	31	190	101
かんきゃく	観客	95	190	37
かんきん	監禁	31	190	101
かんけつ	簡潔	47	190	120
かんけつ	完結	31	190	101
かんげい	歓迎	95	190	101
かんげん	還元	31	190	101
かんこうち	観光地	63	190	37
かんこく	韓国	95	190	37
かんこく	勧告	31	190	101
かんこんそうさい	冠婚葬祭	31	190	37
かんご	看護	31	190	37
かんさ	監査	63	190	101
かんさい	KANSAI	0	190	37
かんさつ	観察	95	190	101
かんざきがわ	神崎川	0	190	37
かんし	監視	31	190	101
かんしき	鑑識	15	190	37
かんして	関して	79	190	206
かんしゃします	感謝します	31	190	145
かんしょう	干渉	31	190	101
かんしょう	感傷	31	190	37
かんしょく	感触	31	190	37
かんじ	幹事	95	190	41
かんじゃ	患者	63	190	41
かんじょう	感情	111	190	37
かんじょう	勘定	79	190	101
かんじる	感じる	95	190	161
かんじん	肝心	95	190	120
かんする	関する	79	190	161
かんせい	完成	95	190	101
かんせい	歓声	31	190	37
かんせつ	関節	31	190	37
かんせん	感染	95	190	101
かんせん	観戦	95	190	101
かんそう	乾燥	95	190	101
かんそう	完走	47	190	101
かんぞう	肝臓	63	190	37
かんだ	神田	95	190	37
かんだい	寛大	47	190	120
かんだい	関大	15	190	37
かんち	感知	47	190	101
かんち	完治	31	190	101
かんちがい	勘違い	95	190	101
かんつう	貫通	15	190	101
かんでん	感電	15	190	101
かんでんち	乾電池	79	190	37
かんとく	監督	95	190	101
かんど	感度	47	190	37
かんどう	感動	95	190	101
かんどう	勘当	15	190	101
かんどうてき	感動的	15	190	120
かんない	関内	15	190	37
かんにんぐ	カンニング	15	190	101
かんねん	観念	95	190	101
かんのんまりーな	観音マリーナ	0	190	37
かんばい	完売	95	190	101
かんばん	看板	95	190	37
かんび	完備	95	190	101
かんびょう	看病	79	190	101
かんぶ	幹部	95	190	37
かんぶ	患部	15	190	37
かんべん	勘弁	95	190	101
かんぺき	完璧	95	190	120
かんぼつ	陥没	15	190	101
かんぽう	漢方	79	190	37
かんまき	上牧	0	190	37
かんみ	甘味	95	190	37
かんむり	冠	95	190	37
かんむりょう	感無量	79	190	120
かんめい	感銘	95	190	101
かんゆう	勧誘	95	190	101
かんらん	観覧	79	190	101
かんらんしゃ	観覧車	95	190	37
かんり	管理	95	190	101
かんりょう	完了	63	190	101
かんれき	還暦	15	190	37
かんれん	関連	95	190	101
かんわ	緩和	95	190	101
かーさ	カーサ	0	190	37
がい	概	15	190	101
がい	街	15	190	39
がいえん	外苑	15	190	37
がいき	外気	15	190	37
がいご	外語	15	190	37
がいしゃ	外車	15	190	37
がいだんす	ガイダンス	15	190	101
がいはく	外泊	15	190	101
がくっ	ガクッ	0	190	61
がまんする	我慢する	0	190	161
がんかけ	願掛け	0	190	101
がんばってる	頑張ってる	0	190	161
がんばろう	頑張ろう	15	190	147
がーでんず	ガーデンズ	0	190	37
がーでんぷれいす	ガーデンプレイス	0	190	37
き	着	63	190	95
き	期	0	190	39
きいた	聞いた	31	190	151
きいて	聞いて	63	190	180
きいろ	黄色	158	190	78
きえかけ	消えかけ	0	190	94
きおい	気負い	142	190	37
きおくれ	気後れ	15	190	101
きおすく	キオスク	15	190	37
きかく	規格	95	190	37
きかん	気管	15	190	37
きがい	危害	15	190	37
きがえ	着替え	95	190	95
きがする	気がする	15	190	161
きがん	祈願	95	190	101
きき	効き	95	190	37
きき	利き	79	190	37
ききかた	聞き方	95	190	37
ききかん	危機感	111	190	37
ききじょうず	聞き上手	95	190	120
ききたい	聞きたい	15	190	152
ききゃく	棄却	15	190	101
ききょうがおか	桔梗が丘	0	190	37
ききんぞく	貴金属	95	190	37
きぎょう	起業	111	190	101
きくち	キクチ	79	190	37
きくな	菊名	79	190	37
きくばり	気配り	126	190	101
きぐう	奇遇	15	190	120
きけん	棄権	95	190	101
きげん	機嫌	142	190	37
きげん	紀元	15	190	37
きこう	気候	95	190	37
きこん	既婚	126	190	37
きごこち	着心地	15	190	37
きさく	気さく	142	190	120
きさらづ	木更津	95	190	37
きざみ	刻み	111	190	37
きし	岸	95	190	37
きし	喜志	0	190	37
きしつ	気質	15	190	37
きしのさと	岸里	0	190	37
きしべ	岸辺	15	190	37
きしょう	希少	95	190	120
きしょう	起床	95	190	101
きしわだ	岸和田	95	190	37
きじ	生地	142	190	37
きじつ	期日	95	190	37
きじょう	気丈	31	190	120
きすう	奇数	95	190	37
きず	キズ	142	190	37
きずつけ	傷つけ	142	190	150
きせ	着せ	95	190	95
きせい	帰省	142	190	101
きせき	軌跡	126	190	37
きせる	キセル	15	190	37
きぜつ	気絶	95	190	101
きぞう	寄贈	95	190	101
きた	きた	111	190	151
きたい	気体	15	190	37
きたえ	鍛え	95	190	95
きたおおじ	北大路	63	190	37
きたかぜ	北風	95	190	37
きたく	帰宅	126	190	101
きたぐち	北口	15	190	37
きたぐに	北国	95	190	37
きたざわ	北沢	95	190	37
きたちょうせん	北朝鮮	79	190	37
きたない	汚い	111	190	152
きたはま	北浜	79	190	37
きたむら	キタムラ	63	190	37
きたもと	北本	95	190	37
きたやま	北山	95	190	37
きち	吉	111	190	37
きちじつ	吉日	15	190	37
きちじょうじ	吉祥寺	126	190	37
きちょうめん	几帳面	95	190	120
きっく	キック	95	190	101
きっさ	喫茶	95	190	101
きっちん	キッチン	142	190	37
きって	切手	126	190	37
きって	切って	95	190	180
きっぷ	切符	111	190	37
きっぷ	キップ	15	190	37
きつえん	喫煙	95	190	101
きつね	キツネ	95	190	37
きつね	狐	95	190	37
きつね	きつね	15	190	37
きづかい	気遣い	95	190	101
きづかい	気遣い	95	190	120
きづかれ	気疲れ	15	190	101
きづき	気付き	79	190	37
きづな	絆	142	190	37
きてい	規程	15	190	101
きでぃ	キディ	15	190	37
きとく	危篤	0	190	37
きにいった	気に入った	15	190	151
きにいって	気に入って	15	190	206
きにいらない	気に入らない	15	190	155
きになった	気になった	142	190	151
きになって	気になって	142	190	206
きにならない	気にならない	95	190	155
きになる	気になる	126	190	161
きのくにや	紀伊国屋	79	190	37
きのこ	キノコ	142	190	37
きのどく	気の毒	126	190	121
きば	木場	95	190	37
きば	牙	15	190	37
きばつ	奇抜	126	190	120
きひん	気品	142	190	37
きびきび	きびきび	126	190	55
きびしい	きびしい	126	190	152
きびしかった	厳しかった	15	190	151
きびしくなって	厳しくなって	0	190	206
きぼうがおか	希望ヶ丘	0	190	37
きまぐれ	気まぐれ	142	190	120
きまったら	決まったら	15	190	133
きまつ	期末	95	190	37
きまり	決まり	142	190	37
きみ	気味	126	190	37
きみ	黄身	15	190	37
きみょう	奇妙	142	190	120
きむら	きむら	0	190	37
きめた	決めた	142	190	151
きめて	決めて	158	190	206
きゃたつ	脚立	15	190	37
きゃっか	却下	31	190	101
きゃっかんてき	客観的	111	190	120
きゃっしゅ	キャッシュ	126	190	37
きゃっしゅかーど	キャッシュカード	15	190	37
きゃっち	キャッチ	95	190	101
きゃなる	キャナル	0	190	37
きゃなるしてぃ	キャナルシティ	79	190	37
きゃべつ	キャベツ	95	190	37
きゃら	キャラ	142	190	37
きゃんせる	キャンセル	95	190	101
きゃんぷ	キャンプ	126	190	101
きゃんべる	キャンベル	15	190	37
きゃー	きゃー	79	190	66
きゅう	級	111	190	80
きゅう	九	95	190	20
きゅう	灸	79	190	37
きゅうえん	救援	79	190	101
きゅうか	休暇	95	190	37
きゅうかん	急患	15	190	37
きゅうがく	休学	79	190	101
きゅうきゅう	救急	111	190	37
きゅうきゅうしゃ	救急車	31	190	37
きゅうきょ	急遽	15	190	54
きゅうきょく	究極	95	190	37
きゅうくつ	窮屈	79	190	101
きゅうげき	急激	111	190	120
きゅうこう	急行	142	190	101
きゅうし	休止	111	190	101
きゅうしゅう	九州	126	190	45
きゅうしゅう	吸収	111	190	101
きゅうしゅつ	救出	95	190	101
きゅうしょく	給食	95	190	101
きゅうしん	休診	63	190	101
きゅうじょ	救助	79	190	101
きゅうじょう	球場	95	190	37
きゅうじょうしょう	急上昇	79	190	101
きゅうじん	求人	95	190	101
きゅうそく	休息	95	190	101
きゅうちょうめ	九丁目	0	190	37
きゅうてんかい	急展開	63	190	101
きゅうとう	給湯	79	190	101
きゅうばん	吸盤	63	190	37
きゅうびょう	急病	63	190	37
きゅうぴっち	急ピッチ	63	190	37
きゅうへん	急変	15	190	101
きゅうほうじ	久宝寺	0	190	37
きゅうほうじぐち	久宝寺口	0	190	37
きゅうゆ	給油	79	190	101
きゅうよ	給与	79	190	101
きゅうよう	休養	126	190	101
きゅうよう	急用	95	190	37
きゅうりょう	給料	126	190	37
きゅーと	キュート	79	190	120
きゅーぴー	キューピー	95	190	37
きょう	京	47	190	37
きょう	強	31	190	39
きょう	強	31	190	75
きょう	凶	0	190	37
きょうあす	今日明日	0	190	37
きょうい	脅威	31	190	37
きょうい	胸囲	15	190	37
きょうい	驚異	15	190	37
きょういてき	驚異的	15	190	120
きょういん	教員	31	190	37
きょうえん	共演	15	190	101
きょうえん	競演	15	190	101
きょうかい	協会	95	190	37
きょうかい	協会	95	190	39
きょうかい	教会	95	190	37
きょうかい	境界	15	190	37
きょうかしょ	教科書	95	190	37
きょうかん	共感	31	190	101
きょうがく	驚愕	15	190	101
きょうがく	教学	0	190	37
きょうぎ	協議	63	190	101
きょうぐう	境遇	15	190	37
きょうこう	強行	15	190	101
きょうごう	強豪	15	190	37
きょうざい	教材	95	190	37
きょうしつ	教室	126	190	37
きょうしゅく	恐縮	15	190	101
きょうしょく	教職	15	190	37
きょうじゃく	強弱	15	190	37
きょうじゅ	教授	79	190	101
きょうせい	強制	31	190	101
きょうせい	矯正	15	190	101
きょうそ	教祖	15	190	37
きょうそう	競争	142	190	101
きょうそう	競走	15	190	101
きょうぞん	共存	15	190	101
きょうだい	兄弟	111	190	37
きょうだん	教壇	15	190	37
きょうちょう	強調	111	190	101
きょうつう	共通	111	190	101
きょうてい	協定	31	190	101
きょうてき	強敵	15	190	37
きょうど	強度	15	190	120
きょうどう	共同	126	190	101
きょうどう	経堂	0	190	37
きょうはく	脅迫	15	190	101
きょうはく	強迫	0	190	101
きょうばし	京橋	15	190	37
きょうふ	恐怖	31	190	101
きょうふう	強風	15	190	37
きょうぼう	凶暴	15	190	120
きょうぼう	狂暴	15	190	120
きょうみしんしん	興味津々	15	190	120
きょうゆ	教諭	15	190	101
きょうゆう	共有	31	190	101
きょうよう	教養	15	190	37
きょうりゅう	恐竜	31	190	37
きょうりょく	強力	111	190	120
きょうれつ	強烈	95	190	120
きょか	許可	111	190	101
きょく	局	79	190	80
きょく	極	31	190	37
きょくたん	極端	95	190	120
きょじん	巨人	95	190	41
きょだい	巨大	111	190	120
きょひ	拒否	111	190	101
きょろきょろ	キョロキョロ	95	190	55
きよ	清	111	190	78
きよし	キヨシ	79	190	37
きよすく	キヨスク	15	190	37
きよせ	清瀬	79	190	37
きよめ	清め	95	190	95
きらっ	キラッ	0	190	61
きらり	キラリ	126	190	61
きらわれ	嫌われ	15	190	94
きり	切り	142	190	101
きり	桐	95	190	37
きりゅう	気流	95	190	37
きりり	きりり	63	190	61
きりり	キリリ	15	190	61
きれ	喜連	0	190	37
きをつけて	気をつけて	15	190	206
きをつけて	気を付けて	15	190	180
きん	菌	95	190	37
きんいつ	均一	95	190	120
きんえん	禁煙	95	190	101
きんか	金貨	95	190	37
きんがん	近眼	0	190	37
きんき	近畿	95	190	37
きんきゅう	緊急	142	190	120
きんきょう	近況	95	190	37
きんぎょ	金魚	95	190	37
きんこ	金庫	79	190	37
きんし	禁止	126	190	101
きんし	近視	15	190	37
きんしちょう	錦糸町	31	190	37
きんじつ	近日	95	190	37
きんじょ	近所	158	190	37
きんせん	金銭	95	190	37
きんぞく	金属	111	190	37
きんだい	近代	95	190	37
きんちょう	緊張	126	190	101
きんちょうかん	緊張感	95	190	37
きんちょうする	緊張する	0	190	161
きんてつ	近鉄	95	190	37
きんとう	均等	95	190	120
きんにく	筋肉	111	190	37
きんねん	近年	111	190	37
きんべん	勤勉	79	190	120
きんむ	勤務	111	190	101
きんもつ	禁物	95	190	37
きんゆう	金融	95	190	101
きんよう	金曜	95	190	37
きんよう	(金)	0	190	33
きんようび	金曜日	126	190	37
きんりょく	筋力	63	190	37
きーぱー	キーパー	126	190	37
きーわーど	キーワード	158	190	37
く	区	47	190	80
くい	悔い	15	190	37
くいすぎ	食い過ぎ	79	190	94
くいせ	杭瀬	0	190	37
くいちがい	食い違い	95	190	37
くいっぱぐれ	食いっぱぐれ	0	190	37
くいつき	食い付き	15	190	37
くうそう	空想	95	190	101
くき	久喜	95	190	37
くく	九九	15	190	37
くし	串	79	190	37
くし	櫛	15	190	37
くしょう	(苦笑)	0	190	33
くじびき	くじ引き	95	190	101
くじょう	九条	79	190	37
くすりゆび	薬指	15	190	37
くず	くず	15	190	37
くず	葛	15	190	37
くず	屑	0	190	37
くずは	樟葉	0	190	37
くたくた	くたくた	95	190	120
くたびれ	くたびれ	95	190	94
くだん	九段	95	190	37
くち	朽ち	95	190	94
くちうるさ	口うるさ	15	190	76
くちかず	口数	95	190	37
くちぐせ	口癖	15	190	37
くちげんか	口喧嘩	0	190	101
くちごたえ	口答え	15	190	101
くちゃくちゃ	クチャクチャ	0	190	55
くちやかまし	口やかまし	15	190	77
くつかわ	久津川	0	190	37
くつろぎ	寛ぎ	79	190	37
くとう	苦闘	15	190	101
くまとり	熊取	79	190	37
くめがわ	久米川	0	190	37
くめだ	久米田	0	190	37
くも	蜘蛛	0	190	37
くもじ	くもじ	0	190	37
くもじ	久茂地	0	190	37
くら	くら	95	190	76
くら	暗	63	190	76
くら	倉	15	190	37
くらくえんぐち	苦楽園口	0	190	37
くらしき	倉敷	95	190	37
くらまぐち	鞍馬口	0	190	37
くらやみ	暗闇	95	190	37
くりすた	クリスタ	15	190	37
くりはし	栗橋	47	190	37
くりはま	久里浜	79	190	37
くりーにんぐ	クリーニング	95	190	101
くるし	苦し	95	190	77
くるしんで	苦しんで	15	190	161
くるぶし	くるぶし	15	190	37
くるめ	久留米	95	190	37
くれ	呉	95	190	37
くれ	来れ	31	190	144
くれる	くれる	95	190	161
くろぐろ	黒々	15	190	55
くろまく	黒幕	15	190	37
くわ	桑	15	190	37
くん	くん	95	190	44
くん	君	79	190	37
くん	訓	15	190	101
けい	刑	15	190	101
けい	径	15	190	37
けいえん	敬遠	79	190	101
けいおう	京王	95	190	37
けいかい	軽快	95	190	101
けいかい	軽快	95	190	120
けいかん	景観	31	190	37
けいきゅう	京急	63	190	37
けいげん	軽減	79	190	101
けいこ	稽古	63	190	101
けいこう	蛍光	15	190	37
けいこく	警告	95	190	101
けいご	敬語	47	190	37
けいしょう	継承	31	190	101
けいせい	京成	79	190	37
けいそく	計測	79	190	101
けいそつ	軽率	63	190	120
けいと	毛糸	79	190	37
けいはん	京阪	79	190	37
けいゆ	軽油	15	190	37
けいり	経理	79	190	101
けいりょう	計量	47	190	101
けいりん	競輪	79	190	37
けいれき	経歴	79	190	37
けいろう	敬老	79	190	37
けご	警固	0	190	37
けしいん	消印	15	190	101
けしごむ	消しゴム	15	190	37
けじめ	けじめ	15	190	37
けっきん	欠勤	15	190	101
けっこう	欠航	15	190	101
けっこうです	結構です	15	190	138
けっこんする	結婚する	47	190	161
けつ	欠	15	190	37
けつ	決	15	190	37
けつあつ	血圧	95	190	37
けみがわ	検見川	0	190	37
けみがわはま	検見川浜	0	190	37
けむし	毛虫	15	190	37
けん	券	95	190	39
けん	圏	31	190	39
けん	腱	15	190	37
けんあく	険悪	95	190	121
けんか	けんか	63	190	101
けんか	ケンカ	63	190	101
けんがい	圏外	31	190	37
けんがく	見学	95	190	101
けんけつ	献血	79	190	101
けんしん	健診	15	190	37
けんそん	謙遜	63	190	101
けんた	ケンタ	63	190	37
けんたっきー	ケンタッキー	95	190	37
けんちょう	県庁	47	190	37
けんてい	検定	95	190	101
けんとう	見当	63	190	101
けんとう	健闘	15	190	101
けんどう	剣道	47	190	37
けんない	県内	95	190	37
けんばいき	券売機	79	190	37
けんばん	鍵盤	95	190	37
けんぶつ	見物	95	190	101
けんもん	検問	95	190	101
けんよう	兼用	95	190	101
けんりつ	県立	79	190	37
けんりつ	県立	79	190	75
けんろくえん	兼六園	79	190	37
けーず	ケーズ	0	190	37
けーよーでいつー	ケーヨーデイツー	0	190	37
こ	個	15	190	80
こあら	コアラ	126	190	37
こい	鯉	111	190	37
こい	こい	95	190	140
こいずみ	小泉	126	190	37
こいで	コイデ	0	190	37
こいぬ	子犬	126	190	37
こいのぼり	鯉のぼり	0	190	37
こいわ	小岩	79	190	37
こいん	コイン	126	190	37
こいんろっかー	コインロッカー	0	190	37
こう	公	15	190	44
こう	工	15	190	39
こう	校	15	190	80
こう	稿	15	190	37
こう	講	15	190	101
こう	項	15	190	80
こう	香	15	190	37
こう	高	15	190	40
こうい	行為	95	190	101
こうい	好意	63	190	37
こういしょう	後遺症	47	190	37
こううん	幸運	95	190	120
こうえい	光栄	47	190	120
こうえん	公園	111	190	37
こうえん	公演	79	190	101
こうえん	講演	79	190	101
こうえんじ	高円寺	47	190	37
こうか	高価	63	190	120
こうか	硬貨	31	190	37
こうかい	公開	95	190	101
こうかい	後悔	47	190	101
こうかん	交換	95	190	101
こうかん	好感	31	190	101
こうがい	公害	31	190	37
こうがく	工学	31	190	37
こうがくぶ	工学部	15	190	37
こうきしん	好奇心	63	190	37
こうきゅう	高級	111	190	120
こうきょう	公共	95	190	37
こうぎ	講義	47	190	101
こうぎ	抗議	31	190	101
こうぎょう	工業	79	190	37
こうぎょう	興行	47	190	101
こうぎょう	興業	15	190	37
こうくう	航空	95	190	37
こうけい	光景	95	190	37
こうけん	貢献	63	190	101
こうげき	攻撃	95	190	101
こうこうせい	高校生	95	190	41
こうこく	広告	95	190	101
こうご	交互	47	190	123
こうごう	皇后	15	190	37
こうさ	交差	31	190	101
こうさい	交際	47	190	101
こうさてん	交差点	79	190	37
こうさん	降参	15	190	101
こうざ	口座	95	190	37
こうざ	講座	95	190	37
こうしえん	甲子園	31	190	37
こうしえんぐち	甲子園口	0	190	37
こうしき	公式	95	190	120
こうしゅう	講習	47	190	101
こうしゅう	公衆	31	190	37
こうしょう	交渉	95	190	101
こうしん	交信	31	190	101
こうしん	行進	31	190	101
こうじ	工事	95	190	101
こうじつ	口実	31	190	37
こうじまち	麹町	15	190	37
こうじょう	向上	95	190	101
こうじょう	工場	95	190	37
こうじょう	工場	95	190	39
こうずい	洪水	79	190	37
こうせい	構成	95	190	101
こうぜんじ	光善寺	0	190	37
こうそう	構想	63	190	101
こうそく	高速	95	190	120
こうそく	拘束	31	190	101
こうぞう	構造	95	190	37
こうたい	交代	95	190	101
こうたい	交替	31	190	101
こうち	高知	63	190	37
こうちく	構築	79	190	101
こうちこう	高知港	0	190	37
こうちゃ	紅茶	95	190	37
こうちょう	好調	95	190	120
こうちょう	校長	47	190	37
こうつう	交通	95	190	101
こうつごう	好都合	63	190	120
こうてい	工程	79	190	37
こうとうえん	甲東園	0	190	37
こうとうだい	勾当台	0	190	37
こうど	興戸	0	190	37
こうどう	行動	95	190	101
こうどう	講堂	15	190	37
こうなん	甲南	47	190	37
こうなんだい	港南台	0	190	37
こうのいけ	鴻池	15	190	37
こうのす	鴻巣	31	190	37
こうはい	後輩	79	190	42
こうはく	紅白	63	190	37
こうばん	交番	15	190	37
こうひょう	好評	95	190	120
こうふく	幸福	95	190	121
こうふん	興奮	79	190	101
こうぶつ	好物	47	190	37
こうへい	公平	79	190	120
こうへん	後編	0	190	37
こうべ	神戸	95	190	37
こうほ	候補	95	190	37
こうほう	広報	63	190	101
こうみょういけ	光明池	0	190	37
こうもく	項目	95	190	37
こうや	幸谷	0	190	37
こうよう	紅葉	95	190	101
こうようえん	甲陽園	0	190	37
こうらく	行楽	15	190	101
こうらくえん	後楽園	95	190	37
こうりえん	香里園	0	190	37
こうりつ	効率	95	190	37
こうりつ	公立	31	190	37
こうりゅう	交流	95	190	101
こうりんぼう	香林坊	15	190	37
こうろえん	香枦園	0	190	37
こうろえん	香櫨園	0	190	37
こおりやま	郡山	63	190	37
こが	古河	79	190	37
こがね	小金	15	190	37
こがねい	小金井	95	190	37
こく	国	15	190	39
こくご	国語	111	190	37
こくさいどおり	国際通り	15	190	37
こくさん	国産	126	190	37
こくせき	国籍	95	190	37
こくどう	国道	111	190	37
こくぶ	国分	47	190	37
こくぶんじ	国分寺	95	190	37
こくぶんちょう	国分町	0	190	37
こくみん	国民	111	190	37
こくりょう	国領	15	190	37
こけ	苔	0	190	37
こげ	漕げ	79	190	94
ここのつ	９つ	79	190	37
ここのつ	九つ	15	190	37
こころから	心から	15	190	61
こころがけ	心掛け	31	190	94
こころがまえ	心構え	95	190	37
こころざし	志	95	190	37
こころのこり	心残り	95	190	120
こごえ	凍え	95	190	94
こさか	小阪	111	190	37
こしがや	越谷	79	190	37
こしつ	個室	126	190	37
こじつけ	こじつけ	95	190	95
こじま	コジマ	95	190	37
こすう	個数	111	190	37
こすぎ	小杉	95	190	37
こすれ	擦れ	0	190	94
こぞう	こぞう	0	190	37
こたえ	応え	111	190	95
こたけ	小竹	79	190	37
こだいら	小平	95	190	37
こだま	こだま	95	190	37
こっく	コック	95	190	37
こっくす	コックス	95	190	37
こっせつ	骨折	95	190	101
こっぷ	コップ	126	190	37
こづれ	子連れ	126	190	37
こてさし	小手指	0	190	37
こでんまちょう	小伝馬町	15	190	37
こと	事	126	190	37
こと	事	126	190	283
こと	琴	95	190	37
ことなる	異なる	95	190	161
ことぶき	寿	79	190	37
ことわり	断り	95	190	101
こどく	孤独	111	190	120
こなか	コナカ	79	190	37
こなごな	粉々	15	190	120
このあいだ	この間	126	190	37
このこと	この事	0	190	37
このさい	この際	95	190	48
このため	この為	0	190	37
このとき	この時	15	190	37
このまえ	この前	111	190	37
このみ	好み	95	190	37
こび	媚び	126	190	95
こび	媚	15	190	37
こぶち	古淵	0	190	37
こまえ	狛江	63	190	37
こまがわ	駒川	0	190	37
こまく	鼓膜	15	190	37
こまごめ	駒込	95	190	37
こまざわ	駒沢	79	190	37
こまち	こまち	79	190	37
こまった	困った	126	190	151
こまって	困って	126	190	180
こまば	駒場	95	190	37
こまる	困る	95	190	161
こみ	込み	111	190	39
こめ	込め	126	190	95
こやく	子役	15	190	37
こやす	子安	63	190	37
こらしめ	懲らしめ	95	190	94
こらっ	こらっ	0	190	66
こり	凝り	79	190	37
こりごり	こりごり	79	190	63
これくしょん	コレクション	111	190	37
これだけ	これだけ	15	190	243
これで	これで	63	190	255
これは	これは	63	190	224
ころ	頃	15	190	37
こわい	恐い	15	190	152
こわかった	怖かった	15	190	151
こわきえん	小涌園	0	190	37
こわく	恐く	15	190	173
こわごわ	恐々	79	190	61
こん	紺	15	190	37
こんくりーと	コンクリート	95	190	37
こんくーる	コンクール	79	190	37
こんこーす	コンコース	15	190	37
こんごう	金剛	0	190	37
こんざつ	混雑	111	190	101
こんじょう	根性	95	190	37
こんすい	昏睡	15	190	101
こんせぷと	コンセプト	95	190	37
こんせんと	コンセント	63	190	37
こんそめ	コンソメ	0	190	37
こんたくと	コンタクト	111	190	101
こんたん	魂胆	15	190	37
こんだて	献立	79	190	37
こんちは	こんちは	15	190	66
こんちゅう	昆虫	79	190	37
こんてい	根底	63	190	37
こんてすと	コンテスト	95	190	101
こんてんつ	コンテンツ	95	190	37
こんで	混んで	95	190	180
こんと	コント	31	190	37
こんなん	困難	95	190	120
こんにちは	今日は	15	190	37
こんにちは	今日は	15	190	66
こんび	コンビ	63	190	37
こんぴゅーた	コンピュータ	95	190	37
こんぶ	昆布	95	190	37
こんぷれっくす	コンプレックス	79	190	37
こんぽう	梱包	63	190	101
こんや	今夜	95	190	37
こんやく	婚約	79	190	101
こんらん	混乱	95	190	101
こんれい	婚礼	15	190	37
こんろ	コンロ	95	190	37
こーでぃねーと	コーディネート	95	190	101
こーと	コート	126	190	37
こーなん	コーナン	79	190	37
こーら	コーラ	111	190	37
さい	歳	126	190	80
さい	際	95	190	101
さい	西院	79	190	37
さい	債	15	190	39
さい	才	15	190	80
さい	祭	15	190	39
さい	菜	15	190	37
さいあく	最悪	95	190	123
さいいん	西院	79	190	37
さいかい	再開	111	190	101
さいかい	再会	63	190	101
さいがい	災害	95	190	37
さいく	細工	79	190	101
さいくりんぐ	サイクリング	79	190	101
さいころ	サイコロ	15	190	37
さいこん	再婚	31	190	101
さいし	妻子	31	190	37
さいしゅう	最終	111	190	37
さいしょう	最小	31	190	37
さいしょう	最少	15	190	37
さいじつ	祭日	15	190	37
さいず	サイズ	95	190	37
さいぜん	最善	79	190	37
さいそく	催促	79	190	101
さいた	最多	47	190	37
さいたま	埼玉	79	190	45
さいだいげん	最大限	95	190	37
さいだいじ	西大寺	15	190	37
さいちゅう	最中	95	190	37
さいてい	最低	95	190	120
さいていげん	最低限	95	190	37
さいど	サイド	95	190	37
さいなん	災難	95	190	37
さいのう	才能	95	190	37
さいばい	栽培	95	190	101
さいふ	財布	95	190	37
さいぼう	細胞	95	190	37
さいゆうせん	最優先	79	190	101
さいれん	サイレン	15	190	37
さいれんと	サイレント	95	190	37
さいわい	幸い	95	190	101
さいわい	幸い	95	190	120
さいわいです	幸いです	15	190	138
さいん	サイン	95	190	101
さかい	堺	95	190	37
さかい	境	95	190	37
さかいし	堺市	95	190	37
さかいすじ	堺筋	15	190	37
さかうえ	坂上	95	190	37
さかえ	栄	79	190	37
さかえちか	サカエチカ	0	190	37
さかさ	逆さ	15	190	37
さかせがわ	逆瀬川	0	190	37
さかど	坂戸	79	190	37
さかな	肴	95	190	37
さかな	さかな	15	190	37
さかなや	魚屋	95	190	37
さかや	酒屋	95	190	37
さかり	盛り	95	190	37
さが	佐賀	95	190	45
さが	嵯峨	95	190	37
さが	性	0	190	37
さがし	捜し	31	190	37
さがす	探す	95	190	161
さがみ	相模	95	190	37
さがみの	さがみ野	0	190	37
さがみはら	相模原	79	190	37
さがり	下がり	31	190	101
さがる	下がる	95	190	161
さき	咲き	95	190	37
さき	崎	0	190	37
さきに	先に	31	190	259
さきまわり	先回り	95	190	101
さきゅう	砂丘	15	190	37
さぎ	詐欺	111	190	101
さぎぬま	鷺沼	79	190	37
さぎのみや	鷺ノ宮	0	190	37
さく	策	111	190	101
さく	柵	95	190	37
さく	索	15	190	37
さくし	作詞	95	190	101
さくじょ	削除	95	190	101
さくぶん	作文	95	190	101
さくらい	桜井	95	190	37
さくらがおか	桜ヶ丘	15	190	37
さくらがわ	桜川	15	190	37
さくらぎちょう	桜木町	31	190	37
さくらしんまち	桜新町	0	190	37
さくらじま	桜島	95	190	37
さくらじょうすい	桜上水	15	190	37
さくらのみや	桜ノ宮	0	190	37
さくらんぼ	さくらんぼ	79	190	37
さぐり	探り	79	190	37
さけ	鮭	126	190	37
さけ	裂け	95	190	94
さけずき	酒好き	95	190	120
さけのみ	酒飲み	15	190	37
さけび	叫び	111	190	37
さけめ	裂け目	15	190	37
さげ	さげ	95	190	95
さげ	提げ	15	190	95
ささげ	捧げ	95	190	95
ささづか	笹塚	95	190	37
ささやき	囁き	79	190	37
さざえ	サザエ	15	190	37
さしいれ	差し入れ	95	190	95
さしおうぎ	指扇	0	190	37
さしず	指図	15	190	101
さすが	流石	15	190	37
さすが	流石	15	190	63
さそりざ	さそり座	0	190	37
さそりざ	蠍座	0	190	37
さっかく	錯覚	95	190	101
さっきゅう	早急	95	190	120
さっそう	颯爽	79	190	124
さっとう	殺到	95	190	101
さっぽろ	サッポロ	95	190	37
さっぽろし	札幌市	95	190	37
さてぃ	サティ	79	190	37
さといも	里芋	0	190	37
さぬき	佐貫	0	190	37
さば	鯖	0	190	37
さばさば	さばさば	79	190	55
さび	錆び	95	190	94
さび	錆	0	190	37
さぼてん	サボテン	15	190	37
さぼり	サボり	111	190	37
さぼり	さぼり	79	190	37
さま	さま	31	190	44
さみしい	さみしい	111	190	152
さむらい	侍	15	190	37
さめ	醒め	95	190	94
さめ	鮫	15	190	37
さやまがおか	狭山ヶ丘	0	190	37
さやまし	狭山市	111	190	37
さようなら	さようなら	15	190	66
さよなら	さよなら	15	190	66
さら	更	79	190	120
さらいしゅう	再来週	79	190	37
さらだ	サラダ	111	190	37
さらっ	さらっ	95	190	61
さりげな	さりげな	15	190	76
さる	さる	15	190	37
さわ	澤	79	190	37
さわぎ	騒ぎ	95	190	37
さわのちょう	沢ノ町	0	190	37
さわり	障り	63	190	37
さん	サン	95	190	37
さん	産	95	190	101
さん	算	15	190	101
さん	酸	15	190	37
さんかく	三角	95	190	120
さんきゅー	サンキュー	79	190	37
さんくす	サンクス	63	190	37
さんげんぢゃや	三軒茶屋	47	190	37
さんざん	散々	95	190	123
さんしゃいん	サンシャイン	0	190	37
さんしょう	参照	95	190	101
さんじょう	三条	31	190	37
さんじょう	山上	15	190	37
さんすう	算数	95	190	37
さんせい	賛成	111	190	101
さんそ	酸素	95	190	37
さんた	サンタ	95	190	37
さんたくろーす	サンタクロース	63	190	37
さんだ	三田	31	190	37
さんだる	サンダル	95	190	37
さんちょうめ	三丁目	0	190	37
さんどいっち	サンドイッチ	95	190	37
さんどう	参道	15	190	37
さんのう	山王	0	190	37
さんのみや	三宮	95	190	37
さんのみや	三ノ宮	63	190	37
さんばんがい	三番街	15	190	37
さんぴあざ	サンピアザ	0	190	37
さんふじんか	産婦人科	31	190	37
さんぷる	サンプル	95	190	101
さんぽ	散歩	111	190	101
さんぽーと	サンポート	0	190	37
さんま	秋刀魚	0	190	37
さんよう	山陽	31	190	37
さーきっと	サーキット	95	190	37
さーくるけい	サークルK	79	190	37
さーばー	サーバー	95	190	37
さーふぁー	サーファー	111	190	37
さーぶ	サーブ	95	190	37
し	氏	31	190	37
し	市	15	190	37
し	詩	15	190	39
しあげ	仕上げ	126	190	95
しあげ	仕上げ	126	190	101
しあつ	指圧	95	190	101
しあわせ	幸	31	190	120
しいたけ	椎茸	111	190	37
しえい	市営	15	190	37
しお	汐	0	190	37
しおどき	潮時	15	190	37
しおや	塩屋	79	190	37
しおれ	萎れ	0	190	94
しか	鹿	95	190	37
しか	しか	15	190	246
しかえし	仕返し	95	190	101
しかく	四角	95	190	120
しかけ	仕掛け	95	190	95
しかたない	仕方ない	111	190	152
しかたなく	仕方なく	79	190	173
しかった	叱った	79	190	151
しかのしま	志賀島	0	190	37
しかま	飾磨	0	190	37
しかめ	しかめ	95	190	94
しが	滋賀	95	190	45
しがくぶ	歯学部	0	190	37
しき	敷き	79	190	37
しき	志木	0	190	37
しき	志紀	0	190	37
しき	識	0	190	37
しきじょう	式場	95	190	37
しきゅう	至急	111	190	37
しぎの	鴫野	0	190	37
しくはっく	四苦八苦	15	190	101
しこり	しこり	95	190	37
ししざ	しし座	79	190	37
ししざ	獅子座	79	190	37
ししゃ	支社	15	190	37
ししゃも	シシャモ	15	190	37
ししょう	支障	126	190	37
ししょく	試食	95	190	101
ししょばこ	私書箱	95	190	37
しじ	支持	15	190	101
しじょう	四条	79	190	37
しずおか	静岡	126	190	45
しずく	滴	15	190	37
しずめ	沈め	95	190	95
した	舌	111	190	37
した	した	0	190	151
したぎ	下着	111	190	37
したく	支度	95	190	101
したしみ	親しみ	95	190	37
したて	下手	0	190	37
しちごさん	七五三	15	190	37
しちじょう	七条	95	190	37
しちどう	七道	0	190	37
しちゃく	試着	95	190	101
しちゅー	シチュー	95	190	37
しっかく	失格	95	190	101
しっく	シック	111	190	120
しっけ	湿気	95	190	37
しっけ	湿気	95	190	94
しっしん	湿疹	79	190	37
しってる	知ってる	15	190	161
しっと	嫉妬	95	190	101
しっとり	しっとり	126	190	55
しっぱいする	失敗する	15	190	161
しっぷ	湿布	95	190	101
しつ	室	15	190	37
しつけ	躾	95	190	37
しつこ	しつこ	15	190	78
しつこく	しつこく	95	190	173
しつれん	失恋	95	190	101
してぃ	シティ	126	190	37
してぃ	CITY	0	190	37
してんのうじ	四天王寺	95	190	37
しながわ	品川	126	190	37
しなぎれ	品切れ	95	190	101
しなのまち	信濃町	79	190	37
しなん	至難	95	190	120
しにがみ	死神	0	190	37
しねまず	シネマズ	0	190	37
しのだ	信太	79	190	37
しのぶがおか	忍ヶ丘	0	190	37
しはい	支配	111	190	101
しはつ	始発	111	190	37
しはらい	支払い	126	190	101
しはん	市販	95	190	101
しば	柴	15	190	37
しばい	芝居	95	190	101
しばふ	芝生	95	190	37
しびあ	シビア	15	190	120
しふく	私服	15	190	37
しぶ	渋	126	190	78
しぶい	渋い	126	190	152
しぶさわ	渋沢	95	190	37
しぶしぶ	渋々	79	190	55
しぶつ	私物	15	190	37
しぶと	しぶと	15	190	78
しぼり	絞り	95	190	37
しま	志摩	111	190	37
しま	縞	15	190	37
しまい	しまい	95	190	37
しまいました	しまいました	0	190	151
しまう	しまう	95	190	161
しまうま	シマウマ	15	190	37
しました	しました	111	190	151
しましょう	しましょう	95	190	147
しまった	しまった	95	190	151
しまって	しまって	95	190	180
しまって	しまって	95	190	206
しまね	島根	79	190	45
しまり	閉まり	63	190	37
しみ	シミ	126	190	37
しめ	占め	95	190	95
しめ	締め	95	190	37
しめ	閉め	95	190	95
しめ	〆	79	190	37
しめい	使命	111	190	37
しめい	氏名	111	190	37
しめい	指名	95	190	101
しめしめ	しめしめ	79	190	66
しもうさ	下総	95	190	37
しもん	指紋	111	190	37
しゃ	社	95	190	37
しゃ	社	95	190	39
しゃ	者	15	190	41
しゃ	車	15	190	39
しゃ	斜	0	190	37
しゃい	シャイ	79	190	37
しゃおく	社屋	15	190	37
しゃがく	社学	0	190	37
しゃきしゃき	しゃきしゃき	47	190	54
しゃく	酌	15	190	101
しゃくじい	石神井	31	190	37
しゃこ	車庫	95	190	37
しゃざい	謝罪	95	190	101
しゃたく	社宅	15	190	37
しゃっきん	借金	95	190	101
しゃっくり	しゃっくり	79	190	37
しゃったー	シャッター	95	190	37
しゃつ	シャツ	95	190	37
しゃぶしゃぶ	しゃぶしゃぶ	63	190	63
しゃべって	しゃべって	95	190	180
しゃべり	しゃべり	63	190	37
しゃべり	喋り	15	190	37
しゃりん	車輪	79	190	37
しゃれお	シャレオ	0	190	37
しゃわー	シャワー	111	190	101
しゃんぷー	シャンプー	95	190	101
しゃーぷ	シャープ	95	190	120
しゅ	主	95	190	37
しゅ	主	95	190	75
しゅ	種	95	190	37
しゅ	種	95	190	80
しゅ	手	15	190	39
しゅ	朱	15	190	37
しゅ	酒	15	190	39
しゅい	首位	95	190	37
しゅう	週	95	190	80
しゅう	州	31	190	37
しゅう	周	15	190	40
しゅう	宗	15	190	37
しゅう	衆	15	190	37
しゅうあけ	週明け	31	190	37
しゅうい	周囲	95	190	37
しゅうかい	集会	31	190	101
しゅうかん	習慣	95	190	37
しゅうかん	週刊	31	190	37
しゅうかん	週間	31	190	80
しゅうきょう	宗教	95	190	37
しゅうきん	集金	15	190	101
しゅうけい	集計	31	190	101
しゅうごう	集合	31	190	101
しゅうさい	秀才	15	190	37
しゅうしょく	就職	95	190	101
しゅうじ	習字	15	190	37
しゅうせい	修正	95	190	101
しゅうだん	集団	95	190	37
しゅうちゃく	執着	15	190	101
しゅうちゅう	集中	95	190	101
しゅうてん	終点	31	190	37
しゅうでん	終電	15	190	37
しゅうねん	周年	15	190	80
しゅうのう	収納	31	190	101
しゅうへん	周辺	111	190	37
しゅうり	修理	31	190	101
しゅうりょう	終了	111	190	101
しゅうろく	収録	31	190	101
しゅえん	主演	95	190	101
しゅぎ	主義	126	190	37
しゅく	宿	95	190	101
しゅくがわ	夙川	15	190	37
しゅくしょう	縮小	63	190	101
しゅくじ	祝辞	15	190	37
しゅくじつ	祝日	47	190	37
しゅくだい	宿題	79	190	101
しゅくはく	宿泊	79	190	101
しゅくふく	祝福	31	190	101
しゅくめい	宿命	47	190	37
しゅげい	手芸	15	190	37
しゅさい	主催	15	190	101
しゅざい	取材	95	190	101
しゅしょう	首相	95	190	41
しゅじゅつ	手術	63	190	101
しゅじん	主人	95	190	41
しゅせき	首席	15	190	37
しゅだん	手段	95	190	37
しゅちょう	主張	95	190	101
しゅっきん	出勤	31	190	101
しゅっけつ	出血	31	190	101
しゅっさん	出産	31	190	101
しゅっしゃ	出社	31	190	101
しゅっしん	出身	95	190	37
しゅっせ	出世	31	190	101
しゅっせき	出席	31	190	101
しゅっちょう	出張	47	190	101
しゅっぱつ	出発	95	190	101
しゅっぴん	出品	31	190	101
しゅつえん	出演	95	190	101
しゅつじょう	出場	95	190	101
しゅつぼつ	出没	31	190	101
しゅつりょく	出力	63	190	101
しゅと	首都	79	190	37
しゅとく	取得	95	190	101
しゅにん	主任	95	190	41
しゅふ	主婦	126	190	41
しゅもく	種目	95	190	37
しゅやく	主役	95	190	37
しゅよう	主要	95	190	120
しゅわ	手話	95	190	37
しゅん	旬	95	190	37
しゅんかしゅうとう	春夏秋冬	31	190	37
しょ	所	15	190	39
しょ	書	15	190	37
しょ	署	15	190	37
しょう	小	95	190	37
しょう	賞	95	190	39
しょう	賞	95	190	101
しょう	升	15	190	80
しょう	商	15	190	39
しょう	将	15	190	37
しょう	性	15	190	37
しょう	症	15	190	39
しょう	相	15	190	39
しょう	章	15	190	80
しょう	証	15	190	39
しょうえね	省エネ	15	190	37
しょうか	消化	31	190	101
しょうか	消火	15	190	101
しょうかい	照会	15	190	101
しょうが	生姜	79	190	37
しょうがい	障害	95	190	37
しょうがい	生涯	31	190	37
しょうがい	傷害	15	190	101
しょうがく	小学	0	190	37
しょうがくせい	小学生	95	190	41
しょうがくぶ	商学部	15	190	37
しょうがっこう	小学校	95	190	37
しょうがつ	正月	63	190	37
しょうがな	しょうがな	15	190	76
しょうがない	しょうがない	31	190	152
しょうき	正気	15	190	120
しょうきょ	消去	15	190	101
しょうきょく	消極	15	190	37
しょうきょくてき	消極的	15	190	120
しょうきん	賞金	31	190	37
しょうぎ	将棋	15	190	37
しょうぎょう	商業	31	190	37
しょうげき	衝撃	31	190	37
しょうげきてき	衝撃的	15	190	120
しょうこ	証拠	95	190	37
しょうご	正午	15	190	37
しょうさい	詳細	111	190	120
しょうしゅう	消臭	31	190	101
しょうしょう	少々	126	190	37
しょうしんもの	小心者	15	190	41
しょうじき	正直	95	190	121
しょうじゃく	正雀	0	190	37
しょうじょ	少女	95	190	41
しょうじょう	症状	95	190	37
しょうすう	少数	31	190	37
しょうせつ	小説	111	190	37
しょうそく	消息	15	190	37
しょうたい	招待	15	190	101
しょうち	承知	15	190	101
しょうちゅう	焼酎	31	190	37
しょうちょう	象徴	15	190	101
しょうてん	商店	15	190	37
しょうてんがい	商店街	31	190	37
しょうとつ	衝突	15	190	101
しょうどく	消毒	15	190	101
しょうない	庄内	15	190	37
しょうなん	湘南	31	190	37
しょうなんだい	湘南台	0	190	37
しょうにん	承認	15	190	101
しょうねん	少年	95	190	37
しょうねん	少年	95	190	41
しょうはい	勝敗	15	190	37
しょうばい	商売	31	190	101
しょうひ	消費	31	190	101
しょうひぜい	消費税	15	190	37
しょうぶ	勝負	95	190	101
しょうめい	証明	31	190	101
しょうめい	照明	15	190	101
しょうめん	正面	31	190	37
しょうもう	消耗	15	190	101
しょうや	庄や	0	190	37
しょうゆ	醤油	31	190	37
しょうり	勝利	31	190	101
しょうりゃく	省略	15	190	101
しょうわ	昭和	95	190	37
しょうわちょう	昭和町	0	190	37
しょかい	初回	79	190	37
しょき	初期	95	190	37
しょく	職	31	190	37
しょく	食	31	190	80
しょく	食	31	190	101
しょくいん	職員	47	190	41
しょくぎょう	職業	95	190	37
しょくじ	食事	95	190	101
しょくどう	食堂	31	190	37
しょくにん	職人	31	190	37
しょくば	職場	95	190	37
しょくひん	食品	95	190	37
しょくぶつ	植物	95	190	37
しょくよく	食欲	31	190	37
しょくりょう	食料	31	190	37
しょざい	所在	79	190	37
しょしん	初心	79	190	120
しょせん	所詮	63	190	61
しょぞく	所属	95	190	101
しょたいめん	初対面	95	190	37
しょっき	食器	47	190	37
しょっきんぐ	ショッキング	31	190	120
しょっく	ショック	95	190	120
しょっくです	ショックです	15	190	138
しょっちゅう	しょっちゅう	63	190	58
しょっぴんぐ	ショッピング	95	190	101
しょてん	書店	95	190	37
しょにち	初日	95	190	37
しょぶん	処分	95	190	101
しょほう	処方	79	190	101
しょみん	庶民	95	190	37
しょめい	署名	95	190	101
しょり	処理	95	190	101
しょるい	書類	95	190	37
しょんぼり	しょんぼり	95	190	55
しょー	ショー	95	190	37
しよう	使用	95	190	101
しらおか	白岡	15	190	37
しらかわ	白川	95	190	37
しらさぎ	白鷺	15	190	37
しらせ	知らせ	111	190	95
しらたま	白玉	0	190	37
しらない	知らない	142	190	155
しらん	知らん	15	190	150
しり	尻	95	190	37
しりぞけ	退け	95	190	95
しりつ	私立	126	190	37
しりつ	私立	126	190	75
しりつ	市立	95	190	37
しりょく	視力	126	190	37
しるし	印	15	190	37
しれん	試練	126	190	37
しろ	代	95	190	37
しろきや	白木屋	79	190	37
しろくま	シロクマ	15	190	37
しろくろ	白黒	126	190	37
しろぐみ	白組	0	190	37
しろばい	白バイ	15	190	37
しわざ	仕業	95	190	37
しわしわ	しわしわ	0	190	120
しんか	進化	79	190	101
しんかいそく	新快速	15	190	37
しんかいち	新開地	15	190	37
しんかん	新館	47	190	37
しんかんせん	新幹線	111	190	37
しんがく	進学	79	190	101
しんがた	新型	63	190	37
しんき	新規	126	190	120
しんきょく	新曲	95	190	37
しんぐる	シングル	111	190	37
しんけい	神経	95	190	37
しんけいしつ	神経質	63	190	120
しんけん	真剣	111	190	120
しんこう	進行	95	190	101
しんこきゅう	深呼吸	31	190	101
しんこく	深刻	95	190	120
しんこく	申告	63	190	101
しんこん	新婚	47	190	37
しんごう	信号	111	190	101
しんさ	審査	95	190	101
しんさい	震災	63	190	37
しんさいばし	心斎橋	47	190	37
しんさつ	診察	63	190	101
しんし	紳士	31	190	41
しんしつ	寝室	31	190	37
しんしふく	紳士服	15	190	37
しんしゃ	新車	31	190	37
しんしゅん	新春	31	190	37
しんじ	信じ	15	190	95
しんじつ	真実	95	190	120
しんじて	信じて	15	190	206
しんじゅ	真珠	31	190	37
しんじゅく	新宿	95	190	37
しんじゅく	新宿	0	190	33
しんじょう	新城	31	190	37
しんじょう	新庄	0	190	37
しんじん	新人	95	190	41
しんせい	申請	95	190	101
しんせいどう	新星堂	15	190	37
しんせき	親戚	95	190	37
しんせつ	親切	95	190	121
しんせん	新鮮	95	190	120
しんそう	真相	79	190	37
しんぞう	心臓	95	190	37
しんたい	身体	142	190	37
しんたく	信託	63	190	101
しんだい	寝台	15	190	37
しんだん	診断	95	190	101
しんち	新地	15	190	37
しんちく	新築	63	190	101
しんちゃく	新着	95	190	101
しんちょう	慎重	95	190	121
しんちょう	身長	95	190	37
しんでん	新田	31	190	37
しんとしん	新都心	31	190	37
しんとみちょう	新富町	0	190	37
しんど	震度	15	190	37
しんどい	しんどい	79	190	152
しんにゅう	侵入	63	190	101
しんにゅう	進入	47	190	101
しんねん	新年	95	190	37
しんねん	信念	79	190	37
しんばし	新橋	79	190	37
しんぱい	心配	142	190	101
しんぱいです	心配です	0	190	138
しんぴ	神秘	79	190	120
しんぴん	新品	95	190	37
しんぷる	シンプル	95	190	120
しんぼう	辛抱	63	190	101
しんぼく	親睦	47	190	101
しんぼる	シンボル	79	190	37
しんぽ	進歩	95	190	101
しんみり	しんみり	95	190	55
しんや	深夜	95	190	37
しんゆう	親友	95	190	37
しんよう	信用	95	190	101
しんらい	信頼	95	190	101
しんり	心理	95	190	37
しー	シー	95	190	37
しーくれっと	シークレット	95	190	37
しーさいど	シーサイド	0	190	37
しーつ	シーツ	95	190	37
しーと	シート	111	190	37
しーとれいん	シートレイン	0	190	37
しーぱらだいす	シーパラダイス	0	190	37
しーる	シール	95	190	101
じ	字	31	190	37
じぇいするー	Jスルー	0	190	37
じぇっとこーすたー	ジェットコースター	95	190	37
じぇーするー	Jスルー	0	190	37
じき	磁気	95	190	37
じじょ	次女	95	190	42
じじょ	二女	79	190	42
じたい	自体	31	190	63
じっしゅう	実習	95	190	101
じっせん	実戦	95	190	101
じっせん	実践	95	190	101
じったい	実体	95	190	37
じつざい	実在	95	190	101
じつの	実の	15	190	64
じどうどあ	自動ドア	15	190	37
じはん	時半	0	190	39
じゃ	蛇	79	190	37
じゃ	邪	15	190	37
じゃあく	邪悪	15	190	121
じゃがいも	じゃがいも	95	190	37
じゃくてん	弱点	95	190	37
じゃぐち	蛇口	95	190	37
じゃすこ	ジャスコ	95	190	37
じゃない	じゃない	15	190	155
じゃむ	ジャム	95	190	37
じゃる	JAL	79	190	37
じゃんぷ	ジャンプ	95	190	101
じゃんぼ	ジャンボ	95	190	120
じゅう	中	31	190	39
じゅう	柔	15	190	37
じゅう	銃	15	190	37
じゅう	拾	0	190	26
じゅうあつ	重圧	95	190	37
じゅうい	獣医	15	190	37
じゅうじつ	充実	111	190	101
じゅうじゅう	重々	15	190	61
じゅうじょう	十条	0	190	37
じゅうそう	十三	15	190	37
じゅうどう	柔道	15	190	37
じゅうにん	住人	15	190	37
じゅうはちきっぷ	18きっぷ	0	190	37
じゅうぶん	十分	95	190	101
じゅうようし	重要視	15	190	101
じゅうようせい	重要性	15	190	37
じゅえりー	ジュエリー	79	190	37
じゅくすい	熟睡	15	190	101
じゅけんせい	受験生	95	190	41
じゅしん	受信	95	190	101
じゅっかい	十階	0	190	37
じゅつ	術	15	190	37
じゅつ	述	0	190	37
じゅにあ	ジュニア	15	190	37
じゅばく	呪縛	0	190	101
じゅみょう	寿命	95	190	37
じゅん	準	31	190	40
じゅん	純	15	190	75
じゅんい	順位	95	190	37
じゅんじょ	順序	15	190	37
じゅんじょう	純情	15	190	121
じゅんすい	純粋	95	190	121
じゅんちょう	順調	111	190	120
じゅんばん	順番	95	190	37
じょ	所	15	190	39
じょ	序	0	190	101
じょう	場	31	190	39
じょう	丈	15	190	80
じょう	城	15	190	37
じょう	嬢	15	190	44
じょう	情	15	190	37
じょう	条	15	190	80
じょう	畳	15	190	80
じょう	帖	0	190	80
じょうえい	上映	95	190	101
じょうえん	上演	15	190	101
じょうきゅう	上級	15	190	37
じょうげ	上下	95	190	101
じょうし	城址	0	190	37
じょうしき	常識	95	190	37
じょうしゃ	乗車	31	190	101
じょうしゅうや	上州屋	0	190	37
じょうじゅん	上旬	15	190	37
じょうじゅん	上旬	15	190	39
じょうじょう	上々	15	190	120
じょうすい	上水	15	190	37
じょうぜんじどおり	定禅寺通	0	190	37
じょうたつ	上達	15	190	101
じょうだん	冗談	95	190	37
じょうねつ	情熱	95	190	37
じょうはんしん	上半身	95	190	37
じょうば	乗馬	15	190	101
じょうひん	上品	95	190	120
じょうぶ	丈夫	95	190	121
じょうりく	上陸	15	190	101
じょうれん	常連	95	190	37
じょおう	女王	95	190	37
じょぎんぐ	ジョギング	15	190	101
じょげん	助言	15	190	101
じょしゅ	助手	15	190	37
じょっき	ジョッキ	15	190	37
じょゆう	女優	95	190	37
じょーしん	ジョーシン	0	190	37
じれった	じれった	15	190	76
じんか	人科	0	190	37
じんかく	人格	95	190	37
じんくす	ジンクス	95	190	37
じんぐう	神宮	95	190	37
じんけん	人権	95	190	37
じんしゅ	人種	95	190	37
じんぼうちょう	神保町	95	190	37
じーさいど	Zサイド	0	190	37
す	巣	15	190	37
すい	水	15	190	37
すいえい	水泳	95	190	101
すいか	Suica	63	190	37
すいさん	水産	95	190	37
すいじょう	水上	31	190	37
すいせい	水性	63	190	37
すいせん	推薦	95	190	101
すいぞくかん	水族館	95	190	37
すいた	吹田	79	190	37
すいっち	スイッチ	95	190	101
すいてんぐう	水天宮	47	190	37
すいどう	水道	95	190	37
すいどうばし	水道橋	47	190	37
すいみんぐ	スイミング	79	190	101
すいよう	(水)	0	190	33
すいり	推理	95	190	101
すうがく	数学	95	190	37
すえ	据え	95	190	95
すかいたわー	スカイタワー	0	190	37
すがい	スガイ	15	190	37
すがも	巣鴨	95	190	37
すきです	好きです	15	190	138
すきやき	すき焼き	15	190	37
すぎた	杉田	79	190	37
すぎもとちょう	杉本町	0	190	37
すくえあ	スクエア	79	190	37
すくらんぶる	スクランブル	0	190	37
すけまつ	助松	0	190	37
すご	すご	15	190	78
すごかった	すごかった	0	190	151
すごかった	凄かった	0	190	151
すすんで	進んで	15	190	180
すずき	鈴木	15	190	40
すずらんだい	鈴蘭台	0	190	37
すそ	すそ	15	190	37
すっぱ	すっぱ	15	190	76
すてんどぐらす	ステンドグラス	95	190	37
すで	素手	15	190	37
すとあー	ストアー	15	190	37
すなべ	砂辺	79	190	37
すなまち	砂町	0	190	37
すばる	昴	15	190	37
すぱー	スパー	79	190	37
すべ	術	15	190	37
すぺいんざか	スペイン坂	0	190	37
すま	須磨	79	190	37
すみ	墨	95	190	37
すみぞめ	墨染	0	190	37
すみのえ	住之江	95	190	37
すみのえ	住ノ江	0	190	37
すみのどう	住道	0	190	37
すみや	すみや	0	190	37
すみよし	住吉	95	190	37
すり	すり	95	190	37
すりーえいと	スリーエイト	0	190	37
すりーえふ	スリーエフ	0	190	37
するっと	スルッと	79	190	37
すると	すると	0	190	250
すると	すると	0	190	252
すわのもり	諏訪ノ森	0	190	37
すんでる	住んでる	15	190	161
せい	製	79	190	101
せい	制	47	190	107
せいい	誠意	79	190	37
せいかつそうこ	生活創庫	0	190	37
せいぎ	正義	79	190	37
せいけい	整形	63	190	101
せいけい	政経	15	190	37
せいけつ	清潔	79	190	121
せいこーまーと	セイコーマート	0	190	37
せいさく	制作	95	190	101
せいさく	製作	79	190	101
せいさん	清算	31	190	101
せいざ	星座	47	190	37
せいざ	正座	31	190	101
せいしゅん	青春	47	190	101
せいしん	西神	0	190	37
せいじょう	成城	31	190	37
せいじん	成人	31	190	101
せいせい	せいせい	15	190	47
せいせき	聖蹟	0	190	37
せいぞん	生存	63	190	101
せいだい	盛大	79	190	120
せいでんき	静電気	79	190	37
せいと	生徒	0	190	37
せいとう	正当	63	190	120
せいとう	正統	15	190	37
せいねん	成年	15	190	37
せいねんがっぴ	生年月日	79	190	37
せいは	制覇	95	190	101
せいはんたい	正反対	79	190	120
せいふく	制服	63	190	37
せいぶ	西武	63	190	37
せいべつ	性別	95	190	37
せいほうけい	正方形	63	190	37
せいぼ	歳暮	15	190	37
せいゆう	西友	79	190	37
せいよう	西洋	95	190	37
せいよう	静養	15	190	101
せいれつ	整列	63	190	101
せかっこう	背格好	79	190	37
せき	責	63	190	37
せき	隻	31	190	80
せき	セキ	15	190	37
せき	堰	15	190	37
せき	積	15	190	37
せきどう	赤道	15	190	37
せきめ	関目	0	190	37
せきや	関屋	79	190	37
せけんてい	世間体	15	190	37
せっかち	せっかち	95	190	120
せっきゃく	接客	95	190	101
せっきょう	説教	95	190	101
せっけん	石鹸	95	190	37
せっしゅ	接種	95	190	101
せったい	接待	95	190	101
せっちゃく	接着	79	190	101
せっつ	摂津	79	190	37
せつ	切	95	190	120
せつ	拙	79	190	37
せつじょ	切除	95	190	101
せつな	切な	15	190	76
せつやく	節約	95	190	101
せながじま	瀬長島	0	190	37
せびろ	背広	15	190	37
せぶんぷれっくす	7プレックス	0	190	37
せめた	責めた	79	190	151
せや	瀬谷	79	190	37
せろてーぷ	セロテープ	15	190	37
せろり	セロリ	15	190	37
せわしい	忙しい	0	190	152
せわしかった	忙しかった	0	190	151
せわしく	忙しく	0	190	173
せん	戦	95	190	39
せん	船	31	190	39
せん	千	15	190	28
せん	栓	15	190	37
せん	腺	15	190	37
せんかわ	千川	0	190	37
せんがくじ	泉岳寺	31	190	37
せんがわ	仙川	0	190	37
せんがん	洗顔	79	190	101
せんげんだい	せんげん台	0	190	37
せんさー	センサー	63	190	37
せんじゅ	千住	0	190	37
せんす	センス	95	190	37
せんぞ	先祖	79	190	37
せんた	センタ	15	190	37
せんたーがい	センター街	31	190	37
せんだい	仙台	95	190	37
せんだいこう	仙台港	0	190	37
せんだがや	千駄ヶ谷	15	190	37
せんちゃ	煎茶	0	190	37
せんとらる	セントラル	31	190	37
せんばやし	千林	0	190	37
せんぱ	センパ	0	190	37
せんり	千里	63	190	37
せんりおか	千里丘	0	190	37
せんりやま	千里山	0	190	37
せんれん	洗練	95	190	101
せんろ	線路	95	190	37
せーぶおん	セーブオン	0	190	37
そう	層	95	190	37
そう	層	95	190	80
そう	総	95	190	37
そう	草	95	190	37
そう	僧	15	190	37
そう	奏	15	190	101
そう	槽	15	190	39
そう	相	15	190	37
そう	荘	15	190	39
そう	装	15	190	37
そうい	相違	47	190	101
そうおん	騒音	95	190	37
そうか	草加	31	190	37
そうかい	爽快	47	190	121
そうきゅう	早急	79	190	120
そうきん	送金	63	190	101
そうこ	倉庫	95	190	37
そうさ	捜査	47	190	101
そうさく	捜索	15	190	101
そうざい	惣菜	15	190	37
そうざん	早産	15	190	101
そうしき	葬式	31	190	37
そうしつ	喪失	31	190	101
そうしょく	装飾	31	190	101
そうじき	掃除機	47	190	37
そうじじ	総持寺	0	190	37
そうじゅう	操縦	31	190	101
そうじん	総人	0	190	37
そうせい	総政	0	190	37
そうぞく	相続	47	190	101
そうたい	早退	31	190	101
そうだ	そうだ	15	190	131
そうだ	そうだ	0	190	132
そうだい	総代	15	190	37
そうちゃく	装着	79	190	101
そうとう	相当	63	190	101
そうぶだい	相武台	0	190	37
そく	足	15	190	80
そく	束	0	190	80
そこに	そこに	15	190	259
そごう	そごう	0	190	37
そしがや	祖師ヶ谷	0	190	37
そしな	粗品	15	190	37
そそっかし	そそっかし	0	190	77
そっか	そっか	15	190	230
そっけつ	即決	15	190	101
そつ	卒	15	190	37
そつえん	卒園	0	190	101
そねけい	曽根警	0	190	37
その	園	79	190	37
そのあいだ	その間	15	190	37
そのかわり	その代わり	95	190	67
そのかん	その間	15	190	37
そのこと	その事	15	190	37
そのころ	その頃	79	190	37
そのため	そのため	15	190	284
そのとき	その時	15	190	37
そのば	その場	15	190	37
そのひ	その日	15	190	37
そのひと	その人	15	190	37
そば	ソバ	15	190	37
そば	側	15	190	37
そぼく	素朴	15	190	121
そらみみ	空耳	0	190	37
そらりあ	ソラリア	0	190	37
それと	それと	15	190	251
それは	それは	63	190	224
そん	村	15	190	39
そんけい	尊敬	95	190	101
そんけいします	尊敬します	0	190	145
そんしつ	損失	95	190	101
そんする	損する	0	190	161
そんちょう	尊重	95	190	101
そーだ	ソーダ	15	190	37
たい	タイ	111	190	37
たい	帯	15	190	101
たい	隊	15	190	37
たい	鯛	15	190	37
たいあん	大安	15	190	37
たいいく	体育	95	190	37
たいいん	退院	63	190	101
たいおん	体温	79	190	37
たいがく	退学	31	190	101
たいき	待機	79	190	101
たいきん	大金	95	190	37
たいくつ	退屈	95	190	101
たいくつ	退屈	95	190	121
たいぐう	待遇	79	190	101
たいけい	体型	63	190	37
たいけい	体形	15	190	37
たいけつ	対決	79	190	101
たいけん	体験	95	190	101
たいこう	対抗	95	190	101
たいさく	対策	111	190	101
たいざい	滞在	95	190	101
たいした	大した	95	190	64
たいしつ	体質	95	190	37
たいしつ	退室	15	190	101
たいしばし	太子橋	0	190	37
たいしゃ	代謝	31	190	101
たいしゃ	大社	31	190	37
たいしゃ	退社	31	190	101
たいしゅう	大衆	31	190	37
たいしゅつ	退出	15	190	101
たいしょ	対処	95	190	101
たいしょう	大賞	95	190	37
たいしょう	大正	31	190	37
たいしょう	対称	15	190	37
たいしょく	退職	31	190	101
たいじ	退治	31	190	101
たいじゅう	体重	95	190	101
たいじょう	退場	31	190	101
たいせい	態勢	31	190	37
たいせき	退席	15	190	101
たいせん	対戦	95	190	101
たいそう	体操	95	190	101
たいだん	対談	79	190	101
たいだん	退団	63	190	101
たいちょう	体調	95	190	37
たいつ	タイツ	15	190	37
たいてい	大抵	95	190	63
たいてい	大抵	95	190	123
たいとう	対等	79	190	120
たいとる	タイトル	95	190	37
たいない	体内	95	190	37
たいふう	台風	95	190	37
たいぼう	待望	79	190	101
たいまん	怠慢	79	190	120
たいみんぐ	タイミング	95	190	37
たいや	タイヤ	95	190	37
たいよう	太陽	95	190	37
たいら	平ら	95	190	120
たいりく	大陸	95	190	37
たいりつ	対立	63	190	101
たいりょく	体力	95	190	37
たいわん	台湾	95	190	37
たうんあうとれっと	タウンアウトレット	0	190	37
たえた	耐えた	95	190	151
たか	鷹	79	190	37
たかいし	高石	31	190	37
たかいだ	高井田	0	190	37
たかいど	高井戸	15	190	37
たかお	高尾	47	190	37
たかさか	高坂	31	190	37
たかさき	高崎	95	190	37
たかさご	高砂	79	190	37
たかしまだいら	高島平	31	190	37
たかしまや	高島屋	95	190	37
たかだ	高田	95	190	37
たかだし	高田市	0	190	37
たかだのばば	高田馬場	79	190	37
たかった	たかった	63	190	151
たかつき	高槻	79	190	37
たかつきし	高槻市	47	190	37
たかとり	鷹取	79	190	37
たかのだい	鷹の台	0	190	37
たかのはら	高の原	0	190	37
たかはた	高幡	15	190	37
たかまつ	高松	95	190	37
たかみのさと	高見ノ里	0	190	37
たかやす	高安	79	190	37
たからくじ	宝くじ	95	190	37
たからじま	宝島	47	190	37
たからもの	宝物	95	190	37
たがい	互い	95	190	37
たきい	滝井	0	190	37
たきだに	滝谷	47	190	37
たく	卓	15	190	40
たく	宅	15	190	37
たく	託	15	190	107
たくはい	宅配	111	190	101
たくみ	匠	31	190	37
たくわえ	蓄え	95	190	95
たけ	武	95	190	37
たけしたどおり	竹下通り	0	190	37
たけだ	竹田	79	190	37
たけのつか	竹ノ塚	0	190	37
たけばし	竹橋	79	190	37
たこ	凧	15	190	37
たし	足し	95	190	37
たじたじ	たじたじ	15	190	54
たすかった	助かった	95	190	151
たすかります	助かります	95	190	145
たすかる	助かる	95	190	161
たたえ	称え	79	190	95
たたかい	闘い	95	190	37
たたき	叩き	95	190	37
たたみ	畳	95	190	37
ただ	只	95	190	58
ただ	唯	95	190	58
ただおか	忠岡	0	190	37
ただちに	直に	15	190	54
ただれ	ただれ	15	190	94
たち	達	95	190	43
たち	館	15	190	37
たちばな	立花	95	190	37
たっきゅう	卓球	95	190	37
たっきゅうびん	宅急便	79	190	45
たつ	辰	0	190	37
たつみ	巽	95	190	37
たて	盾	95	190	37
たていし	立石	79	190	37
たてまち	竪町	0	190	37
たなか	田中	47	190	40
たなし	田無	0	190	37
たにがみ	谷上	79	190	37
たにがわ	たにがわ	0	190	37
たにまち	谷町	79	190	37
たぬき	狸	0	190	37
たのしい	たのしい	79	190	152
たのしかった	楽しかった	15	190	151
たのしければ	楽しければ	79	190	215
たのしみたい	楽しみたい	0	190	152
たのしみです	楽しみです	15	190	138
たのしむ	楽しむ	111	190	161
たのしもう	楽しもう	95	190	147
たのしんで	楽しんで	15	190	180
たのみ	頼み	95	190	37
たのむ	頼む	95	190	161
たのめ	頼め	15	190	150
たのもしい	頼もしい	79	190	152
たのんで	頼んで	15	190	161
たばた	田端	95	190	37
たばね	束ね	95	190	95
たび	度	15	190	37
たべたい	食べたい	95	190	152
たべに	食べに	95	190	260
たま	多摩	95	190	37
たま	球	95	190	37
たま	珠	15	190	37
たまがわ	玉川	95	190	37
たまち	田町	79	190	37
たまった	たまった	95	190	151
たまって	たまって	95	190	206
たまつくり	玉造	79	190	37
たまで	玉出	0	190	37
たまねぎ	玉ねぎ	95	190	37
たまぷらーざ	たまプラーザ	63	190	37
たまも	玉藻	63	190	37
たまらない	たまらない	15	190	155
たまらん	たまらん	15	190	150
たまる	たまる	95	190	161
ため	溜め	95	190	95
ため	貯め	95	190	95
ためいき	ため息	15	190	101
ためいけ	溜池	0	190	37
ために	ために	79	190	259
たらこ	たらこ	0	190	37
たわらもと	田原本	0	190	37
たわーず	タワーズ	15	190	37
たん	単	95	190	37
たん	端	95	190	37
たん	短	15	190	37
たん	胆	0	190	37
たんか	担架	15	190	37
たんき	短期	95	190	37
たんき	短気	47	190	120
たんきょり	短距離	95	190	37
たんご	タンゴ	79	190	37
たんしゅく	短縮	95	190	101
たんしょ	短所	31	190	37
たんたん	淡々	95	190	124
たんだい	短大	79	190	37
たんにん	担任	95	190	101
たんのう	堪能	95	190	101
たんのう	堪能	95	190	120
たんばばし	丹波橋	0	190	37
たんぱつ	単発	63	190	37
たんぺん	短編	95	190	37
たんぼ	田んぼ	95	190	37
だい	代	15	190	80
だい	題	15	190	39
だいいち	第一	0	190	37
だいがくいん	大学院	15	190	37
だいきち	大吉	0	190	37
だいきょう	大凶	0	190	37
だいきらい	大嫌い	15	190	120
だいく	大工	15	190	37
だいこくちょう	大国町	0	190	37
だいじょうじ	大乗寺	0	190	37
だいにち	大日	0	190	37
だいもつ	大物	0	190	37
だいもん	大門	0	190	37
だいわ	だいわ	0	190	37
だが	だが	0	190	67
だめです	ダメです	0	190	138
だよね	だよね	0	190	268
だん	暖	15	190	37
だんらん	団らん	15	190	101
ち	値	31	190	39
ちかがい	地下街	95	190	37
ちかちか	チカチカ	95	190	61
ちがう	違う	95	190	161
ちがさき	茅ヶ崎	79	190	37
ちくちく	チクチク	79	190	55
ちぢみ	縮み	95	190	37
ちぢれ	縮れ	95	190	94
ちっ	チッ	15	190	61
ちっちゃ	ちっちゃ	15	190	76
ちびっこ	ちびっこ	0	190	37
ちぶね	千船	0	190	37
ちゃい	ちゃい	0	190	162
ちゃいろ	茶色	95	190	78
ちゃく	着	95	190	101
ちゃくしん	着信	95	190	101
ちゃくじつ	着実	95	190	120
ちゃくせき	着席	31	190	101
ちゃくち	着地	31	190	101
ちゃくちゃく	着々	95	190	61
ちゃくりく	着陸	95	190	101
ちゃたん	北谷	0	190	37
ちゃった	ちゃった	0	190	151
ちゃって	ちゃって	0	190	180
ちゃや	茶屋	15	190	37
ちゃらちゃら	チャラチャラ	63	190	55
ちゅういする	注意する	15	190	161
ちゅういち	中１	15	190	37
ちゅうおうぐち	中央口	15	190	37
ちゅうきん	駐禁	79	190	37
ちゅうしゃ	注射	79	190	101
ちゅうしょじま	中書島	0	190	37
ちゅうたい	中退	47	190	101
ちゅうちょ	躊躇	95	190	101
ちゅうどく	中毒	47	190	101
ちゅうに	中２	15	190	37
ちゅーぶ	チューブ	79	190	37
ちょう	長	79	190	37
ちょう	蝶	31	190	37
ちょう	丁	15	190	80
ちょう	兆	15	190	30
ちょう	帳	15	190	37
ちょう	庁	15	190	37
ちょうかん	朝刊	15	190	37
ちょうきょり	長距離	95	190	37
ちょうご	長後	0	190	37
ちょうしょ	長所	31	190	37
ちょうしょく	朝食	95	190	37
ちょうじょ	長女	31	190	42
ちょうじょう	頂上	95	190	37
ちょうせつ	調節	31	190	101
ちょうだい	ちょうだい	15	190	101
ちょうはつ	挑発	15	190	101
ちょうふ	調布	15	190	37
ちょうほう	重宝	31	190	101
ちょうめ	丁目	15	190	80
ちょうり	調理	95	190	101
ちょうわ	調和	31	190	101
ちょき	チョキ	15	190	37
ちょきん	貯金	95	190	101
ちょく	直	15	190	120
ちょくげき	直撃	31	190	101
ちょくちょく	ちょくちょく	95	190	61
ちょこ	チョコ	95	190	37
ちょこれーと	チョコレート	95	190	37
ちょっかく	直角	31	190	120
ちょっかん	直感	31	190	101
ちょっけい	直径	95	190	37
ちょっこう	直行	31	190	101
ちらっ	チラッ	0	190	61
ちり	塵	0	190	37
ちりはま	千里浜	0	190	37
ちりょく	知力	79	190	37
ちるこぽると	チルコポルト	0	190	37
ちん	賃	15	190	37
つい	つい	0	190	61
ついた	着いた	15	190	151
ついて	着いて	15	190	180
ついで	ついで	0	190	255
ついとう	追悼	95	190	101
ついとつ	追突	95	190	101
ついん	ツイン	95	190	37
ついんくる	ツインクル	0	190	37
つう	痛	15	190	32
つうがく	通学	95	190	101
つうち	通知	95	190	101
つうちょう	通帳	95	190	37
つうやく	通訳	95	190	101
つか	塚	15	190	37
つか	束	15	190	37
つか	柄	15	190	37
つかぐち	塚口	0	190	37
つかれます	疲れます	15	190	145
つが	都賀	79	190	37
つきあって	付き合って	79	190	206
つきぎめ	月極め	0	190	37
つぎに	次に	31	190	61
つぎに	次に	31	190	259
つくの	津久野	0	190	37
つけもの	漬物	15	190	37
つじどう	辻堂	0	190	37
つたや	TSUTAYA	79	190	37
つちやま	土山	79	190	37
つつい	筒井	79	190	37
つつじがおか	つつじヶ丘	0	190	37
つつみ	ツツミ	0	190	37
つなしま	綱島	79	190	37
つね	恒	0	190	37
つば	唾	15	190	37
つぶし	潰し	95	190	37
つぶつぶ	粒々	0	190	63
つべこべ	つべこべ	15	190	61
つぼ	壺	0	190	37
つまみ	ツマミ	0	190	37
つまらな	つまらな	31	190	76
つまらなかった	つまらなかった	15	190	151
つや	通夜	15	190	101
つよび	強火	15	190	37
つらい	辛い	15	190	152
つらかった	辛かった	15	190	151
つらく	辛く	15	190	173
つる	蔓	0	190	37
つるかわ	鶴川	0	190	37
つるがおか	鶴ヶ丘	0	190	37
つるがしま	鶴ヶ島	0	190	37
つるがみね	鶴ヶ峰	0	190	37
つるせ	鶴瀬	0	190	37
つるは	ツルハ	79	190	37
つるはし	鶴橋	95	190	37
つるみ	鶴見	95	190	37
てあみ	手編み	15	190	101
てぃす	TiS	0	190	37
てぃーしゃつ	Tシャツ	0	190	37
てい	亭	15	190	39
てい	低	15	190	68
てい	邸	0	190	45
ていおん	低音	15	190	37
ていきゅうび	定休日	63	190	37
ていけつあつ	低血圧	15	190	37
ていしゃ	停車	15	190	101
ていしゅ	亭主	15	190	37
ていしょく	定職	15	190	37
ていじ	定時	15	190	37
ていちゃく	定着	31	190	101
ていちょう	丁重	15	190	120
ていでん	停電	15	190	101
ていねやま	手稲山	0	190	37
てかげん	手加減	15	190	101
てきしょく	適職	15	190	37
てきせい	適性	15	190	37
てぎわ	手際	15	190	37
てじな	手品	15	190	37
てじょう	手錠	15	190	37
てそう	手相	15	190	37
てつじん	鉄人	15	190	41
てらだちょう	寺田町	0	190	37
てろ	テロ	31	190	37
てわけ	手分け	15	190	101
てん	展	31	190	39
てん	転	31	190	101
てん	…	0	190	33
てん	・	0	190	33
てんがちゃや	天下茶屋	0	190	37
てんきょ	転居	15	190	101
てんきん	転勤	15	190	101
てんけい	典型	15	190	37
てんけん	点検	15	190	101
てんこう	転校	15	190	101
てんじじょう	展示場	15	190	37
てんじんばしすじ	天神橋筋	0	190	37
てんちか	てんちか	0	190	37
てんてき	点滴	15	190	101
てんてん	転々	15	190	63
てんとう	転倒	15	190	101
てんのうじ	天王寺	15	190	37
てんのうず	天王洲	0	190	37
てんのうだい	天王台	0	190	37
てんのうちょう	天王町	0	190	37
てんびんざ	てんびん座	0	190	37
てんびんざ	天秤座	0	190	37
てんぼうだい	展望台	15	190	37
てんま	天満	15	190	37
てんまばし	天満橋	15	190	37
てんまや	天満屋	0	190	37
てんまんぐう	天満宮	0	190	37
てんり	天理	15	190	37
とい	問	95	190	37
といあわせ	問い合わせ	95	190	95
といあわせ	問合せ	15	190	95
といあわせ	問合せ	15	190	101
といざらす	トイザらス	79	190	37
とう	党	95	190	37
とう	等	95	190	39
とう	十	79	190	37
とう	塔	15	190	37
とう	棟	15	190	80
とう	糖	15	190	37
とう	頭	15	190	80
とうかい	東海	95	190	37
とうがらし	唐辛子	15	190	37
とうがらし	とうがらし	0	190	37
とうきゅう	東急	15	190	37
とうけい	統計	15	190	101
とうこう	投稿	95	190	101
とうごう	統合	15	190	101
とうさく	盗作	15	190	101
とうさん	倒産	95	190	101
とうさん	父さん	15	190	44
とうざい	東西	15	190	37
とうし	投資	95	190	101
とうじ	東寺	0	190	37
とうだい	東大	0	190	37
とうちゃく	到着	95	190	101
とうちょう	盗聴	15	190	101
とうとう	等々	15	190	37
とうとつ	唐突	15	190	120
とうなん	盗難	15	190	37
とうにゅう	投入	95	190	101
とうにゅう	豆乳	15	190	37
とうばん	当番	15	190	101
とうひょう	投票	95	190	101
とうびょう	闘病	15	190	37
とうふ	豆腐	95	190	37
とうふくじ	東福寺	0	190	37
とうぶ	東武	15	190	37
とうぶ	東部	15	190	37
とうぶん	当分	95	190	60
とうほく	東北	95	190	37
とうめい	透明	95	190	120
とうよう	東洋	95	190	37
とうよう	東葉	0	190	37
とうようちょう	東陽町	0	190	37
とお	十	95	190	36
とおか	十日	0	190	37
とおって	通って	79	190	180
とおもう	と思う	0	190	161
とが	栂	0	190	37
ときわだい	ときわ台	0	190	37
とく	とく	15	190	161
とくあん	徳庵	0	190	37
とくしま	徳島	79	190	45
とくする	得する	0	190	161
とけ	熔け	0	190	94
とけ	融け	0	190	94
とけいだい	時計台	95	190	37
とげ	とげ	95	190	37
とげ	トゲ	15	190	37
とこ	所	95	190	37
とさ	とさ	0	190	269
とさか	とさか	0	190	37
とし	歳	15	190	37
としうえ	歳上	0	190	37
としより	年寄り	95	190	37
とじ	閉じ	95	190	95
とじ	綴じ	79	190	95
とたん	途端	15	190	37
とっきゅう	特急	95	190	37
とっくん	特訓	95	190	101
とった	とった	95	190	151
とって	とって	95	190	206
とっとと	とっとと	95	190	46
とっとり	鳥取	79	190	45
とつ	凸	15	190	37
ととのえ	整え	95	190	95
ととのえ	調え	31	190	95
とどいた	届いた	15	190	151
とどいて	届いて	15	190	180
とどきました	届きました	15	190	151
とどろき	等々力	95	190	37
との	殿	15	190	37
とのしょう	富野荘	0	190	37
とび	跳び	95	190	37
とま	苫	0	190	37
とまり	泊	95	190	37
とまる	泊まる	95	190	161
とみお	富雄	47	190	37
とめ	泊め	95	190	95
とめ	留め	95	190	95
とも	共	95	190	37
とも	供	15	190	37
とよす	豊洲	95	190	37
とよつ	豊津	0	190	37
とよなか	豊中	95	190	37
とよみ	とよみ	0	190	37
とら	寅	15	190	37
とらのもん	虎ノ門	95	190	37
とらんぷ	トランプ	95	190	37
とり	取り	95	190	37
とり	酉	15	190	37
とり	鶏	15	190	37
とりいそぎ	取り急ぎ	95	190	61
とりっく	トリック	95	190	37
とりつ	都立	15	190	37
とりで	取手	79	190	37
とりとん	トリトン	15	190	37
とりにく	鶏肉	95	190	37
とれる	とれる	95	190	161
とれる	取れる	95	190	161
とんだ	富田	95	190	37
とんだばやし	富田林	79	190	37
とんで	飛んで	15	190	61
どうしても	どうしても	0	190	222
どうみょうじ	道明寺	0	190	37
どげざ	土下座	0	190	37
どころ	所	0	190	39
どーなっつ	ドーナッツ	0	190	37
な	名	31	190	37
なぁ	なぁ	15	190	66
ない	無い	95	190	152
ないしょ	内緒	95	190	37
ないしょ	ナイショ	0	190	37
ないす	ナイス	79	190	37
ないて	泣いて	15	190	206
ないめん	内面	111	190	37
ないりく	内陸	15	190	37
なかい	中井	79	190	37
なかおかちまち	仲御徒町	0	190	37
なかがわら	中河原	0	190	37
なかきど	仲木戸	0	190	37
なかざきちょう	中崎町	0	190	37
なかった	なかった	15	190	151
なかつ	中津	95	190	37
なかでも	中でも	95	190	61
なかには	中には	0	190	224
なかの	中野	95	190	37
なかのぶ	中延	0	190	37
なかはら	中原	79	190	37
なかふとう	中ふ頭	0	190	37
なかま	仲間	15	190	40
なかまいり	仲間入り	79	190	101
なかむらばし	中村橋	0	190	37
なかもず	なかもず	0	190	37
なかやま	中山	0	190	37
なかゆび	中指	15	190	37
なかよく	仲良く	95	190	173
なかよし	仲良し	79	190	37
なが	永	15	190	153
ながい	長居	31	190	37
ながいき	長生き	31	190	101
ながお	長尾	47	190	37
ながおか	長岡	47	190	37
ながおかきょう	長岡京	31	190	37
ながさ	長さ	95	190	37
ながさき	長崎	95	190	37
ながしま	ナガシマ	15	190	37
ながせ	長瀬	31	190	37
ながた	長田	31	190	37
ながたちょう	永田町	31	190	37
ながつた	長津田	15	190	37
ながなが	長々	95	190	47
ながねぎ	長ネギ	0	190	37
ながねん	長年	111	190	37
ながの	長野	95	190	37
ながはら	長原	15	190	37
ながほり	長堀	63	190	37
ながほりばし	長堀橋	0	190	37
ながまち	長町	15	190	37
ながめ	眺め	95	190	95
ながもち	長持ち	31	190	101
ながや	永谷	15	190	37
ながやま	永山	79	190	37
なき	なき	95	190	37
なきゃ	なきゃ	79	190	215
なぎさ	なぎさ	15	190	37
なぎさ	渚	15	190	37
なく	(泣)	0	190	33
なくって	なくって	0	190	213
なくて	なくて	15	190	206
なぐさめ	慰め	95	190	95
なけ	泣け	15	190	150
なける	泣ける	95	190	161
なごやこう	名古屋港	95	190	37
なごやどーむ	ナゴヤドーム	0	190	37
なさい	なさい	95	190	194
なさけ	情け	15	190	37
なし	無し	0	190	175
なじお	名塩	0	190	37
なす	茄子	0	190	37
なぜか	なぜか	15	190	61
なぜか	何故か	0	190	61
なついん	捺印	15	190	101
なつばて	夏ばて	79	190	101
なつばて	夏バテ	15	190	101
など	等	15	190	39
ななちゃん	ナナちゃん	0	190	37
なにか	何か	0	190	230
なにごと	何事	95	190	37
なにだろう	何だろう	0	190	148
なにですか	何ですか	0	190	230
なにとぞ	何卒	15	190	61
なになに	何々	15	190	63
なぷきん	ナプキン	15	190	37
なまけ	怠け	79	190	95
なまごみ	生ゴミ	95	190	37
なまむぎ	生麦	79	190	37
なまり	鉛	111	190	37
なまり	訛り	79	190	37
なみ	並	15	190	37
なみきどおり	並木通り	0	190	37
なみだ	(涙)	0	190	33
なみのうえ	波之上	0	190	37
なめ	嘗め	0	190	95
ならしの	習志野	95	190	37
ならび	並び	95	190	37
なりそう	なりそう	15	190	188
なりひらばし	業平橋	0	190	37
なりました	なりました	15	190	151
なります	成増	47	190	37
なるお	鳴尾	79	190	37
なれ	馴れ	95	190	94
なわて	畷	0	190	37
なん	難	15	190	37
なんかい	何階	111	190	37
なんかん	難関	79	190	37
なんだろう	なんだろう	15	190	148
なんだろう	何だろう	15	190	148
なんですか	何ですか	15	190	230
なんですか	なんですか	0	190	230
なんば	難波	95	190	37
なんば	なんば	15	190	37
なんばうぉーく	なんばウォーク	0	190	37
なんばしてぃ	なんばCITY	0	190	37
なんばー	ナンバー	95	190	37
なんばーわん	ナンバーワン	47	190	37
は	歯	15	190	37
は	派	15	190	39
はぁ	はぁ	0	190	66
はい	ハイ	95	190	75
はい	ハイ	95	190	120
はい	杯	95	190	80
はい	灰	95	190	37
はい	肺	95	190	37
はい	敗	15	190	80
はい	胚	15	190	37
はいけい	拝啓	63	190	37
はいざら	灰皿	95	190	37
はいしゃ	歯医者	95	190	41
はいじま	拝島	0	190	37
はいたつ	配達	95	190	101
はいつ	ハイツ	0	190	37
はいばら	榛原	15	190	37
はいぱー	ハイパー	95	190	37
はいゆう	俳優	95	190	37
はいりょ	配慮	95	190	101
はいる	入る	111	190	161
はかま	袴	15	190	37
はからい	計らい	95	190	37
はかり	計り	79	190	37
はかり	量り	15	190	37
はかり	秤	0	190	37
はがき	葉書	15	190	37
はがれ	剥がれ	79	190	94
はぎ	萩	95	190	37
はく	泊	15	190	80
はく	箔	15	190	37
はくさん	白山	95	190	37
はくし	白紙	95	190	37
はくじょう	薄情	79	190	120
はくちょう	白鳥	95	190	37
はくねつ	白熱	95	190	101
はくらく	白楽	0	190	37
はぐるま	歯車	95	190	37
はげ	ハゲ	111	190	37
はこいり	箱入り	15	190	37
はごろも	羽衣	15	190	37
はし	橋	95	190	37
はし	端	95	190	37
はし	箸	95	190	37
はしら	柱	95	190	37
はじ	恥	95	190	37
はじ	恥じ	95	190	94
はじ	端	79	190	37
はじのさと	土師ノ里	0	190	37
はじまる	始まる	95	190	161
はじめて	始めて	95	190	63
はじめる	始める	95	190	161
はす	蓮	95	190	37
はす	斜	0	190	120
はすう	端数	15	190	37
はすだ	蓮田	79	190	37
はず	はず	15	190	37
はた	旗	95	190	37
はた	端	79	190	37
はたがや	幡ヶ谷	0	190	37
はたち	二十歳	95	190	37
はたのだい	旗の台	0	190	37
はたらいて	働いて	15	190	180
はだか	裸	95	190	37
はだし	裸足	95	190	37
はだの	秦野	79	190	37
はち	蜂	95	190	37
はちこう	ハチ公	95	190	37
はちまん	八幡	95	190	37
はちまんぐう	八幡宮	79	190	37
はちまんやま	八幡山	0	190	37
はちみつ	ハチミツ	15	190	37
はっ	はっ	111	190	61
はっ	ハッ	15	190	61
はっかく	発覚	95	190	101
はっく	ハック	15	190	37
はっけい	八景	0	190	37
はっけいじま	八景島	47	190	37
はっさん	発散	95	190	101
はっしゃ	発車	95	190	101
はっしん	発信	95	190	101
はっする	ハッスル	15	190	101
はっそう	発想	95	190	101
はっそう	発送	95	190	101
はったつ	発達	95	190	101
はっちゃく	発着	79	190	101
はっちょうぼり	八丁堀	47	190	37
はって	貼って	95	190	180
はっとり	服部	95	190	37
はっぴー	ハッピー	95	190	120
はつ	発	95	190	37
はつ	発	95	190	39
はつこい	初恋	79	190	37
はつしば	初芝	79	190	37
はつだい	初台	63	190	37
はつめい	発明	95	190	101
はてな	?	0	190	33
はな	華	95	190	37
はなし	はなし	15	190	37
はなし	噺	0	190	37
はなしあい	話し合い	95	190	101
はなぞの	花園	95	190	37
はなぞのちょう	花園町	0	190	37
はなだ	花田	79	190	37
はなぢ	鼻血	15	190	37
はなてん	放出	0	190	37
はなびら	花びら	95	190	37
はなみ	花見	95	190	101
はなみず	鼻水	95	190	37
はなむこ	花婿	15	190	37
はなやしき	花屋敷	15	190	37
はなよめ	花嫁	95	190	37
はねだ	羽田	111	190	37
はば	巾	0	190	37
はままつちょう	浜松町	95	190	37
はみがき	歯みがき	15	190	101
はやおき	早起き	95	190	101
はやく	はやく	95	190	173
はやくち	早口	95	190	120
はやさ	速さ	111	190	37
はやさ	早さ	95	190	37
はやばん	早番	15	190	37
はらい	払い	95	190	37
はらたつ	腹立つ	15	190	161
はりなかの	針中野	0	190	37
はるき	春木	79	190	37
はるやま	はるやま	63	190	37
はん	半	95	190	37
はん	反	95	190	101
はん	藩	95	190	37
はん	判	15	190	101
はん	版	15	190	80
はん	班	15	190	37
はんえい	反映	95	190	101
はんえい	繁栄	79	190	101
はんかん	反感	47	190	37
はんがく	半額	95	190	37
はんきゅう	阪急	95	190	37
はんきょう	反響	95	190	101
はんこ	はんこ	15	190	37
はんこう	反抗	95	190	101
はんざい	犯罪	95	190	37
はんじょう	繁盛	63	190	101
はんず	ハンズ	63	190	37
はんせい	反省	95	190	101
はんせいする	反省する	15	190	161
はんそく	反則	79	190	101
はんそで	半袖	95	190	37
はんぞうもん	半蔵門	63	190	37
はんたい	反対	111	190	101
はんのう	飯能	79	190	37
はんぱつ	反発	95	190	101
はんびー	ハンビー	0	190	37
ひ	比	15	190	37
ひ	費	15	190	39
ひかえ	控え	95	190	94
ひかり	ひかり	79	190	37
ひがえり	日帰り	95	190	101
ひがしぐち	東口	15	190	37
ひがしやま	東山	95	190	37
ひき	匹	15	190	80
ひこう	非行	15	190	37
ひこね	彦根	95	190	37
ひごばし	肥後橋	0	190	37
ひさい	被災	95	190	101
ひさしぶりです	久しぶりです	15	190	138
ひざし	日射し	0	190	37
ひし	菱	0	190	37
ひしがた	菱形	15	190	37
ひじやま	比治山	15	190	37
ひつぎ	棺	15	190	37
ひつじがおか	羊ヶ丘	0	190	37
ひとあんしん	一安心	63	190	101
ひとめ	人目	79	190	37
ひど	ひど	47	190	78
ひねの	日根野	0	190	37
ひのき	桧	0	190	37
ひのき	檜	0	190	37
ひのでちょう	日ノ出町	0	190	37
ひばり	ひばり	15	190	37
ひばりがおか	ひばりヶ丘	0	190	37
ひばりがおか	雲雀丘	0	190	37
ひほう	秘宝	0	190	37
ひめじま	姫島	79	190	37
ひゃくばんがい	百番街	0	190	37
ひょう	票	95	190	37
ひょう	評	31	190	101
ひょう	豹	0	190	37
ひょう	雹	0	190	37
ひょうたんやま	瓢箪山	0	190	37
ひよこ	ひよこ	15	190	37
ひよこ	ヒヨコ	15	190	37
ひらい	平井	95	190	37
ひらおよぎ	平泳ぎ	15	190	37
ひらかたぱーく	ひらかたパーク	0	190	37
ひらめき	閃き	63	190	37
ひれ	ヒレ	15	190	37
ひろうえん	披露宴	95	190	37
ひろお	広尾	95	190	37
ひろげ	広げ	95	190	95
ひろげ	拡げ	15	190	95
ひろし	ヒロシ	95	190	37
ひろしまてん	広島店	0	190	37
ひろせどおり	広瀬通り	0	190	37
ひろめ	広め	95	190	95
ひろめ	ひろめ	0	190	37
ひんけつ	貧血	95	190	101
ひんしゅく	ひんしゅく	15	190	101
ふ	府	15	190	37
ふ	負	15	190	37
ふぁいぶ	ファイブ	0	190	37
ふぁくとりー	ファクトリー	0	190	37
ふぁっくす	ファックス	95	190	101
ふぁっしょんどーむ	ファッションドーム	0	190	37
ふぁみま	ファミマ	31	190	37
ふぁみりー	ファミリー	126	190	37
ふぁみりーまーと	ファミリーマート	63	190	37
ふい	ふい	126	190	120
ふう	封	95	190	101
ふう	風	63	190	39
ふう	風	63	190	120
ふう	ふう	47	190	120
ふうさ	封鎖	95	190	101
ふうじ	封じ	95	190	94
ふうすい	風水	126	190	37
ふうせん	風船	111	190	37
ふうん	不運	95	190	120
ふえ	ふえ	126	190	94
ふえ	殖え	95	190	94
ふぉーく	フォーク	111	190	37
ふぉーらす	FORUS	0	190	37
ふぉーらす	フォーラス	0	190	37
ふか	ふ化	15	190	101
ふかい	深井	63	190	37
ふかえ	深江	79	190	37
ふかえばし	深江橋	0	190	37
ふかくさ	深草	47	190	37
ふきつ	不吉	111	190	121
ふく	福	111	190	37
ふく	複	31	190	75
ふく	復	15	190	101
ふくい	福井	79	190	45
ふくしゅう	復習	95	190	101
ふくしゅう	復讐	31	190	101
ふくむ	含む	95	190	161
ふくや	福屋	31	190	37
ふくらはぎ	ふくらはぎ	15	190	37
ふくろ	袋	111	190	37
ふぐ	フグ	95	190	37
ふけ	老け	111	190	94
ふけい	父兄	15	190	37
ふさ	房	15	190	37
ふさく	不作	15	190	37
ふさふさ	ふさふさ	95	190	55
ふさわし	ふさわし	31	190	77
ふし	節	111	190	37
ふしぜん	不自然	95	190	120
ふしみ	伏見	95	190	37
ふしん	不信	95	190	121
ふしん	不審	95	190	121
ふじ	フジ	95	190	37
ふじいでら	藤井寺	79	190	37
ふじがおか	藤が丘	63	190	37
ふじぐらん	フジグラン	0	190	37
ふじさわ	藤沢	95	190	37
ふじのもり	藤森	63	190	37
ふじみの	ふじみ野	0	190	37
ふじゆう	不自由	111	190	121
ふすま	襖	15	190	37
ふせ	布施	95	190	37
ふせいかい	不正解	79	190	37
ふそく	不測	15	190	37
ふた	蓋	95	190	37
ふた	双	0	190	64
ふたこたまがわ	二子玉川	0	190	37
ふたご	双子	95	190	37
ふたござ	双子座	95	190	37
ふたござ	ふたご座	79	190	37
ふたしか	不確か	95	190	120
ふたまたがわ	二俣川	0	190	37
ふたみ	二見	79	190	37
ふちのべ	淵野辺	0	190	37
ふちゅうい	不注意	126	190	120
ふっきゅう	復旧	111	190	101
ふっきん	腹筋	95	190	37
ふっさ	福生	79	190	37
ふっとう	沸騰	95	190	101
ふつう	不通	15	190	37
ふところ	懐	111	190	37
ふとした	ふとした	15	190	64
ふどう	不動	95	190	37
ふな	フナ	15	190	37
ふな	鮒	15	190	37
ふなど	舟渡	0	190	37
ふなばし	船橋	95	190	37
ふなぼり	船堀	0	190	37
ふらいどちきん	フライドチキン	0	190	37
ふらんく	フランク	15	190	120
ふり	振り	111	190	37
ふるいち	古市	31	190	37
ふるえ	震え	95	190	94
ふるかわばし	古川橋	0	190	37
ふるさと	故郷	15	190	37
ふれーむ	フレーム	126	190	37
ふんしつ	紛失	95	190	101
ふんすい	噴水	95	190	37
ほうがく	邦楽	63	190	37
ほうがくぶ	法学部	15	190	37
ほうき	放棄	95	190	101
ほうき	ホウキ	15	190	37
ほうげん	方言	95	190	37
ほうじ	法事	15	190	37
ほうせき	宝石	95	190	37
ほうたい	包帯	95	190	101
ほうだい	放題	15	190	37
ほうちょう	包丁	95	190	37
ほうてん	法典	15	190	37
ほうでん	宝殿	0	190	37
ほうなんちょう	方南町	0	190	37
ほうび	褒美	15	190	101
ほうふ	抱負	79	190	37
ほうめん	方面	95	190	37
ほうや	保谷	95	190	37
ほうりゅうじ	法隆寺	63	190	37
ほうれんそう	ほうれん草	79	190	37
ほうれんそう	ホウレン草	15	190	37
ほくろ	ほくろ	0	190	37
ほこらし	誇らし	15	190	77
ほし	★	0	190	33
ほし	☆	0	190	33
ほしだ	星田	63	190	37
ほたる	蛍	15	190	37
ほたるがいけ	蛍池	0	190	37
ほちきす	ホチキス	15	190	37
ほっ	ホッ	15	190	61
ほったらかし	ほったらかし	79	190	37
ほっぺた	ほっぺた	15	190	37
ほどがや	保土ヶ谷	79	190	37
ほにゅう	哺乳	0	190	101
ほねみ	骨身	15	190	37
ほはば	歩幅	15	190	37
ほまれ	誉れ	15	190	37
ほり	彫り	95	190	37
ほれい	保冷	15	190	101
ほろび	亡び	0	190	94
ほんかく	本格	95	190	37
ほんかん	本館	15	190	37
ほんごう	本郷	63	190	37
ほんごうだい	本郷台	0	190	37
ほんごし	本腰	15	190	37
ほんしつ	本質	95	190	37
ほんしょう	本性	15	190	37
ほんしょく	本職	15	190	37
ほんしん	本心	31	190	37
ほんせき	本籍	15	190	37
ほんだな	本棚	63	190	37
ほんとに	ホントに	0	190	259
ほんど	本土	95	190	37
ほんどおり	本通	0	190	37
ほんね	本音	95	190	37
ほんのう	本能	95	190	37
ほんのり	ほんのり	95	190	61
ほんばこ	本箱	15	190	37
ほんばん	本番	95	190	37
ほんぶん	本文	95	190	37
ほんま	本間	79	190	37
ほんまち	本町	79	190	37
ほんみょう	本名	95	190	37
ほんもう	本望	15	190	120
ほんや	本屋	95	190	37
ほんらい	本来	0	190	60
ほんろう	翻弄	95	190	101
ほんわか	ほんわか	79	190	61
ほーまっく	ホーマック	79	190	37
まぁ	まぁ	15	190	66
まい	毎	126	190	37
まい	マイ	111	190	37
まい	枚	111	190	80
まいあさ	毎朝	111	190	37
まいかる	マイカル	79	190	37
まいく	マイク	95	190	37
まいこ	舞子	15	190	37
まいご	迷子	111	190	37
まいそう	埋葬	95	190	101
まいぞう	埋蔵	15	190	101
まいどーむ	マイドーム	63	190	37
まいなす	-	0	190	33
まいはま	舞浜	79	190	37
まいばん	毎晩	111	190	37
まいぺーす	マイペース	95	190	120
まいぼつ	埋没	95	190	101
まえあし	前足	15	190	37
まえおき	前置き	111	190	101
まえかがみ	前屈み	0	190	37
まえがき	前書き	15	190	101
まえがみ	前髪	15	190	37
まえだおし	前倒し	95	190	37
まえに	前に	111	190	259
まえば	前歯	15	190	37
まえばし	前橋	95	190	37
まえばらい	前払い	95	190	101
まえぶれ	前触れ	15	190	101
まえまえ	前々	126	190	37
まえもって	前もって	126	190	61
まかない	賄い	95	190	37
まがい	まがい	15	190	39
まがお	真顔	15	190	37
まき	巻き	126	190	162
まきの	牧野	95	190	37
まぎらわし	紛らわし	63	190	77
まぎれ	紛れ	95	190	94
まく	膜	95	190	37
まくど	マクド	79	190	37
まくのうち	幕の内	0	190	37
まくり	まくり	95	190	291
まぐれ	まぐれ	111	190	37
まぐろ	マグロ	111	190	37
まけずぎらい	負けず嫌い	111	190	121
まげ	曲げ	111	190	95
まこと	まこと	95	190	37
まごめ	馬込	79	190	37
まごめざわ	馬込沢	0	190	37
まさつ	摩擦	95	190	101
まさむね	政宗	79	190	37
まし	増し	95	190	39
ました	ました	95	190	151
ましょう	ましょう	0	190	147
まじ	まじ	95	190	120
まじょ	魔女	95	190	41
まじわり	交わり	95	190	37
ます	マス	95	190	37
ます	益	0	190	63
ますい	麻酔	95	190	101
ますく	マスク	95	190	101
まぜ	まぜ	111	190	95
まぜ	交ぜ	15	190	95
また	股	95	190	37
またがり	又借り	0	190	101
またたき	瞬き	79	190	37
まだら	斑	0	190	37
まちあいしつ	待合室	95	190	37
まちあわせ	待ち合わせ	95	190	101
まちがえ	間違え	95	190	94
まちがえ	まちがえ	31	190	94
まちがって	間違って	95	190	180
まちくたびれ	待ちくたびれ	79	190	94
まちじゅう	町中	79	190	37
まちだ	町田	95	190	37
まちぶせ	待ち伏せ	95	190	95
まちや	町屋	95	190	37
まっか	真っ赤	95	190	120
まっくす	Max	0	190	37
まっくら	真っ暗	95	190	121
まっくろ	真っ黒	95	190	121
まっこう	真っ向	95	190	37
まっさいちゅう	真っ最中	95	190	120
まっさお	真っ青	95	190	120
まっさかり	真っ盛り	95	190	120
まっさき	真っ先	95	190	37
まっさーじ	マッサージ	111	190	101
まっしぐら	まっしぐら	95	190	63
まっしょう	抹消	95	190	101
まっしろ	真っ白	95	190	78
まっすぐ	まっすぐ	126	190	123
まったん	末端	95	190	37
まっち	マッチ	111	190	101
まっちゃ	抹茶	95	190	37
まってて	待ってて	15	190	207
まってます	待ってます	15	190	145
まってる	待ってる	15	190	161
まっと	マット	95	190	37
まっとう	まっとう	95	190	123
まっぴるま	真っ昼間	79	190	37
まっぷ	マップ	95	190	37
まつ	待つ	126	190	161
まつ	松	111	190	37
まつきよ	マツキヨ	63	190	37
まつげ	まつげ	15	190	37
まつざかや	松坂屋	95	190	37
まつしま	松島	95	190	37
まつじつ	末日	95	190	37
まつだ	松田	111	190	37
まつど	松戸	95	190	37
まつばづえ	松葉杖	15	190	37
まつばら	松原	95	190	37
まつび	末尾	15	190	37
まつもと	マツモト	79	190	37
まつり	祭	95	190	37
まつり	まつり	79	190	37
まで	迄	15	190	37
まと	的	111	190	37
まとはずれ	的はずれ	79	190	120
まとまり	まとまり	95	190	37
まとめがい	まとめ買い	95	190	101
まどい	惑い	63	190	37
まどがらす	窓ガラス	15	190	37
まどがわ	窓側	79	190	37
まどぎわ	窓際	95	190	37
まどふき	窓拭き	0	190	101
まどべ	窓辺	15	190	37
まどり	間取り	95	190	37
まなつび	真夏日	111	190	37
まなび	学び	111	190	37
まにあう	間に合う	111	190	161
まにきゅあ	マニキュア	15	190	37
まねき	招き	95	190	37
まねきねこ	招き猫	0	190	37
まばし	馬橋	111	190	37
まばたき	瞬き	95	190	101
まふぃん	マフィン	0	190	37
まふゆび	真冬日	0	190	37
まぶた	まぶた	15	190	37
まもり	守り	111	190	37
まもりがみ	守り神	0	190	37
まもる	守る	126	190	161
まもれ	守れ	95	190	150
まもろう	守ろう	79	190	147
まゆ	繭	15	190	37
まゆげ	眉毛	15	190	37
まよけ	魔除け	0	190	37
まりお	マリオ	95	190	37
まりぞん	マリゾン	0	190	37
まりのあしてぃ	マリノアシティ	0	190	37
まりょく	魔力	95	190	37
まりんぴあ	マリンピア	79	190	37
まりんわーるど	マリンワールド	0	190	37
まる	円	79	190	78
まる	○	0	190	33
まる	◎	0	190	33
まる	●	0	190	33
まる	マル	0	190	37
まるあらい	丸洗い	95	190	101
まるあんき	丸暗記	15	190	101
まるい	丸井	95	190	37
まるがめまち	丸亀町	0	190	37
まるくび	丸首	0	190	37
まるさ	マルサ	0	190	37
まるぜん	丸善	95	190	37
まるたまち	丸太町	0	190	37
まるぼうず	丸坊主	15	190	37
まるやき	丸焼き	79	190	101
まるやま	円山	79	190	37
まん	萬	0	190	37
まんいん	満員	95	190	37
まんえつ	満悦	15	190	101
まんえん	蔓延	95	190	101
まんえん	万円	0	190	80
まんかい	満開	95	190	37
まんが	マンガ	126	190	37
まんが	漫画	126	190	37
まんがいち	万が一	111	190	37
まんきつ	満喫	95	190	101
まんげつ	満月	95	190	37
まんざい	漫才	95	190	37
まんしつ	満室	15	190	37
まんしゃ	満車	0	190	37
まんじゅう	饅頭	79	190	37
まんじゅう	まんじゅう	15	190	37
まんせい	慢性	95	190	37
まんせき	満席	95	190	37
まんたん	満タン	0	190	37
まんだん	漫談	15	190	101
まんてん	満点	95	190	37
まんなか	真ん中	111	190	37
まんねり	マンネリ	15	190	101
まんねりか	マンネリ化	63	190	101
まんぱい	満杯	15	190	120
まんびょう	万病	0	190	37
まんぷく	満腹	95	190	101
まんまる	真ん丸	15	190	120
まんめん	満面	15	190	37
まんりょう	満了	95	190	101
まーと	マート	95	190	37
まーれ	MARE	0	190	37
みあき	見飽き	95	190	94
みえ	みえ	111	190	94
みえ	三重	111	190	45
みえ	見栄	79	190	37
みおさめ	見納め	79	190	101
みかえり	見返り	95	190	37
みかげ	御影	31	190	37
みかづき	三日月	15	190	37
みがき	磨き	111	190	37
みがき	研き	0	190	37
みき	ミキ	95	190	37
みき	三城	0	190	37
みきさー	ミキサー	95	190	37
みきた	美木多	0	190	37
みきもと	ミキモト	79	190	37
みきわめ	見極め	95	190	101
みぎうで	右腕	95	190	37
みぎきき	右利き	0	190	37
みぎした	右下	15	190	37
みくに	三国	95	190	37
みくにがおか	三国ヶ丘	0	190	37
みけん	眉間	15	190	37
みごろし	見殺し	15	190	37
みささぎ	御陵	0	190	37
みさだめ	見定め	95	190	95
みさと	三郷	79	190	37
みじめ	惨め	95	190	120
みじん	微塵	79	190	37
みすい	未遂	95	190	37
みすたー	ミスター	95	190	37
みすど	ミスド	79	190	37
みずあび	水浴び	15	190	101
みずあらい	水洗い	95	190	101
みずいろ	水色	95	190	37
みずえ	瑞江	0	190	37
みずぎわ	水際	15	190	37
みずたま	水玉	15	190	37
みずどけい	水時計	15	190	37
みずべ	水辺	15	190	37
みずほだい	みずほ台	0	190	37
みずぼうそう	水疱瘡	0	190	37
みせ	みせ	111	190	95
みせ	魅せ	95	190	95
みせす	ミセス	15	190	37
みぞのくち	溝の口	0	190	37
みぞのくち	溝ノ口	0	190	37
みた	三田	111	190	37
みたか	三鷹	95	190	37
みたて	見立て	95	190	95
みたら	みたら	79	190	133
みだし	見出し	111	190	37
みだしなみ	身だしなみ	15	190	37
みだれ	乱れ	95	190	37
みだれ	乱れ	95	190	94
みち	路	15	190	37
みち	充ち	0	190	94
みちがえ	見違え	95	190	94
みちくさ	道草	0	190	101
みちじゅん	道順	95	190	37
みちづれ	道連れ	15	190	37
みちなり	道なり	15	190	37
みちのく	みちのく	95	190	37
みちびき	導き	95	190	37
みっかいちちょう	三日市町	0	190	37
みっしゅう	密集	95	190	101
みっせつ	密接	111	190	101
みっせつ	密接	111	190	120
みっそう	密葬	15	190	101
みっぷう	密封	95	190	101
みつ	密	95	190	120
みつきょう	三ツ境	0	190	37
みつけ	見附	15	190	37
みつけた	見つけた	95	190	151
みつこし	三越	95	190	37
みつまえ	ミツマエ	0	190	37
みつもり	見積り	15	190	101
みつゆ	密輸	95	190	101
みてじま	御幣島	0	190	37
みと	弥刀	0	190	37
みどり	みどり	95	190	37
みどり	ミドリ	15	190	37
みどりばし	緑橋	0	190	37
みなせ	水無瀬	0	190	37
みなと	港	95	190	37
みなとがわ	湊川	47	190	37
みなみかた	南方	31	190	37
みなみぐち	南口	15	190	37
みなみちた	南知多	0	190	37
みなみはんきゅう	南半球	15	190	37
みなもと	源	95	190	37
みなり	身なり	15	190	37
みなれ	見慣れ	95	190	94
みにくい	見にくい	79	190	152
みにすとっぷ	ミニストップ	63	190	37
みにつけ	身に付け	31	190	95
みね	峯	0	190	37
みね	嶺	0	190	37
みのうえ	身の上	15	190	37
みのお	箕面	79	190	37
みのわ	三ノ輪	0	190	37
みはま	美浜	79	190	37
みまい	見舞い	95	190	101
みまもって	見守って	95	190	206
みまん	未満	15	190	39
みみなり	耳鳴り	15	190	37
みゃくはく	脈拍	15	190	37
みゃくらく	脈絡	15	190	37
みやぎ	宮城	95	190	45
みやげ	土産	95	190	37
みやこじま	都島	47	190	37
みやざきだい	宮崎台	0	190	37
みやはら	宮原	95	190	37
みやび	雅	79	190	120
みやまえだいら	宮前平	15	190	37
みょうがだに	茗荷谷	63	190	37
みょうだに	名谷	0	190	37
みょうほうじ	妙法寺	0	190	37
みょうれんじ	妙蓮寺	0	190	37
みより	身寄り	15	190	37
みれる	見れる	126	190	161
みわく	魅惑	111	190	101
みんしゅう	民衆	111	190	37
みんよう	民謡	95	190	37
むおん	無音	0	190	37
むかいはら	向原	0	190	37
むぎじょうちゅう	麦焼酎	0	190	37
むくい	酬い	0	190	95
むこう	向日	0	190	37
むこうまち	向日町	0	190	37
むこのそう	武庫之荘	0	190	37
むさしせき	武蔵関	0	190	37
むしやき	蒸し焼き	0	190	101
むだあし	無駄足	0	190	37
むちゃくちゃ	無茶苦茶	0	190	101
むちゃくちゃ	無茶苦茶	0	190	120
むっ	ムッ	0	190	61
めい	姪	15	190	42
めい	銘	15	190	101
めい	盟	0	190	37
めいあん	名案	15	190	37
めいい	名医	15	190	37
めいか	銘菓	0	190	37
めいこう	名港	0	190	37
めっちゃ	めっちゃ	0	190	61
めでぃあてーく	メディアテーク	0	190	37
めるくす	MERX	0	190	37
めんとり	免取	0	190	37
めんぼう	綿棒	0	190	37
めんぼく	面目	15	190	37
めんもく	面目	15	190	37
もいわやま	藻岩山	0	190	37
もう	毛	15	190	80
もうい	猛威	95	190	37
もうけ	儲け	95	190	94
もうけ	儲け	95	190	101
もうけ	設け	95	190	95
もうけ	もうけ	31	190	95
もうこん	毛根	15	190	37
もうしあげ	申し上げ	95	190	95
もうしこみ	申込み	95	190	101
もうしわけない	申し訳ない	15	190	152
もうしわけなかった	申し訳なかった	15	190	151
もうしわけなく	申し訳なく	15	190	173
もうじき	もうじき	95	190	54
もうじゅう	猛獣	15	190	37
もうそう	妄想	95	190	101
もうちょう	盲腸	15	190	37
もうてん	盲点	15	190	37
もうどうけん	盲導犬	95	190	37
もうはつ	毛髪	15	190	37
もうふ	毛布	95	190	37
もうまく	網膜	15	190	37
もうもく	盲目	95	190	37
もうら	網羅	95	190	101
もぎたて	もぎたて	0	190	37
もく	木	15	190	37
もくげき	目撃	95	190	101
もくじ	目次	95	190	37
もくひ	黙秘	15	190	101
もくよう	(木)	0	190	33
もず	百舌鳥	0	190	37
もぞう	模造	15	190	101
もたもた	モタモタ	79	190	63
もちつき	もちつき	15	190	37
もちべーしょん	モチベーション	79	190	37
もって	以て	0	190	67
もと	基	95	190	37
もと	モト	79	190	37
もと	素	0	190	37
もとせん	元栓	15	190	37
もとまち	元町	95	190	37
もとめて	求めて	95	190	206
もとやま	本山	79	190	37
もどかし	もどかし	15	190	77
もどし	戻し	95	190	37
もどって	戻って	95	190	180
もなか	最中	0	190	37
ものおと	物音	95	190	37
ものずき	物好き	95	190	121
ものたりない	物足りない	79	190	152
ものわすれ	物忘れ	0	190	101
もふく	喪服	15	190	37
もみじ	紅葉	15	190	101
もめごと	揉め事	0	190	37
ももだに	桃谷	0	190	37
ももち	ももち	0	190	37
ももちはま	百道浜	0	190	37
ももやまだい	桃山台	0	190	37
もやい	モヤイ	0	190	37
もらいなき	もらい泣き	15	190	101
もり	杜	15	190	37
もりあがり	盛り上がり	95	190	37
もりぐち	守口	79	190	37
もりぐちし	守口市	63	190	37
もりしょうじ	森小路	0	190	37
もりのみや	森ノ宮	0	190	37
もりまち	森町	63	190	37
もりやま	守山	79	190	37
もれ	洩れ	95	190	94
もれ	漏れ	95	190	39
もれ	漏れ	95	190	94
もん	もん	95	190	272
もん	問	15	190	80
もん	文	15	190	80
もん	紋	15	190	37
もんげん	門限	15	190	37
もんしん	問診	15	190	101
もんぜんなかちょう	門前仲町	79	190	37
もんど	門戸	0	190	37
もんまーと	モンマート	0	190	37
もーとぴあ	モートピア	0	190	37
や	屋	15	190	45
やぁ	やぁ	0	190	66
やえのさと	八戸ノ里	0	190	37
やかた	屋形	15	190	37
やきにく	焼肉	15	190	37
やぎ	山羊	15	190	37
やぎざ	やぎ座	0	190	37
やぎやま	八木山	0	190	37
やく	厄	15	190	37
やく	約	0	190	101
やくがくぶ	薬学部	0	190	37
やくがら	役柄	15	190	37
やくじん	厄神	0	190	37
やくとう	薬湯	15	190	37
やくどし	厄年	15	190	37
やくび	厄日	0	190	37
やけざけ	やけ酒	0	190	37
やさき	矢先	15	190	37
やさし	やさし	31	190	77
やさし	優し	15	190	77
やしょく	夜食	0	190	37
やしん	野心	15	190	37
やじ	ヤジ	15	190	37
やじ	野次	0	190	37
やじゅう	野獣	15	190	37
やじるし	↑	47	190	33
やじるし	↓	47	190	33
やす	易	31	190	78
やす	野洲	0	190	37
やすんで	休んで	15	190	180
やせい	野性	15	190	37
やちよだい	八千代台	0	190	37
やっぱ	やっぱ	31	190	55
やつか	谷塚	0	190	37
やなぎ	柳	15	190	40
やなせがわ	柳瀬川	0	190	37
やぬし	家主	15	190	37
やはしら	八柱	0	190	37
やばい	ヤバイ	15	190	152
やばしら	八柱	0	190	37
やぼ	野暮	15	190	120
やぼった	野暮った	15	190	76
やまざき	ヤマザキ	63	190	37
やましな	山科	0	190	37
やまて	山手	15	190	37
やまと	大和	47	190	37
やまの	山野	31	190	37
やまびこ	やまびこ	0	190	37
やまわけ	山分け	15	190	101
やりたい	やりたい	15	190	152
やるき	やるき	0	190	37
ゆい	結い	0	190	37
ゆいのう	結納	15	190	37
ゆうえん	遊園	15	190	37
ゆうきゅう	有休	15	190	37
ゆうげんがいしゃ	有限会社	15	190	37
ゆうし	勇姿	15	190	37
ゆうしゅう	有終	15	190	37
ゆうちょ	郵貯	15	190	37
ゆうひがおか	夕陽ヶ丘	0	190	37
ゆず	柚子	0	190	37
ゆめたうん	ゆめタウン	0	190	37
ゆりがおか	百合ヶ丘	0	190	37
よい	宵	15	190	37
よう	要	95	190	101
よう	様	15	190	120
ようい	容易	95	190	120
よういく	養育	15	190	101
ようえき	溶液	15	190	37
ようかい	妖怪	95	190	37
ようかん	洋館	15	190	37
ようが	洋画	63	190	37
ようが	用賀	15	190	37
ようがく	洋楽	95	190	37
ようがし	洋菓子	63	190	37
ようき	容器	95	190	37
ようき	陽気	95	190	120
ようぎ	容疑	63	190	37
ようぐ	用具	95	190	37
ようけん	要件	95	190	37
ようけん	用件	79	190	37
ようこうだい	洋光台	0	190	37
ようご	養護	47	190	101
ようご	擁護	31	190	101
ようさい	洋裁	15	190	37
ようし	容姿	95	190	37
ようし	用紙	95	190	37
ようしゃ	容赦	31	190	101
ようしょく	洋食	31	190	37
ようじ	幼児	95	190	41
ようじん	用心	31	190	101
ようせい	妖精	95	190	37
ようせい	要請	95	190	101
ようせい	養成	95	190	101
ようたい	容態	0	190	37
ようだい	容態	15	190	37
ようち	幼稚	63	190	120
ようちゅう	幼虫	95	190	37
ようちゅうい	要注意	95	190	37
ようてん	要点	95	190	37
ようと	用途	95	190	37
ようひん	用品	95	190	37
ようび	曜日	95	190	37
ようふう	洋風	79	190	120
ようふく	洋服	95	190	37
ようぶん	養分	15	190	37
ようぼう	要望	95	190	101
ようりょう	容量	95	190	37
ようりょう	用量	63	190	37
ようろうのたき	養老乃瀧	0	190	37
よかった	よかった	31	190	151
よかった	良かった	15	190	151
よきょう	余興	15	190	37
よくなって	良くなって	15	190	206
よけ	避け	15	190	94
よこう	予行	0	190	101
よこちょう	横丁	15	190	37
よこづつみ	横堤	0	190	37
よし	ヨシ	79	190	66
よし	良し	15	190	37
よしぎゅう	吉牛	63	190	37
よしゅう	予習	95	190	101
よしん	余震	15	190	37
よせ	寄席	15	190	37
よそよそし	よそよそし	0	190	77
よだれ	ヨダレ	0	190	37
よって	寄って	95	190	180
よっぱらい	酔っ払い	95	190	37
よつかいどう	四街道	0	190	37
よつばし	四ツ橋	0	190	37
よど	淀	15	190	37
よにげ	夜逃げ	15	190	101
よねつ	余熱	15	190	37
よはく	余白	15	190	37
よばれて	呼ばれて	0	190	180
よばれる	呼ばれる	0	190	161
よばわり	呼ばわり	15	190	101
よふけ	夜更け	15	190	37
よみち	夜道	15	190	37
よめい	余命	15	190	37
よりによって	よりによって	15	190	37
よりみち	寄り道	95	190	101
よろこばし	喜ばし	31	190	77
よろこび	悦び	0	190	37
よろこべ	喜べ	95	190	150
よろこんで	喜んで	15	190	180
よろしく	ヨロシク	15	190	61
よろしければ	よろしければ	95	190	215
よろよろ	よろよろ	95	190	61
よわ	弱	15	190	76
よわね	弱音	15	190	37
よわむし	弱虫	15	190	37
よわめ	弱め	95	190	37
よわめ	弱め	95	190	94
よんだ	読んだ	15	190	151
よんちょうめ	四丁目	0	190	37
よー	よー	15	190	66
よーかどー	ヨーカドー	0	190	37
りがくぶ	理学部	15	190	37
りきせつ	力説	15	190	101
りきそう	力走	15	190	101
りすう	理数	0	190	37
りっきょう	陸橋	15	190	37
りっぷく	立腹	15	190	101
りつりん	栗林	0	190	37
りにゅう	離乳	15	190	101
りみっと	リミット	15	190	37
りゅう	隆	0	190	37
りゅうすい	流水	15	190	37
りょう	漁	15	190	37
りん	林	15	190	39
りん	燐	0	190	37
りんくう	りんくう	0	190	37
わ	輪	15	190	37
わぁー	わぁー	0	190	66
わいしゃつ	ワイシャツ	15	190	37
わいろ	賄賂	15	190	37
わかえ	若江	0	190	37
わかさぎ	ワカサギ	15	190	37
わかめ	わかめ	63	190	37
わからん	わからん	15	190	150
わかれぎわ	別れ際	31	190	37
わかればなし	別れ話	31	190	37
わかれみち	別れ道	0	190	37
わかれわかれ	別れ別れ	15	190	37
わけ	別け	0	190	95
わけまえ	分け前	15	190	37
わけめ	分け目	15	190	37
わごむ	輪ゴム	15	190	37
わさい	和裁	15	190	37
わさび	ワサビ	15	190	37
わし	鷲	15	190	37
わすれかけ	忘れかけ	15	190	94
わずかに	僅かに	0	190	46
わずらわし	煩わし	15	190	77
わだみさき	和田岬	15	190	37
わふく	和服	15	190	37
わらい	(笑)	0	190	33
わらび	ワラビ	15	190	37
わらび	蕨	15	190	37
わらべ	童	0	190	37
わらわせ	笑わせ	31	190	150
わる	ワル	0	190	78
わるかった	悪かった	15	190	151
わるぎ	悪気	15	190	37
わるくなって	悪くなって	15	190	206
わるければ	悪ければ	15	190	215
わん	椀	15	190	37
わんきょく	湾曲	15	190	101
わんりょく	腕力	15	190	37
