yomi	candidate	freq	left_connection_id	right_connection_id
あ	亜	15	186	32
あ	亞	0	186	32
あ	吾	0	186	32
あ	唖	0	186	32
あ	堊	0	186	32
あ	娃	0	186	32
あ	婀	0	186	32
あ	會	0	186	32
あ	椏	0	186	32
あ	痾	0	186	32
あ	蛙	0	186	32
あ	襾	0	186	32
あ	錏	0	186	32
あ	鐚	0	186	32
あ	閼	0	186	32
あ	阿	0	186	32
あ	鴉	0	186	32
ああ	吁	0	186	32
あい	哀	15	186	32
あい	愛	15	186	32
あい	相	15	186	32
あい	合	0	186	32
あい	哇	0	186	32
あい	噫	0	186	32
あい	埃	0	186	32
あい	姶	0	186	32
あい	娃	0	186	32
あい	挨	0	186	32
あい	曖	0	186	32
あい	欸	0	186	32
あい	矮	0	186	32
あい	穢	0	186	32
あい	藍	0	186	32
あい	藹	0	186	32
あい	逢	0	186	32
あい	間	0	186	32
あい	阨	0	186	32
あい	隘	0	186	32
あい	靄	0	186	32
あい	靉	0	186	32
あい	鞋	0	186	32
あいだ	間	15	186	32
あえ	饗	0	186	32
あお	青	15	186	32
あお	碧	0	186	32
あお	蒼	0	186	32
あおい	葵	0	186	32
あおがえる	黽	0	186	32
あおき	檍	0	186	32
あおぎり	梧	0	186	32
あおぐろ	黝	0	186	32
あか	赤	15	186	32
あか	丹	0	186	32
あか	垢	0	186	32
あか	朱	0	186	32
あか	淦	0	186	32
あか	緋	0	186	32
あか	赭	0	186	32
あかがね	銅	0	186	32
あかぎれ	皸	0	186	32
あかぎれ	皹	0	186	32
あかざ	藜	0	186	32
あかし	灯	0	186	32
あかし	証	0	186	32
あかし	證	0	186	32
あかつき	暁	15	186	32
あかつき	曉	0	186	32
あかつち	赭	0	186	32
あかね	茜	0	186	32
あかり	灯	0	186	32
あがた	県	0	186	32
あがた	縣	0	186	32
あがな	贖	0	186	32
あき	秋	15	186	32
あき	穐	15	186	32
あき	光	0	186	32
あき	彬	0	186	32
あき	彰	0	186	32
あき	昌	0	186	32
あき	明	0	186	32
あき	映	0	186	32
あき	昭	0	186	32
あき	晃	0	186	32
あき	晄	0	186	32
あき	晶	0	186	32
あき	暁	0	186	32
あき	暎	0	186	32
あき	曉	0	186	32
あき	章	0	186	32
あき	精	0	186	32
あき	諒	0	186	32
あき	陽	0	186	32
あき	顕	0	186	32
あき	顯	0	186	32
あき	龝	0	186	32
あきら	丹	0	186	32
あきら	了	0	186	32
あきら	亨	0	186	32
あきら	亮	0	186	32
あきら	侃	0	186	32
あきら	光	0	186	32
あきら	叡	0	186	32
あきら	哲	0	186	32
あきら	啓	0	186	32
あきら	察	0	186	32
あきら	審	0	186	32
あきら	彪	0	186	32
あきら	彬	0	186	32
あきら	彰	0	186	32
あきら	旦	0	186	32
あきら	旭	0	186	32
あきら	旺	0	186	32
あきら	昂	0	186	32
あきら	昌	0	186	32
あきら	明	0	186	32
あきら	昭	0	186	32
あきら	晃	0	186	32
あきら	晄	0	186	32
あきら	晟	0	186	32
あきら	晶	0	186	32
あきら	暁	0	186	32
あきら	暉	0	186	32
あきら	曉	0	186	32
あきら	曙	0	186	32
あきら	朖	0	186	32
あきら	朗	0	186	32
あきら	滉	0	186	32
あきら	爽	0	186	32
あきら	玲	0	186	32
あきら	白	0	186	32
あきら	的	0	186	32
あきら	皓	0	186	32
あきら	省	0	186	32
あきら	睿	0	186	32
あきら	瞭	0	186	32
あきら	瞳	0	186	32
あきら	章	0	186	32
あきら	精	0	186	32
あきら	耀	0	186	32
あきら	聡	0	186	32
あきら	聰	0	186	32
あきら	著	0	186	32
あきら	見	0	186	32
あきら	覚	0	186	32
あきら	諒	0	186	32
あきら	輝	0	186	32
あきら	鑑	0	186	32
あきら	陽	0	186	32
あきら	顕	0	186	32
あきら	顯	0	186	32
あきら	麗	0	186	32
あぎと	腮	0	186	32
あぎと	顋	0	186	32
あぎと	鰓	0	186	32
あく	悪	15	186	32
あく	握	15	186	32
あく	堊	0	186	32
あく	幄	0	186	32
あく	惡	0	186	32
あく	渥	0	186	32
あく	齷	0	186	32
あくた	芥	0	186	32
あくつ	圷	0	186	32
あけ	朱	0	186	32
あけ	緋	0	186	32
あけび	妛	0	186	32
あけぼの	曙	0	186	32
あげばり	幄	0	186	32
あこめ	衵	0	186	32
あこめ	袙	0	186	32
あご	腮	0	186	32
あご	頤	0	186	32
あご	頷	0	186	32
あご	顋	0	186	32
あご	顎	0	186	32
あさ	朝	15	186	32
あさ	麻	15	186	32
あさ	旦	0	186	32
あさ	浅	0	186	32
あさがお	槿	0	186	32
あさがお	蕣	0	186	32
あさひ	旭	0	186	32
あさり	蜊	0	186	32
あさり	鯏	0	186	32
あざ	字	15	186	32
あざ	痣	0	186	32
あざな	字	0	186	32
あざみ	薊	0	186	32
あし	脚	15	186	32
あし	足	15	186	32
あし	芦	0	186	32
あし	葦	0	186	32
あし	葭	0	186	32
あし	蘆	0	186	32
あし	趺	0	186	32
あし	趾	0	186	32
あしうら	跖	0	186	32
あしうら	蹠	0	186	32
あしおと	跫	0	186	32
あした	旦	0	186	32
あした	晨	0	186	32
あした	朝	0	186	32
あしなえ	蹇	0	186	32
あじ	味	15	186	32
あじ	鯵	0	186	32
あじ	鰺	0	186	32
あじか	簣	0	186	32
あずさ	梓	0	186	32
あずま	東	0	186	32
あせ	汗	15	186	32
あぜ	畔	0	186	32
あぜ	畦	0	186	32
あたい	価	15	186	32
あたい	値	15	186	32
あたい	估	0	186	32
あたい	價	0	186	32
あたい	直	0	186	32
あたま	頭	15	186	32
あたる	丁	0	186	32
あたる	中	0	186	32
あだ	仇	0	186	32
あだ	寇	0	186	32
あだ	徒	0	186	32
あだ	讎	0	186	32
あっ	斡	0	186	32
あっぱ	遖	0	186	32
あっぱれ	遖	0	186	32
あつ	圧	15	186	32
あつ	厚	0	186	32
あつ	壓	0	186	32
あつ	惇	0	186	32
あつ	敦	0	186	32
あつ	斡	0	186	32
あつ	淳	0	186	32
あつ	渥	0	186	32
あつ	温	0	186	32
あつ	篤	0	186	32
あつ	諄	0	186	32
あつ	軋	0	186	32
あつ	農	0	186	32
あつ	遏	0	186	32
あつ	閼	0	186	32
あつかい	扱	0	186	32
あつし	厚	0	186	32
あつし	忠	0	186	32
あつし	惇	0	186	32
あつし	敦	0	186	32
あつし	淳	0	186	32
あつし	渥	0	186	32
あつし	温	0	186	32
あつし	濃	0	186	32
あつし	篤	0	186	32
あつし	醇	0	186	32
あつむ	伍	0	186	32
あつもの	羮	0	186	32
あつもの	羹	0	186	32
あづま	東	0	186	32
あて	宛	0	186	32
あて	当	0	186	32
あと	後	15	186	32
あと	跡	15	186	32
あと	址	0	186	32
あと	痕	0	186	32
あと	趾	0	186	32
あと	踪	0	186	32
あと	蹟	0	186	32
あと	蹤	0	186	32
あと	迹	0	186	32
あと	阯	0	186	32
あな	穴	15	186	32
あな	坎	0	186	32
あな	坑	0	186	32
あな	孔	0	186	32
あな	竅	0	186	32
あなぐら	窖	0	186	32
あに	兄	15	186	32
あに	豈	0	186	32
あによめ	嫂	0	186	32
あね	姉	15	186	32
あね	姐	0	186	32
あね	嫂	0	186	32
あばら	肋	0	186	32
あひる	鶩	0	186	32
あぶ	虻	0	186	32
あぶく	泡	0	186	32
あぶみ	鐙	0	186	32
あぶら	油	15	186	32
あぶら	脂	15	186	32
あぶら	肪	0	186	32
あぶら	膏	0	186	32
あま	天	15	186	32
あま	尼	15	186	32
あま	雨	15	186	32
あま	塰	0	186	32
あま	蜑	0	186	32
あま	餘	0	186	32
あまざけ	醴	0	186	32
あまだれ	霤	0	186	32
あまね	周	0	186	32
あみ	網	15	186	32
あみ	网	0	186	32
あみ	罔	0	186	32
あみ	罠	0	186	32
あみ	羅	0	186	32
あめ	天	15	186	32
あめ	雨	15	186	32
あめ	飴	0	186	32
あや	奇	0	186	32
あや	彩	0	186	32
あや	彪	0	186	32
あや	文	0	186	32
あや	斐	0	186	32
あや	漢	0	186	32
あや	礼	0	186	32
あや	禮	0	186	32
あや	竒	0	186	32
あや	章	0	186	32
あや	絢	0	186	32
あや	綵	0	186	32
あや	綺	0	186	32
あや	綾	0	186	32
あや	采	0	186	32
あやぎぬ	綵	0	186	32
あやめ	菖	0	186	32
あゆ	鮎	0	186	32
あゆみ	歩	0	186	32
あら	粗	0	186	32
あら	荒	0	186	32
あら	麁	0	186	32
あらがね	砿	0	186	32
あらがね	礦	0	186	32
あらがね	鉱	0	186	32
あらがね	鑛	0	186	32
あらし	嵐	0	186	32
あらた	新	0	186	32
あららぎ	蘭	0	186	32
あられ	霰	0	186	32
あらわ	露	0	186	32
あり	在	0	186	32
あり	存	0	186	32
あり	有	0	186	32
あり	蟻	0	186	32
ある	或	0	186	32
あるじ	主	0	186	32
あわ	泡	15	186	32
あわ	沫	0	186	32
あわ	粟	0	186	32
あわき	檍	0	186	32
あわせ	袷	0	186	32
あわび	蚫	0	186	32
あわび	鮑	0	186	32
あわび	鰒	0	186	32
あん	安	15	186	32
あん	暗	15	186	32
あん	案	15	186	32
あん	行	15	186	32
あん	庵	0	186	32
あん	按	0	186	32
あん	晏	0	186	32
あん	杏	0	186	32
あん	殷	0	186	32
あん	罨	0	186	32
あん	菴	0	186	32
あん	諳	0	186	32
あん	闇	0	186	32
あん	鞍	0	186	32
あん	餡	0	186	32
あん	鮟	0	186	32
あん	黯	0	186	32
あんず	杏	0	186	32
い	井	15	186	32
い	以	15	186	32
い	伊	15	186	32
い	位	15	186	32
い	依	15	186	32
い	偉	15	186	32
い	医	15	186	32
い	囲	15	186	32
い	威	15	186	32
い	尉	15	186	32
い	意	15	186	32
い	慰	15	186	32
い	易	15	186	32
い	為	15	186	32
い	異	15	186	32
い	移	15	186	32
い	維	15	186	32
い	緯	15	186	32
い	胃	15	186	32
い	衣	15	186	32
い	違	15	186	32
い	遺	15	186	32
い	五	0	186	32
い	亥	0	186	32
い	倚	0	186	32
い	唯	0	186	32
い	噫	0	186	32
い	囗	0	186	32
い	圍	0	186	32
い	夷	0	186	32
い	委	0	186	32
い	姨	0	186	32
い	居	0	186	32
い	已	0	186	32
い	帷	0	186	32
い	幃	0	186	32
い	彙	0	186	32
い	彜	0	186	32
い	彝	0	186	32
い	怡	0	186	32
い	恚	0	186	32
い	惟	0	186	32
い	懿	0	186	32
い	揖	0	186	32
い	斐	0	186	32
い	椅	0	186	32
い	欹	0	186	32
い	洟	0	186	32
い	渭	0	186	32
い	熨	0	186	32
い	爲	0	186	32
い	猗	0	186	32
い	猪	0	186	32
い	畏	0	186	32
い	痍	0	186	32
い	痿	0	186	32
い	眤	0	186	32
い	瞶	0	186	32
い	矣	0	186	32
い	縊	0	186	32
い	肄	0	186	32
い	胆	0	186	32
い	苡	0	186	32
い	莞	0	186	32
い	萎	0	186	32
い	葦	0	186	32
い	蔚	0	186	32
い	藺	0	186	32
い	蛇	0	186	32
い	蝟	0	186	32
い	詑	0	186	32
い	詒	0	186	32
い	諱	0	186	32
い	謂	0	186	32
い	豬	0	186	32
い	貽	0	186	32
い	逶	0	186	32
い	醫	0	186	32
い	鑄	0	186	32
い	韋	0	186	32
い	頤	0	186	32
い	飴	0	186	32
い	饐	0	186	32
い	鮪	0	186	32
い	鰄	0	186	32
いい	謂	0	186	32
いい	飯	0	186	32
いえ	家	15	186	32
いえ	宇	0	186	32
いお	庵	0	186	32
いおり	庵	0	186	32
いおり	廬	0	186	32
いおり	菴	0	186	32
いかし	厳	0	186	32
いかずち	雷	0	186	32
いかだ	桴	0	186	32
いかだ	筏	0	186	32
いかめ	儼	0	186	32
いかり	碇	0	186	32
いかり	錨	0	186	32
いかる	鵤	0	186	32
いかるが	鵤	0	186	32
いが	毬	0	186	32
いがた	鎔	0	186	32
いき	域	15	186	32
いき	息	15	186	32
いき	气	0	186	32
いき	粋	0	186	32
いき	粹	0	186	32
いき	閾	0	186	32
いく	幾	15	186	32
いく	育	15	186	32
いく	毓	0	186	32
いく	澳	0	186	32
いく	燠	0	186	32
いく	礇	0	186	32
いく	粥	0	186	32
いく	郁	0	186	32
いく	鬻	0	186	32
いくさ	戦	15	186	32
いくさ	戰	0	186	32
いくさ	軍	0	186	32
いくは	的	0	186	32
いけ	池	15	186	32
いけにえ	牲	0	186	32
いけにえ	犠	0	186	32
いけにえ	犧	0	186	32
いこ	偈	0	186	32
いさ	功	0	186	32
いさ	諌	0	186	32
いさお	公	0	186	32
いさお	功	0	186	32
いさお	勲	0	186	32
いさお	勳	0	186	32
いさお	魁	0	186	32
いさご	砂	0	186	32
いさみ	勇	0	186	32
いさむ	勇	0	186	32
いさむ	勲	0	186	32
いさむ	湧	0	186	32
いざり	躄	0	186	32
いし	石	15	186	32
いしずえ	礎	15	186	32
いしずえ	碵	0	186	32
いしだたみ	甃	0	186	32
いしぶみ	碑	0	186	32
いしゆみ	弩	0	186	32
いずみ	泉	15	186	32
いずる	出	0	186	32
いずれ	何	0	186	32
いそ	勤	0	186	32
いそ	勸	0	186	32
いそ	磯	0	186	32
いそ	礒	0	186	32
いそし	勤	0	186	32
いた	板	15	186	32
いたずら	徒	0	186	32
いただき	頂	15	186	32
いただき	巓	0	186	32
いただき	顛	0	186	32
いたち	鼬	0	186	32
いたる	到	0	186	32
いたる	効	0	186	32
いたる	及	0	186	32
いたる	效	0	186	32
いたる	格	0	186	32
いたる	至	0	186	32
いたる	諄	0	186	32
いたる	逹	0	186	32
いたる	達	0	186	32
いち	一	15	186	32
いち	壱	15	186	32
いち	市	15	186	32
いち	壹	0	186	32
いち	弌	0	186	32
いち	聿	0	186	32
いち	逸	0	186	32
いちご	苺	0	186	32
いちご	莓	0	186	32
いつ	一	15	186	32
いつ	五	15	186	32
いつ	逸	15	186	32
いつ	乙	0	186	32
いつ	伍	0	186	32
いつ	佚	0	186	32
いつ	厳	0	186	32
いつ	噎	0	186	32
いつ	壱	0	186	32
いつ	壹	0	186	32
いつ	弌	0	186	32
いつ	溢	0	186	32
いつ	聿	0	186	32
いつ	軼	0	186	32
いつ	鎰	0	186	32
いつ	鴪	0	186	32
いつ	鷸	0	186	32
いつき	斎	0	186	32
いつき	齋	0	186	32
いつわ	佯	0	186	32
いつわ	僞	0	186	32
いと	糸	15	186	32
いと	絃	0	186	32
いと	絲	0	186	32
いと	綸	0	186	32
いとぐち	緒	0	186	32
いとま	暇	0	186	32
いとま	遑	0	186	32
いな	否	15	186	32
いな	稲	15	186	32
いな	稻	0	186	32
いな	鯔	0	186	32
いなご	蝗	0	186	32
いなご	螽	0	186	32
いなずま	電	0	186	32
いにしえ	古	0	186	32
いぬ	犬	15	186	32
いぬ	戌	0	186	32
いぬ	狗	0	186	32
いぬい	乾	0	186	32
いね	稲	15	186	32
いね	禾	0	186	32
いね	稻	0	186	32
いのこ	猪	0	186	32
いのこ	豕	0	186	32
いのこ	豬	0	186	32
いのしし	猪	0	186	32
いのしし	豬	0	186	32
いのち	命	15	186	32
いばら	棘	0	186	32
いばら	茨	0	186	32
いばら	荊	0	186	32
いばら	蕀	0	186	32
いばり	尿	0	186	32
いばり	溲	0	186	32
いびき	鼾	0	186	32
いびつ	歪	0	186	32
いぼ	疣	0	186	32
いぼ	肬	0	186	32
いぼ	贅	0	186	32
いま	今	15	186	32
いみな	諱	0	186	32
いも	芋	15	186	32
いも	妹	0	186	32
いも	蕷	0	186	32
いも	薯	0	186	32
いも	藷	0	186	32
いもうと	妹	15	186	32
いや	嫌	15	186	32
いや	厭	0	186	32
いや	否	0	186	32
いや	弥	0	186	32
いや	彌	0	186	32
いや	礼	0	186	32
いや	禮	0	186	32
いや	賤	0	186	32
いよいよ	弥	0	186	32
いよいよ	彌	0	186	32
いよいよ	愈	0	186	32
いよいよ	逾	0	186	32
いら	苛	0	186	32
いらか	甍	0	186	32
いらくさ	蕁	0	186	32
いらぐさ	蕁	0	186	32
いり	入	0	186	32
いり	圦	0	186	32
いり	杁	0	186	32
いるか	鯆	0	186	32
いれずみ	黥	0	186	32
いろ	色	15	186	32
いろり	炉	0	186	32
いろり	爐	0	186	32
いろり	鈩	0	186	32
いろり	鑪	0	186	32
いわ	岩	15	186	32
いわ	巌	0	186	32
いわ	巖	0	186	32
いわ	石	0	186	32
いわ	磐	0	186	32
いわい	祝	0	186	32
いわお	厳	0	186	32
いわお	巌	0	186	32
いわお	巖	0	186	32
いわし	鰛	0	186	32
いわし	鰮	0	186	32
いわし	鰯	0	186	32
いわや	窟	0	186	32
いん	印	15	186	32
いん	員	15	186	32
いん	因	15	186	32
いん	姻	15	186	32
いん	引	15	186	32
いん	院	15	186	32
いん	隠	15	186	32
いん	音	15	186	32
いん	韻	15	186	32
いん	飲	15	186	32
いん	允	0	186	32
いん	吽	0	186	32
いん	咽	0	186	32
いん	堙	0	186	32
いん	婬	0	186	32
いん	寅	0	186	32
いん	尹	0	186	32
いん	廴	0	186	32
いん	恁	0	186	32
いん	慇	0	186	32
いん	殞	0	186	32
いん	殷	0	186	32
いん	氤	0	186	32
いん	淫	0	186	32
いん	湮	0	186	32
いん	胤	0	186	32
いん	茵	0	186	32
いん	蔭	0	186	32
いん	蚓	0	186	32
いん	贇	0	186	32
いん	酳	0	186	32
いん	陰	0	186	32
いん	隕	0	186	32
いん	隱	0	186	32
いん	霪	0	186	32
いん	韵	0	186	32
いん	飮	0	186	32
いんち	吋	0	186	32
う	右	15	186	32
う	宇	15	186	32
う	有	15	186	32
う	羽	15	186	32
う	迂	15	186	32
う	雨	15	186	32
う	于	0	186	32
う	侑	0	186	32
う	傴	0	186	32
う	優	0	186	32
う	兎	0	186	32
う	卯	0	186	32
う	吁	0	186	32
う	塢	0	186	32
う	夘	0	186	32
う	嫗	0	186	32
う	得	0	186	32
う	憂	0	186	32
う	挧	0	186	32
う	杆	0	186	32
う	桙	0	186	32
う	烏	0	186	32
う	盂	0	186	32
う	禹	0	186	32
う	紆	0	186	32
う	胡	0	186	32
う	芋	0	186	32
う	菟	0	186	32
う	賣	0	186	32
う	饉	0	186	32
う	鵜	0	186	32
う	齲	0	186	32
うい	初	15	186	32
うい	外	0	186	32
うい	茴	0	186	32
うえ	上	15	186	32
うえ	筌	0	186	32
うえ	篦	0	186	32
うお	魚	15	186	32
うおびしお	鮨	0	186	32
うかが	闖	0	186	32
うかがい	窺	0	186	32
うがい	嗽	0	186	32
うき	浮	0	186	32
うきぶくろ	鰾	0	186	32
うぐい	鯏	0	186	32
うぐいす	鴬	0	186	32
うぐいす	鶯	0	186	32
うけ	筌	0	186	32
うけ	請	0	186	32
うさぎ	兎	0	186	32
うさぎ	兔	0	186	32
うし	牛	15	186	32
うし	丑	0	186	32
うしお	汐	0	186	32
うしお	潮	0	186	32
うしとら	艮	0	186	32
うしろ	後	0	186	32
うじ	氏	15	186	32
うじ	蛆	0	186	32
うす	碓	0	186	32
うす	臼	0	186	32
うす	薄	0	186	32
うすぎぬ	紗	0	186	32
うすぎぬ	繻	0	186	32
うすぎぬ	羅	0	186	32
うすもの	羅	0	186	32
うず	渦	15	186	32
うず	珍	0	186	32
うず	珎	0	186	32
うずくま	踞	0	186	32
うずくま	蹲	0	186	32
うずら	鶉	0	186	32
うそ	嘘	0	186	32
うそ	鷽	0	186	32
うた	歌	15	186	32
うた	哥	0	186	32
うた	唄	0	186	32
うた	詩	0	186	32
うた	謌	0	186	32
うたい	謡	15	186	32
うたい	謠	0	186	32
うたげ	宴	0	186	32
うたた	転	0	186	32
うち	内	15	186	32
うち	中	0	186	32
うち	家	0	186	32
うち	打	0	186	32
うち	裡	0	186	32
うちかけ	袿	0	186	32
うちぎ	袿	0	186	32
うつ	欝	0	186	32
うつ	熨	0	186	32
うつ	蔚	0	186	32
うつ	鬱	0	186	32
うつつ	現	0	186	32
うつばり	梁	0	186	32
うつぼ	笂	0	186	32
うつぼ	靫	0	186	32
うつぼ	靭	0	186	32
うつぼ	靱	0	186	32
うつわ	器	15	186	32
うつわ	噐	0	186	32
うてな	台	0	186	32
うてな	臺	0	186	32
うてな	萼	0	186	32
うてな	蕚	0	186	32
うで	腕	15	186	32
うない	髫	0	186	32
うなぎ	鰻	0	186	32
うなじ	項	0	186	32
うなじ	領	0	186	32
うね	畝	15	186	32
うね	畆	0	186	32
うね	畦	0	186	32
うね	采	0	186	32
うば	姥	0	186	32
うぶ	産	15	186	32
うぶ	初	0	186	32
うま	馬	15	186	32
うま	午	0	186	32
うまし	美	0	186	32
うまや	厩	0	186	32
うまや	廏	0	186	32
うまや	廐	0	186	32
うまや	駅	0	186	32
うまや	驛	0	186	32
うみ	海	15	186	32
うみ	湖	0	186	32
うみ	膿	0	186	32
うめ	梅	15	186	32
うめ	楳	15	186	32
うら	浦	15	186	32
うら	裏	15	186	32
うら	裡	0	186	32
うり	売	0	186	32
うり	瓜	0	186	32
うるう	閏	0	186	32
うるし	漆	15	186	32
うるち	粫	0	186	32
うるち	粳	0	186	32
うろ	虚	0	186	32
うろこ	鱗	0	186	32
うわ	上	15	186	32
うわぐすり	釉	0	186	32
うわごと	囈	0	186	32
うわさ	噂	0	186	32
うわばみ	蟒	0	186	32
うわばみ	蠎	0	186	32
うん	運	15	186	32
うん	雲	15	186	32
うん	云	0	186	32
うん	吽	0	186	32
うん	慍	0	186	32
うん	暈	0	186	32
うん	温	0	186	32
うん	紜	0	186	32
うん	繧	0	186	32
うん	耘	0	186	32
うん	薀	0	186	32
うん	蘊	0	186	32
うん	褞	0	186	32
うん	饂	0	186	32
え	会	15	186	32
え	依	15	186	32
え	回	15	186	32
え	恵	15	186	32
え	柄	15	186	32
え	江	15	186	32
え	絵	15	186	32
え	重	15	186	32
え	匯	0	186	32
え	哇	0	186	32
え	囘	0	186	32
え	壊	0	186	32
え	壞	0	186	32
え	娃	0	186	32
え	廻	0	186	32
え	惠	0	186	32
え	慧	0	186	32
え	懐	0	186	32
え	懷	0	186	32
え	會	0	186	32
え	杖	0	186	32
え	枝	0	186	32
え	淮	0	186	32
え	画	0	186	32
え	畫	0	186	32
え	穢	0	186	32
え	繪	0	186	32
え	荏	0	186	32
え	薈	0	186	32
え	衛	0	186	32
え	衞	0	186	32
え	衣	0	186	32
え	迴	0	186	32
え	餌	0	186	32
えい	営	15	186	32
えい	影	15	186	32
えい	映	15	186	32
えい	栄	15	186	32
えい	永	15	186	32
えい	泳	15	186	32
えい	英	15	186	32
えい	詠	15	186	32
えい	鋭	15	186	32
えい	兌	0	186	32
えい	叡	0	186	32
えい	咏	0	186	32
えい	塋	0	186	32
えい	嬰	0	186	32
えい	景	0	186	32
えい	暎	0	186	32
えい	曳	0	186	32
えい	曵	0	186	32
えい	楹	0	186	32
えい	榮	0	186	32
えい	殪	0	186	32
えい	泄	0	186	32
えい	洩	0	186	32
えい	潁	0	186	32
えい	瀛	0	186	32
えい	營	0	186	32
えい	瑛	0	186	32
えい	瑩	0	186	32
えい	盈	0	186	32
えい	睿	0	186	32
えい	穎	0	186	32
えい	縊	0	186	32
えい	纓	0	186	32
えい	翳	0	186	32
えい	蠑	0	186	32
えい	衛	0	186	32
えい	衞	0	186	32
えい	裔	0	186	32
えい	贏	0	186	32
えい	郢	0	186	32
えい	霙	0	186	32
えい	頴	0	186	32
えき	役	15	186	32
えき	易	15	186	32
えき	液	15	186	32
えき	疫	15	186	32
えき	益	15	186	32
えき	駅	15	186	32
えき	亦	0	186	32
えき	奕	0	186	32
えき	懌	0	186	32
えき	掖	0	186	32
えき	繹	0	186	32
えき	腋	0	186	32
えき	蜴	0	186	32
えき	驛	0	186	32
えき	鯣	0	186	32
えくぼ	靨	0	186	32
えさ	餌	0	186	32
えだ	枝	15	186	32
えだ	条	0	186	32
えだ	柯	0	186	32
えだ	條	0	186	32
えだち	役	0	186	32
えち	越	0	186	32
えつ	悦	15	186	32
えつ	謁	15	186	32
えつ	越	15	186	32
えつ	閲	15	186	32
えつ	兌	0	186	32
えつ	咽	0	186	32
えつ	噎	0	186	32
えつ	戉	0	186	32
えつ	曰	0	186	32
えつ	粤	0	186	32
えつ	説	0	186	32
えつ	鉞	0	186	32
えな	胞	0	186	32
えにし	縁	0	186	32
えのき	榎	0	186	32
えび	蛯	0	186	32
えび	蝦	0	186	32
えび	鰕	0	186	32
えびす	夷	0	186	32
えびす	戎	0	186	32
えびす	胡	0	186	32
えびす	貊	0	186	32
えびら	箙	0	186	32
えやみ	疫	0	186	32
えら	腮	0	186	32
えら	顋	0	186	32
えら	鰓	0	186	32
えり	襟	15	186	32
えり	衿	0	186	32
えり	領	0	186	32
えん	円	15	186	32
えん	園	15	186	32
えん	塩	15	186	32
えん	宴	15	186	32
えん	延	15	186	32
えん	沿	15	186	32
えん	演	15	186	32
えん	炎	15	186	32
えん	煙	15	186	32
えん	猿	15	186	32
えん	縁	15	186	32
えん	薗	15	186	32
えん	遠	15	186	32
えん	鉛	15	186	32
えん	俺	0	186	32
えん	偃	0	186	32
えん	冤	0	186	32
えん	厭	0	186	32
えん	咽	0	186	32
えん	嚥	0	186	32
えん	圓	0	186	32
えん	圜	0	186	32
えん	垣	0	186	32
えん	堰	0	186	32
えん	奄	0	186	32
えん	娟	0	186	32
えん	婉	0	186	32
えん	媛	0	186	32
えん	嫣	0	186	32
えん	宛	0	186	32
えん	寃	0	186	32
えん	怨	0	186	32
えん	悁	0	186	32
えん	捐	0	186	32
えん	掩	0	186	32
えん	掾	0	186	32
えん	援	0	186	32
えん	檐	0	186	32
えん	櫞	0	186	32
えん	淵	0	186	32
えん	淹	0	186	32
えん	渊	0	186	32
えん	渕	0	186	32
えん	湲	0	186	32
えん	烟	0	186	32
えん	焉	0	186	32
えん	焔	0	186	32
えん	燕	0	186	32
えん	爰	0	186	32
えん	筵	0	186	32
えん	篶	0	186	32
えん	簷	0	186	32
えん	罨	0	186	32
えん	羨	0	186	32
えん	臙	0	186	32
えん	艶	0	186	32
えん	艷	0	186	32
えん	苑	0	186	32
えん	莚	0	186	32
えん	蜒	0	186	32
えん	蜿	0	186	32
えん	衍	0	186	32
えん	袁	0	186	32
えん	讌	0	186	32
えん	豌	0	186	32
えん	轅	0	186	32
えん	鋺	0	186	32
えん	閹	0	186	32
えん	閻	0	186	32
えん	院	0	186	32
えん	韵	0	186	32
えん	韻	0	186	32
えん	魘	0	186	32
えん	鳶	0	186	32
えん	鴛	0	186	32
えん	鹽	0	186	32
えん	黶	0	186	32
えんじゅ	槐	0	186	32
お	和	15	186	32
お	小	15	186	32
お	尾	15	186	32
お	悪	15	186	32
お	汚	15	186	32
お	緒	15	186	32
お	雄	15	186	32
お	乎	0	186	32
お	乙	0	186	32
お	佩	0	186	32
お	勇	0	186	32
お	唹	0	186	32
お	嗚	0	186	32
お	塢	0	186	32
お	士	0	186	32
お	夫	0	186	32
お	将	0	186	32
お	御	0	186	32
お	惡	0	186	32
お	於	0	186	32
お	淤	0	186	32
お	烏	0	186	32
お	牡	0	186	32
お	生	0	186	32
お	男	0	186	32
お	良	0	186	32
お	苧	0	186	32
お	郎	0	186	32
お	阿	0	186	32
お	隕	0	186	32
お	飫	0	186	32
お	魚	0	186	32
お	麻	0	186	32
おい	甥	0	186	32
おい	笈	0	186	32
おう	凹	15	186	32
おう	央	15	186	32
おう	奥	15	186	32
おう	往	15	186	32
おう	応	15	186	32
おう	押	15	186	32
おう	桜	15	186	32
おう	横	15	186	32
おう	欧	15	186	32
おう	殴	15	186	32
おう	王	15	186	32
おう	皇	15	186	32
おう	翁	15	186	32
おう	黄	15	186	32
おう	凰	0	186	32
おう	嘔	0	186	32
おう	嚶	0	186	32
おう	圧	0	186	32
おう	墺	0	186	32
おう	壓	0	186	32
おう	奧	0	186	32
おう	姶	0	186	32
おう	媼	0	186	32
おう	嫗	0	186	32
おう	尢	0	186	32
おう	徃	0	186	32
おう	怏	0	186	32
おう	應	0	186	32
おう	懊	0	186	32
おう	拗	0	186	32
おう	旺	0	186	32
おう	枉	0	186	32
おう	櫻	0	186	32
おう	歐	0	186	32
おう	殃	0	186	32
おう	毆	0	186	32
おう	汪	0	186	32
おう	泓	0	186	32
おう	泱	0	186	32
おう	澳	0	186	32
おう	瓮	0	186	32
おう	甌	0	186	32
おう	甕	0	186	32
おう	秧	0	186	32
おう	罌	0	186	32
おう	蓊	0	186	32
おう	襖	0	186	32
おう	謳	0	186	32
おう	逢	0	186	32
おう	邑	0	186	32
おう	鏖	0	186	32
おう	鞅	0	186	32
おう	鴎	0	186	32
おう	鴦	0	186	32
おう	鴨	0	186	32
おう	鴬	0	186	32
おう	鶯	0	186	32
おう	鶲	0	186	32
おう	鷹	0	186	32
おう	鸚	0	186	32
おうぎ	扇	15	186	32
おうご	朸	0	186	32
おうち	楝	0	186	32
おうち	樗	0	186	32
おうな	媼	0	186	32
おうな	嫗	0	186	32
おお	大	15	186	32
おお	丕	0	186	32
おお	傀	0	186	32
おおかみ	狼	0	186	32
おおがめ	鰲	0	186	32
おおがめ	鼇	0	186	32
おおき	大	0	186	32
おおきみ	王	0	186	32
おおし	多	0	186	32
おおし	夛	0	186	32
おおじ	逵	0	186	32
おおじか	麋	0	186	32
おおとり	凰	0	186	32
おおとり	鳳	0	186	32
おおとり	鴻	0	186	32
おおとり	鵬	0	186	32
おおやけ	公	15	186	32
おおん	御	0	186	32
おか	丘	15	186	32
おか	堽	0	186	32
おか	岡	0	186	32
おか	岳	0	186	32
おか	峻	0	186	32
おか	崗	0	186	32
おか	邱	0	186	32
おか	阜	0	186	32
おか	陵	0	186	32
おか	陸	0	186	32
おき	沖	15	186	32
おき	冲	0	186	32
おき	居	0	186	32
おき	意	0	186	32
おき	澳	0	186	32
おき	煕	0	186	32
おき	熈	0	186	32
おき	熙	0	186	32
おき	熾	0	186	32
おき	燠	0	186	32
おき	興	0	186	32
おきて	掟	0	186	32
おきな	叟	0	186	32
おきな	翁	0	186	32
おぎ	荻	0	186	32
おく	億	15	186	32
おく	奥	15	186	32
おく	屋	15	186	32
おく	憶	15	186	32
おく	奧	0	186	32
おく	檍	0	186	32
おく	臆	0	186	32
おく	舍	0	186	32
おく	遲	0	186	32
おくみ	衽	0	186	32
おくみ	袵	0	186	32
おくりな	諡	0	186	32
おくりな	謚	0	186	32
おけ	桶	0	186	32
おけ	槽	0	186	32
おけら	朮	0	186	32
おこし	起	0	186	32
おこり	瘧	0	186	32
おご	侈	0	186	32
おご	倨	0	186	32
おご	傲	0	186	32
おご	驕	0	186	32
おごそ	儼	0	186	32
おさ	乂	0	186	32
おさ	佰	0	186	32
おさ	筬	0	186	32
おさ	長	0	186	32
おさむ	乃	0	186	32
おさむ	伊	0	186	32
おさむ	修	0	186	32
おさむ	収	0	186	32
おさむ	拾	0	186	32
おさむ	摂	0	186	32
おさむ	攝	0	186	32
おさむ	收	0	186	32
おさむ	攻	0	186	32
おさむ	治	0	186	32
おさむ	理	0	186	32
おさむ	督	0	186	32
おさむ	紀	0	186	32
おさむ	統	0	186	32
おさむ	脩	0	186	32
おさむ	蔵	0	186	32
おさむ	藏	0	186	32
おさむ	道	0	186	32
おさむ	靖	0	186	32
おさめ	納	0	186	32
おし	忍	0	186	32
おし	鴛	0	186	32
おしきうお	魴	0	186	32
おしどり	鴛	0	186	32
おしどり	鴦	0	186	32
おじか	麌	0	186	32
おす	雄	15	186	32
おす	牡	0	186	32
おそ	獺	0	186	32
おそれ	虞	15	186	32
おそれ	恐	0	186	32
おち	越	0	186	32
おちい	陷	0	186	32
おっと	夫	15	186	32
おつ	乙	15	186	32
おつ	膃	0	186	32
おつ	越	0	186	32
おと	音	15	186	32
おと	乙	0	186	32
おと	弟	0	186	32
おとうと	弟	15	186	32
おとがい	頤	0	186	32
おとこ	男	15	186	32
おとしあな	穽	0	186	32
おとり	囮	0	186	32
おど	縅	0	186	32
おど	踴	0	186	32
おどし	縅	0	186	32
おどす	縅	0	186	32
おどろ	棘	0	186	32
おどろ	駭	0	186	32
おに	鬼	15	186	32
おにやらい	儺	0	186	32
おの	斤	0	186	32
おの	斧	0	186	32
おのおの	各	15	186	32
おのれ	己	15	186	32
おば	姨	0	186	32
おばしま	欄	0	186	32
おび	帯	15	186	32
おび	帶	0	186	32
おびだま	佩	0	186	32
おびと	首	0	186	32
おぼろ	朧	0	186	32
おみ	臣	0	186	32
おも	主	15	186	32
おも	面	15	186	32
おも	重	0	186	32
おもかげ	俤	0	186	32
おもて	表	15	186	32
おもて	面	15	186	32
おもむき	趣	15	186	32
おもり	錘	0	186	32
おや	親	15	186	32
おや	祖	0	186	32
おやじ	爺	0	186	32
おやゆび	拇	0	186	32
おゆ	老	0	186	32
おり	折	15	186	32
おり	檻	0	186	32
おり	滓	0	186	32
おり	澱	0	186	32
おり	織	0	186	32
おれ	俺	0	186	32
おろし	卸	15	186	32
おろし	颪	0	186	32
おん	御	15	186	32
おん	恩	15	186	32
おん	温	15	186	32
おん	穏	15	186	32
おん	遠	15	186	32
おん	音	15	186	32
おん	吽	0	186	32
おん	園	0	186	32
おん	宛	0	186	32
おん	怨	0	186	32
おん	椙	0	186	32
おん	榲	0	186	32
おん	瘟	0	186	32
おん	穩	0	186	32
おん	苑	0	186	32
おん	蔭	0	186	32
おん	薀	0	186	32
おん	薗	0	186	32
おん	褞	0	186	32
おん	陰	0	186	32
おん	隠	0	186	32
おん	隱	0	186	32
おん	飮	0	186	32
おん	飲	0	186	32
おん	鰛	0	186	32
おん	鰮	0	186	32
おんな	女	15	186	32
おんな	婦	0	186	32
か	下	15	186	32
か	仮	15	186	32
か	何	15	186	32
か	佳	15	186	32
か	価	15	186	32
か	加	15	186	32
か	化	15	186	32
か	可	15	186	32
か	夏	15	186	32
か	嫁	15	186	32
か	家	15	186	32
か	寡	15	186	32
か	日	15	186	32
か	暇	15	186	32
か	果	15	186	32
か	架	15	186	32
か	歌	15	186	32
か	河	15	186	32
か	渦	15	186	32
か	火	15	186	32
か	禍	15	186	32
か	科	15	186	32
か	稼	15	186	32
か	箇	15	186	32
か	花	15	186	32
か	荷	15	186	32
か	菓	15	186	32
か	華	15	186	32
か	蚊	15	186	32
か	課	15	186	32
か	過	15	186	32
か	靴	15	186	32
か	香	15	186	32
か	ヵ	0	186	32
か	ヶ	0	186	32
か	个	0	186	32
か	乎	0	186	32
か	伽	0	186	32
か	個	0	186	32
か	假	0	186	32
か	僞	0	186	32
か	價	0	186	32
か	卦	0	186	32
か	厦	0	186	32
か	呀	0	186	32
か	呵	0	186	32
か	和	0	186	32
か	哥	0	186	32
か	啝	0	186	32
か	嘉	0	186	32
か	嘩	0	186	32
か	囮	0	186	32
か	堝	0	186	32
か	夥	0	186	32
か	夸	0	186	32
か	崋	0	186	32
か	廈	0	186	32
か	彁	0	186	32
か	彼	0	186	32
か	戈	0	186	32
か	找	0	186	32
か	掛	0	186	32
か	枷	0	186	32
か	柯	0	186	32
か	榎	0	186	32
か	樺	0	186	32
か	歟	0	186	32
か	渮	0	186	32
か	珂	0	186	32
か	珈	0	186	32
か	瑕	0	186	32
か	瓜	0	186	32
か	痂	0	186	32
か	禾	0	186	32
か	窩	0	186	32
か	笳	0	186	32
か	罅	0	186	32
か	耶	0	186	32
か	舸	0	186	32
か	苛	0	186	32
か	茄	0	186	32
か	萪	0	186	32
か	葭	0	186	32
か	蝌	0	186	32
か	蝦	0	186	32
か	蝸	0	186	32
か	袈	0	186	32
か	裹	0	186	32
か	襾	0	186	32
か	訛	0	186	32
か	訶	0	186	32
か	誇	0	186	32
か	謌	0	186	32
か	譁	0	186	32
か	譌	0	186	32
か	谺	0	186	32
か	貨	0	186	32
か	賀	0	186	32
か	賈	0	186	32
か	跏	0	186	32
か	跨	0	186	32
か	踝	0	186	32
か	軻	0	186	32
か	迦	0	186	32
か	遐	0	186	32
か	鍋	0	186	32
か	鍜	0	186	32
か	霞	0	186	32
か	顆	0	186	32
か	駕	0	186	32
か	鰕	0	186	32
か	鹿	0	186	32
かい	介	15	186	32
かい	会	15	186	32
かい	回	15	186	32
かい	堺	15	186	32
かい	塊	15	186	32
かい	壊	15	186	32
かい	快	15	186	32
かい	怪	15	186	32
かい	悔	15	186	32
かい	懐	15	186	32
かい	戒	15	186	32
かい	拐	15	186	32
かい	改	15	186	32
かい	械	15	186	32
かい	海	15	186	32
かい	灰	15	186	32
かい	界	15	186	32
かい	皆	15	186	32
かい	絵	15	186	32
かい	街	15	186	32
かい	解	15	186	32
かい	貝	15	186	32
かい	開	15	186	32
かい	階	15	186	32
かい	丐	0	186	32
かい	乖	0	186	32
かい	价	0	186	32
かい	偕	0	186	32
かい	傀	0	186	32
かい	凱	0	186	32
かい	剴	0	186	32
かい	匯	0	186	32
かい	咼	0	186	32
かい	喙	0	186	32
かい	囘	0	186	32
かい	垓	0	186	32
かい	壞	0	186	32
かい	夬	0	186	32
かい	屆	0	186	32
かい	届	0	186	32
かい	峡	0	186	32
かい	峽	0	186	32
かい	嵬	0	186	32
かい	廨	0	186	32
かい	廻	0	186	32
かい	徊	0	186	32
かい	恠	0	186	32
かい	恢	0	186	32
かい	愾	0	186	32
かい	慨	0	186	32
かい	懈	0	186	32
かい	懷	0	186	32
かい	挂	0	186	32
かい	揩	0	186	32
かい	晦	0	186	32
かい	會	0	186	32
かい	枴	0	186	32
かい	桧	0	186	32
かい	椢	0	186	32
かい	楷	0	186	32
かい	概	0	186	32
かい	槐	0	186	32
かい	檜	0	186	32
かい	櫂	0	186	32
かい	漑	0	186	32
かい	潰	0	186	32
かい	獪	0	186	32
かい	瑰	0	186	32
かい	畍	0	186	32
かい	疥	0	186	32
かい	盖	0	186	32
かい	繪	0	186	32
かい	膾	0	186	32
かい	芥	0	186	32
かい	茴	0	186	32
かい	葢	0	186	32
かい	蓋	0	186	32
かい	薤	0	186	32
かい	蛔	0	186	32
かい	蟹	0	186	32
かい	蠏	0	186	32
かい	褂	0	186	32
かい	觧	0	186	32
かい	話	0	186	32
かい	該	0	186	32
かい	詼	0	186	32
かい	誡	0	186	32
かい	誨	0	186	32
かい	諧	0	186	32
かい	買	0	186	32
かい	賄	0	186	32
かい	迴	0	186	32
かい	邂	0	186	32
かい	醢	0	186	32
かい	鎧	0	186	32
かい	隗	0	186	32
かい	鞋	0	186	32
かい	養	0	186	32
かい	魁	0	186	32
かい	鮭	0	186	32
かい	鱠	0	186	32
かいこ	蚕	15	186	32
かいこ	蠶	0	186	32
かいな	腕	0	186	32
かいらぎ	鰄	0	186	32
かいり	浬	0	186	32
かえで	楓	0	186	32
かえる	蛙	0	186	32
かお	顔	15	186	32
かお	顏	0	186	32
かおり	香	0	186	32
かおり	馨	0	186	32
かおる	芳	0	186	32
かおる	薫	0	186	32
かおる	郁	0	186	32
かおる	香	0	186	32
かおる	馨	0	186	32
かか	嬶	0	186	32
かかあ	嚊	0	186	32
かかあ	嬶	0	186	32
かかと	踵	0	186	32
かかり	係	15	186	32
かかり	掛	15	186	32
かがみ	鏡	15	186	32
かがみ	鑑	0	186	32
かがり	篝	0	186	32
かき	垣	15	186	32
かき	墻	0	186	32
かき	柿	0	186	32
かき	牆	0	186	32
かき	硴	0	186	32
かき	蛎	0	186	32
かき	蠣	0	186	32
かぎ	鈎	0	186	32
かぎ	鉤	0	186	32
かぎ	鍵	0	186	32
かぎ	鎰	0	186	32
かぎ	鑰	0	186	32
かく	各	15	186	32
かく	嚇	15	186	32
かく	客	15	186	32
かく	拡	15	186	32
かく	核	15	186	32
かく	格	15	186	32
かく	殻	15	186	32
かく	獲	15	186	32
かく	画	15	186	32
かく	確	15	186	32
かく	穫	15	186	32
かく	覚	15	186	32
かく	角	15	186	32
かく	較	15	186	32
かく	郭	15	186	32
かく	閣	15	186	32
かく	隔	15	186	32
かく	革	15	186	32
かく	劃	0	186	32
かく	咯	0	186	32
かく	喀	0	186	32
かく	埆	0	186	32
かく	塙	0	186	32
かく	壑	0	186	32
かく	寉	0	186	32
かく	幗	0	186	32
かく	廓	0	186	32
かく	恪	0	186	32
かく	愨	0	186	32
かく	挌	0	186	32
かく	掴	0	186	32
かく	撹	0	186	32
かく	擱	0	186	32
かく	擴	0	186	32
かく	攪	0	186	32
かく	攫	0	186	32
かく	桷	0	186	32
かく	椁	0	186	32
かく	槨	0	186	32
かく	殼	0	186	32
かく	狢	0	186	32
かく	瓠	0	186	32
かく	畫	0	186	32
かく	癨	0	186	32
かく	矍	0	186	32
かく	硅	0	186	32
かく	脚	0	186	32
かく	膈	0	186	32
かく	膕	0	186	32
かく	茖	0	186	32
かく	蠖	0	186	32
かく	覈	0	186	32
かく	覺	0	186	32
かく	貉	0	186	32
かく	赫	0	186	32
かく	钁	0	186	32
かく	隱	0	186	32
かく	霍	0	186	32
かく	馘	0	186	32
かく	骼	0	186	32
かく	鬲	0	186	32
かく	鶴	0	186	32
かく	鷽	0	186	32
かけ	掛	0	186	32
かけ	賭	0	186	32
かけい	筧	0	186	32
かけはし	桟	0	186	32
かけはし	梯	0	186	32
かけはし	棧	0	186	32
かけひ	筧	0	186	32
かげ	影	15	186	32
かげ	景	0	186	32
かげ	翳	0	186	32
かげ	蔭	0	186	32
かげ	陰	0	186	32
かご	篭	0	186	32
かご	籠	0	186	32
かさ	傘	15	186	32
かさ	嵩	0	186	32
かさ	暈	0	186	32
かさ	瘡	0	186	32
かさ	盖	0	186	32
かさ	笠	0	186	32
かさ	葢	0	186	32
かさ	蓋	0	186	32
かさ	量	0	186	32
かささぎ	鵲	0	186	32
かさね	襲	0	186	32
かさね	重	0	186	32
かさぶた	痂	0	186	32
かざ	風	15	186	32
かざ	餝	0	186	32
かざり	錺	0	186	32
かし	槝	0	186	32
かし	樫	0	186	32
かし	橿	0	186	32
かし	貸	0	186	32
かしこ	俐	0	186	32
かしず	傅	0	186	32
かしら	頭	15	186	32
かしら	仟	0	186	32
かしわ	柏	0	186	32
かしわ	栢	0	186	32
かしわ	槲	0	186	32
かじ	柁	0	186	32
かじ	梶	0	186	32
かじ	楫	0	186	32
かじ	橈	0	186	32
かじ	舵	0	186	32
かじ	鍛	0	186	32
かじか	鮖	0	186	32
かじか	鰍	0	186	32
かす	滓	0	186	32
かす	粕	0	186	32
かす	糟	0	186	32
かすがい	鎹	0	186	32
かすみ	霞	0	186	32
かすり	絣	0	186	32
かすり	綛	0	186	32
かすり	緕	0	186	32
かすり	纃	0	186	32
かず	一	0	186	32
かず	万	0	186	32
かず	主	0	186	32
かず	五	0	186	32
かず	十	0	186	32
かず	千	0	186	32
かず	和	0	186	32
かず	品	0	186	32
かず	員	0	186	32
かず	壱	0	186	32
かず	壹	0	186	32
かず	弌	0	186	32
かず	数	0	186	32
かず	數	0	186	32
かず	萬	0	186	32
かず	計	0	186	32
かず	運	0	186	32
かず	量	0	186	32
かずのこ	鯑	0	186	32
かずら	葛	0	186	32
かずら	蔓	0	186	32
かずら	蘰	0	186	32
かずら	鬘	0	186	32
かせ	枷	0	186	32
かせ	綛	0	186	32
かぜ	風	15	186	32
かた	型	15	186	32
かた	形	15	186	32
かた	方	15	186	32
かた	片	15	186	32
かた	肩	15	186	32
かた	固	0	186	32
かた	堅	0	186	32
かた	潟	0	186	32
かた	賢	0	186	32
かたがた	旁	0	186	32
かたき	敵	15	186	32
かたき	仇	0	186	32
かたき	讎	0	186	32
かたくな	頑	0	186	32
かたし	固	0	186	32
かたち	形	15	186	32
かたち	容	0	186	32
かたち	状	0	186	32
かたち	皃	0	186	32
かたち	象	0	186	32
かたち	貌	0	186	32
かたつむり	蝸	0	186	32
かたな	刀	15	186	32
かたな	釖	0	186	32
かたまり	塊	15	186	32
かたみ	筐	0	186	32
かたみ	筺	0	186	32
かたむ	仄	0	186	32
かたわら	旁	0	186	32
かち	勝	0	186	32
かち	徒	0	186	32
かち	渇	0	186	32
かち	褐	0	186	32
かちどき	鬨	0	186	32
かっ	合	15	186	32
かっ	渇	0	186	32
かつ	割	15	186	32
かつ	喝	15	186	32
かつ	括	15	186	32
かつ	活	15	186	32
かつ	渇	15	186	32
かつ	滑	15	186	32
かつ	褐	15	186	32
かつ	轄	15	186	32
かつ	且	0	186	32
かつ	克	0	186	32
かつ	刮	0	186	32
かつ	劼	0	186	32
かつ	勝	0	186	32
かつ	恰	0	186	32
かつ	戛	0	186	32
かつ	戞	0	186	32
かつ	曷	0	186	32
かつ	濶	0	186	32
かつ	猾	0	186	32
かつ	瞎	0	186	32
かつ	磆	0	186	32
かつ	筈	0	186	32
かつ	羯	0	186	32
かつ	聒	0	186	32
かつ	葛	0	186	32
かつ	蛞	0	186	32
かつ	蝎	0	186	32
かつ	蠍	0	186	32
かつ	豁	0	186	32
かつ	闊	0	186	32
かつ	雄	0	186	32
かつ	鞨	0	186	32
かつ	頡	0	186	32
かつ	黠	0	186	32
かつお	鰹	0	186	32
かつら	桂	0	186	32
かつら	蘰	0	186	32
かつら	鬘	0	186	32
かて	糧	15	186	32
かて	粮	0	186	32
かど	角	15	186	32
かど	門	15	186	32
かど	廉	0	186	32
かど	稜	0	186	32
かな	金	15	186	32
かな	哉	0	186	32
かな	縢	0	186	32
かなう	叶	0	186	32
かなえ	鬲	0	186	32
かなえ	鼎	0	186	32
かなまり	鋺	0	186	32
かなめ	要	0	186	32
かに	蟹	0	186	32
かに	蠏	0	186	32
かね	金	15	186	32
かね	鐘	15	186	32
かね	兼	0	186	32
かね	包	0	186	32
かね	印	0	186	32
かね	周	0	186	32
かね	懐	0	186	32
かね	懷	0	186	32
かね	矩	0	186	32
かね	謙	0	186	32
かね	鉦	0	186	32
かね	銭	0	186	32
かね	錢	0	186	32
かの	彼	15	186	32
かのう	叶	0	186	32
かのえ	庚	0	186	32
かのと	辛	0	186	32
かば	椛	0	186	32
かば	樺	0	186	32
かば	蒲	0	186	32
かばね	姓	0	186	32
かばね	屍	0	186	32
かばん	鞄	0	186	32
かび	黴	0	186	32
かぶ	株	15	186	32
かぶ	蕪	0	186	32
かぶと	兜	0	186	32
かぶと	冑	0	186	32
かぶと	甲	0	186	32
かぶら	菁	0	186	32
かぶら	蕪	0	186	32
かぶら	鏑	0	186	32
かぶり	頭	0	186	32
かぶろ	禿	0	186	32
かべ	壁	15	186	32
かま	窯	15	186	32
かま	窰	0	186	32
かま	竃	0	186	32
かま	竈	0	186	32
かま	缶	0	186	32
かま	罐	0	186	32
かま	釜	0	186	32
かま	釡	0	186	32
かま	鎌	0	186	32
かます	叺	0	186	32
かまち	框	0	186	32
かまち	档	0	186	32
かまど	竃	0	186	32
かまど	竈	0	186	32
かまびす	讙	0	186	32
かみ	上	15	186	32
かみ	神	15	186	32
かみ	紙	15	186	32
かみ	髪	15	186	32
かみ	守	0	186	32
かみ	帋	0	186	32
かみ	督	0	186	32
かみ	頭	0	186	32
かみ	髮	0	186	32
かみしも	裃	0	186	32
かみなり	雷	15	186	32
かむろ	禿	0	186	32
かめ	亀	0	186	32
かめ	瓶	0	186	32
かめ	甕	0	186	32
かめ	龜	0	186	32
かも	釀	0	186	32
かも	鳧	0	186	32
かも	鳬	0	186	32
かも	鴨	0	186	32
かもじ	髢	0	186	32
かもめ	鴎	0	186	32
かや	榧	0	186	32
かや	茅	0	186	32
かや	萱	0	186	32
かゆ	粥	0	186	32
かゆ	餬	0	186	32
かゆ	鬻	0	186	32
かよい	通	0	186	32
から	唐	15	186	32
から	殻	15	186	32
から	空	15	186	32
から	殼	0	186	32
から	漢	0	186	32
から	韓	0	186	32
からし	辛	0	186	32
からす	烏	0	186	32
からす	鴉	0	186	32
からすき	犁	0	186	32
からすき	犂	0	186	32
からたち	枳	0	186	32
からだ	体	15	186	32
からだ	躯	0	186	32
からだ	躰	0	186	32
からだ	軆	0	186	32
からだ	體	0	186	32
からむし	苧	0	186	32
かり	仮	15	186	32
かり	借	0	186	32
かり	假	0	186	32
かり	刈	0	186	32
かり	権	0	186	32
かり	權	0	186	32
かり	狩	0	186	32
かり	猟	0	186	32
かり	獵	0	186	32
かり	雁	0	186	32
かり	鳫	0	186	32
かり	鴈	0	186	32
かりがね	雁	0	186	32
かりがね	鳫	0	186	32
かりがね	鴈	0	186	32
かりそめ	苟	0	186	32
かりもがり	殯	0	186	32
かる	輕	0	186	32
かれ	彼	15	186	32
かれ	渠	0	186	32
かれい	餉	0	186	32
かれい	鰈	0	186	32
かれい	鰔	0	186	32
かれいい	餉	0	186	32
かわ	側	15	186	32
かわ	川	15	186	32
かわ	河	15	186	32
かわ	皮	15	186	32
かわ	革	15	186	32
かわうそ	獺	0	186	32
かわおそ	獺	0	186	32
かわず	蛙	0	186	32
かわや	厠	0	186	32
かわや	廁	0	186	32
かわら	瓦	0	186	32
かわら	甃	0	186	32
かわら	甓	0	186	32
かわら	磧	0	186	32
かん	乾	15	186	32
かん	冠	15	186	32
かん	刊	15	186	32
かん	勘	15	186	32
かん	勧	15	186	32
かん	喚	15	186	32
かん	堪	15	186	32
かん	完	15	186	32
かん	官	15	186	32
かん	寒	15	186	32
かん	寛	15	186	32
かん	巻	15	186	32
かん	干	15	186	32
かん	幹	15	186	32
かん	患	15	186	32
かん	感	15	186	32
かん	慣	15	186	32
かん	憾	15	186	32
かん	換	15	186	32
かん	敢	15	186	32
かん	棺	15	186	32
かん	款	15	186	32
かん	歓	15	186	32
かん	汗	15	186	32
かん	漢	15	186	32
かん	環	15	186	32
かん	甘	15	186	32
かん	甲	15	186	32
かん	監	15	186	32
かん	看	15	186	32
かん	神	15	186	32
かん	管	15	186	32
かん	簡	15	186	32
かん	緩	15	186	32
かん	缶	15	186	32
かん	肝	15	186	32
かん	舘	15	186	32
かん	艦	15	186	32
かん	莞	15	186	32
かん	観	15	186	32
かん	貫	15	186	32
かん	還	15	186	32
かん	鑑	15	186	32
かん	閑	15	186	32
かん	間	15	186	32
かん	関	15	186	32
かん	陥	15	186	32
かん	館	15	186	32
かん	丱	0	186	32
かん	串	0	186	32
かん	侃	0	186	32
かん	凵	0	186	32
かん	函	0	186	32
かん	凾	0	186	32
かん	卷	0	186	32
かん	厂	0	186	32
かん	咸	0	186	32
かん	啣	0	186	32
かん	喊	0	186	32
かん	圜	0	186	32
かん	坎	0	186	32
かん	坩	0	186	32
かん	奐	0	186	32
かん	奸	0	186	32
かん	姦	0	186	32
かん	嫺	0	186	32
かん	嫻	0	186	32
かん	宦	0	186	32
かん	寰	0	186	32
かん	嵌	0	186	32
かん	悍	0	186	32
かん	懽	0	186	32
かん	戡	0	186	32
かん	扞	0	186	32
かん	拑	0	186	32
かん	捍	0	186	32
かん	揀	0	186	32
かん	撼	0	186	32
かん	旱	0	186	32
かん	柑	0	186	32
かん	柬	0	186	32
かん	栞	0	186	32
かん	桓	0	186	32
かん	桿	0	186	32
かん	樌	0	186	32
かん	橄	0	186	32
かん	檻	0	186	32
かん	歛	0	186	32
かん	歡	0	186	32
かん	毋	0	186	32
かん	浣	0	186	32
かん	涵	0	186	32
かん	淦	0	186	32
かん	渙	0	186	32
かん	減	0	186	32
かん	湲	0	186	32
かん	潅	0	186	32
かん	澗	0	186	32
かん	澣	0	186	32
かん	瀚	0	186	32
かん	灌	0	186	32
かん	煥	0	186	32
かん	燗	0	186	32
かん	疳	0	186	32
かん	癇	0	186	32
かん	皖	0	186	32
かん	盥	0	186	32
かん	瞰	0	186	32
かん	矜	0	186	32
かん	稈	0	186	32
かん	竿	0	186	32
かん	箝	0	186	32
かん	篏	0	186	32
かん	綣	0	186	32
かん	緘	0	186	32
かん	繝	0	186	32
かん	罐	0	186	32
かん	罕	0	186	32
かん	羮	0	186	32
かん	羹	0	186	32
かん	翰	0	186	32
かん	艱	0	186	32
かん	菅	0	186	32
かん	萱	0	186	32
かん	蒄	0	186	32
かん	蚶	0	186	32
かん	觀	0	186	32
かん	諌	0	186	32
かん	諫	0	186	32
かん	讙	0	186	32
かん	豢	0	186	32
かん	轗	0	186	32
かん	邯	0	186	32
かん	酣	0	186	32
かん	鉗	0	186	32
かん	銜	0	186	32
かん	鐶	0	186	32
かん	鑒	0	186	32
かん	鑵	0	186	32
かん	關	0	186	32
かん	陷	0	186	32
かん	韓	0	186	32
かん	頷	0	186	32
かん	顴	0	186	32
かん	餡	0	186	32
かん	駻	0	186	32
かん	驩	0	186	32
かん	骭	0	186	32
かん	鬟	0	186	32
かん	鰔	0	186	32
かん	鰥	0	186	32
かん	鸛	0	186	32
かん	鹹	0	186	32
かん	鼾	0	186	32
かん	龕	0	186	32
かんざし	簪	0	186	32
かんざし	釵	0	186	32
かんざし	鈿	0	186	32
かんな	鉋	0	186	32
かんなぎ	巫	0	186	32
かんぬき	閂	0	186	32
かんばせ	顏	0	186	32
かんばせ	顔	0	186	32
かんむり	冠	15	186	32
かんむり	冕	0	186	32
が	我	15	186	32
が	画	15	186	32
が	芽	15	186	32
が	賀	15	186	32
が	雅	15	186	32
が	餓	15	186	32
が	ヶ	0	186	32
が	伽	0	186	32
が	俄	0	186	32
が	僞	0	186	32
が	呀	0	186	32
が	哦	0	186	32
が	囮	0	186	32
が	娥	0	186	32
が	峨	0	186	32
が	峩	0	186	32
が	牙	0	186	32
が	瓦	0	186	32
が	畫	0	186	32
が	臥	0	186	32
が	莪	0	186	32
が	蛾	0	186	32
が	衙	0	186	32
が	訛	0	186	32
が	訝	0	186	32
が	譌	0	186	32
が	駕	0	186	32
が	鵝	0	186	32
が	鵞	0	186	32
がい	劾	15	186	32
がい	外	15	186	32
がい	害	15	186	32
がい	慨	15	186	32
がい	概	15	186	32
がい	涯	15	186	32
がい	街	15	186	32
がい	該	15	186	32
がい	乂	0	186	32
がい	亥	0	186	32
がい	倪	0	186	32
がい	凱	0	186	32
がい	刈	0	186	32
がい	剴	0	186	32
がい	咳	0	186	32
がい	啀	0	186	32
がい	垓	0	186	32
がい	孩	0	186	32
がい	崕	0	186	32
がい	崖	0	186	32
がい	嵬	0	186	32
がい	愾	0	186	32
がい	漑	0	186	32
がい	皚	0	186	32
がい	盖	0	186	32
がい	睚	0	186	32
がい	碍	0	186	32
がい	磑	0	186	32
がい	礙	0	186	32
がい	艾	0	186	32
がい	苅	0	186	32
がい	葢	0	186	32
がい	蓋	0	186	32
がい	鎧	0	186	32
がい	隗	0	186	32
がい	駭	0	186	32
がい	骸	0	186	32
がい	鮠	0	186	32
がえ	替	0	186	32
がく	学	15	186	32
がく	岳	15	186	32
がく	楽	15	186	32
がく	額	15	186	32
がく	咢	0	186	32
がく	壑	0	186	32
がく	學	0	186	32
がく	嶽	0	186	32
がく	愕	0	186	32
がく	斈	0	186	32
がく	樂	0	186	32
がく	萼	0	186	32
がく	蕚	0	186	32
がく	諤	0	186	32
がく	鄂	0	186	32
がく	鍔	0	186	32
がく	顎	0	186	32
がく	鰐	0	186	32
がく	鶚	0	186	32
がく	齶	0	186	32
がけ	垳	0	186	32
がけ	崕	0	186	32
がけ	崖	0	186	32
がち	歹	0	186	32
がちょう	鵝	0	186	32
がちょう	鵞	0	186	32
がっ	合	15	186	32
がつ	月	15	186	32
がつ	歹	0	186	32
がま	蒲	0	186	32
がら	柄	15	186	32
がら	殻	0	186	32
がわ	側	0	186	32
がん	丸	15	186	32
がん	元	15	186	32
がん	含	15	186	32
がん	岩	15	186	32
がん	岸	15	186	32
がん	眼	15	186	32
がん	頑	15	186	32
がん	顔	15	186	32
がん	願	15	186	32
がん	偐	0	186	32
がん	厂	0	186	32
がん	厳	0	186	32
がん	嵒	0	186	32
がん	巌	0	186	32
がん	巖	0	186	32
がん	愿	0	186	32
がん	玩	0	186	32
がん	癌	0	186	32
がん	碪	0	186	32
がん	篏	0	186	32
がん	翫	0	186	32
がん	芫	0	186	32
がん	莟	0	186	32
がん	贋	0	186	32
がん	雁	0	186	32
がん	頷	0	186	32
がん	顏	0	186	32
がん	鳫	0	186	32
がん	鴈	0	186	32
がん	龕	0	186	32
き	企	15	186	32
き	危	15	186	32
き	喜	15	186	32
き	器	15	186	32
き	基	15	186	32
き	奇	15	186	32
き	季	15	186	32
き	寄	15	186	32
き	己	15	186	32
き	希	15	186	32
き	帰	15	186	32
き	幾	15	186	32
き	忌	15	186	32
き	揮	15	186	32
き	旗	15	186	32
き	既	15	186	32
き	期	15	186	32
き	木	15	186	32
き	机	15	186	32
き	棄	15	186	32
き	棋	15	186	32
き	機	15	186	32
き	気	15	186	32
き	汽	15	186	32
き	生	15	186	32
き	祈	15	186	32
き	紀	15	186	32
き	規	15	186	32
き	記	15	186	32
き	貴	15	186	32
き	起	15	186	32
き	軌	15	186	32
き	輝	15	186	32
き	飢	15	186	32
き	騎	15	186	32
き	鬼	15	186	32
き	黄	15	186	32
き	亀	0	186	32
き	亟	0	186	32
き	伎	0	186	32
き	倚	0	186	32
き	僖	0	186	32
き	其	0	186	32
き	冀	0	186	32
き	决	0	186	32
き	几	0	186	32
き	剞	0	186	32
き	匱	0	186	32
き	卉	0	186	32
き	咥	0	186	32
き	唏	0	186	32
き	喟	0	186	32
き	噐	0	186	32
き	圻	0	186	32
き	城	0	186	32
き	埼	0	186	32
き	妓	0	186	32
き	姫	0	186	32
き	嬉	0	186	32
き	屓	0	186	32
き	岐	0	186	32
き	崎	0	186	32
き	嵜	0	186	32
き	弃	0	186	32
き	徽	0	186	32
き	悸	0	186	32
き	愧	0	186	32
き	憙	0	186	32
き	戯	0	186	32
き	戲	0	186	32
き	掎	0	186	32
き	揆	0	186	32
き	旡	0	186	32
き	晞	0	186	32
き	暉	0	186	32
き	曁	0	186	32
き	曦	0	186	32
き	朞	0	186	32
き	杞	0	186	32
き	枳	0	186	32
き	柝	0	186	32
き	棊	0	186	32
き	榿	0	186	32
き	槻	0	186	32
き	樹	0	186	32
き	櫃	0	186	32
き	欷	0	186	32
き	欹	0	186	32
き	欺	0	186	32
き	歸	0	186	32
き	毀	0	186	32
き	毅	0	186	32
き	气	0	186	32
き	氣	0	186	32
き	沂	0	186	32
き	淇	0	186	32
き	煕	0	186	32
き	熈	0	186	32
き	熙	0	186	32
き	熹	0	186	32
き	燬	0	186	32
き	犠	0	186	32
き	犧	0	186	32
き	畸	0	186	32
き	畿	0	186	32
き	癸	0	186	32
き	皈	0	186	32
き	瞶	0	186	32
き	碁	0	186	32
き	碕	0	186	32
き	磯	0	186	32
き	祁	0	186	32
き	祺	0	186	32
き	禧	0	186	32
き	稀	0	186	32
き	稘	0	186	32
き	窺	0	186	32
き	竒	0	186	32
き	箕	0	186	32
き	簣	0	186	32
き	綺	0	186	32
き	羇	0	186	32
き	羈	0	186	32
き	羲	0	186	32
き	耆	0	186	32
き	肌	0	186	32
き	葵	0	186	32
き	虧	0	186	32
き	覊	0	186	32
き	覬	0	186	32
き	詭	0	186	32
き	諱	0	186	32
き	譏	0	186	32
き	豈	0	186	32
き	跂	0	186	32
き	跪	0	186	32
き	逵	0	186	32
き	餽	0	186	32
き	饋	0	186	32
き	饑	0	186	32
き	馗	0	186	32
き	騏	0	186	32
き	驥	0	186	32
き	鰭	0	186	32
き	麒	0	186	32
き	麾	0	186	32
き	龜	0	186	32
きく	菊	15	186	32
きく	鞠	15	186	32
きく	掬	0	186	32
きく	椈	0	186	32
きく	鞫	0	186	32
きく	麹	0	186	32
きこり	樵	0	186	32
きさき	后	0	186	32
きさき	妃	0	186	32
きざはし	陛	0	186	32
きざはし	階	0	186	32
きし	岸	15	186	32
きし	軋	0	186	32
きし	輾	0	186	32
きじ	雉	0	186	32
きす	鱚	0	186	32
きず	傷	15	186	32
きず	創	0	186	32
きず	瑕	0	186	32
きず	疵	0	186	32
きずな	紲	0	186	32
きずな	絆	0	186	32
きそ	竸	0	186	32
きた	北	15	186	32
きた	來	0	186	32
きだ	段	0	186	32
きち	吉	15	186	32
きち	桔	0	186	32
きっさき	鋒	0	186	32
きつ	吉	15	186	32
きつ	喫	15	186	32
きつ	詰	15	186	32
きつ	乞	0	186	32
きつ	佶	0	186	32
きつ	吃	0	186	32
きつ	屹	0	186	32
きつ	拮	0	186	32
きつ	桔	0	186	32
きつ	橘	0	186	32
きつ	訖	0	186	32
きつ	譎	0	186	32
きつ	迄	0	186	32
きつ	頡	0	186	32
きつね	狐	0	186	32
きづな	絆	0	186	32
きぬ	絹	15	186	32
きぬ	帛	0	186	32
きぬ	衣	0	186	32
きぬた	砧	0	186	32
きぬた	碪	0	186	32
きね	杵	0	186	32
きのえ	甲	0	186	32
きのこ	茸	0	186	32
きのこ	菌	0	186	32
きのこ	蕈	0	186	32
きのと	乙	0	186	32
きば	牙	0	186	32
きび	稷	0	186	32
きび	黍	0	186	32
きびす	踵	0	186	32
きみ	君	15	186	32
きみ	仁	0	186	32
きみ	公	0	186	32
きみ	后	0	186	32
きみ	王	0	186	32
きみ	皇	0	186	32
きも	肝	0	186	32
きも	胆	0	186	32
きも	膽	0	186	32
きゃ	脚	15	186	32
きゃ	伽	0	186	32
きゃく	却	15	186	32
きゃく	客	15	186	32
きゃく	脚	15	186	32
きゃく	卻	0	186	32
きゃく	格	0	186	32
きゃく	謔	0	186	32
きゃく	郤	0	186	32
きゃく	钁	0	186	32
きゃく	隔	0	186	32
きゃん	侠	0	186	32
きゅう	丘	15	186	32
きゅう	久	15	186	32
きゅう	九	15	186	32
きゅう	休	15	186	32
きゅう	及	15	186	32
きゅう	吸	15	186	32
きゅう	宮	15	186	32
きゅう	弓	15	186	32
きゅう	急	15	186	32
きゅう	救	15	186	32
きゅう	旧	15	186	32
きゅう	朽	15	186	32
きゅう	求	15	186	32
きゅう	泣	15	186	32
きゅう	球	15	186	32
きゅう	究	15	186	32
きゅう	窮	15	186	32
きゅう	糾	15	186	32
きゅう	級	15	186	32
きゅう	給	15	186	32
きゅう	仇	0	186	32
きゅう	厩	0	186	32
きゅう	咎	0	186	32
きゅう	嗅	0	186	32
きゅう	岌	0	186	32
きゅう	廏	0	186	32
きゅう	廐	0	186	32
きゅう	恷	0	186	32
きゅう	扱	0	186	32
きゅう	摎	0	186	32
きゅう	柩	0	186	32
きゅう	樛	0	186	32
きゅう	歙	0	186	32
きゅう	毬	0	186	32
きゅう	汲	0	186	32
きゅう	灸	0	186	32
きゅう	烋	0	186	32
きゅう	玖	0	186	32
きゅう	疚	0	186	32
きゅう	皀	0	186	32
きゅう	穹	0	186	32
きゅう	笈	0	186	32
きゅう	糺	0	186	32
きゅう	翕	0	186	32
きゅう	臼	0	186	32
きゅう	舅	0	186	32
きゅう	舊	0	186	32
きゅう	蚯	0	186	32
きゅう	裘	0	186	32
きゅう	貅	0	186	32
きゅう	赳	0	186	32
きゅう	躬	0	186	32
きゅう	逑	0	186	32
きゅう	邱	0	186	32
きゅう	韭	0	186	32
きゅう	韮	0	186	32
きゅう	鬮	0	186	32
きゅう	鳩	0	186	32
きょ	去	15	186	32
きょ	居	15	186	32
きょ	巨	15	186	32
きょ	拒	15	186	32
きょ	拠	15	186	32
きょ	挙	15	186	32
きょ	虚	15	186	32
きょ	許	15	186	32
きょ	距	15	186	32
きょ	倨	0	186	32
きょ	嘘	0	186	32
きょ	墟	0	186	32
きょ	据	0	186	32
きょ	據	0	186	32
きょ	擧	0	186	32
きょ	欅	0	186	32
きょ	歔	0	186	32
きょ	渠	0	186	32
きょ	炬	0	186	32
きょ	秬	0	186	32
きょ	筥	0	186	32
きょ	舉	0	186	32
きょ	苣	0	186	32
きょ	裾	0	186	32
きょ	踞	0	186	32
きょ	遽	0	186	32
きょ	醵	0	186	32
きょ	鉅	0	186	32
きょ	鋸	0	186	32
きょう	享	15	186	32
きょう	京	15	186	32
きょう	供	15	186	32
きょう	兄	15	186	32
きょう	共	15	186	32
きょう	凶	15	186	32
きょう	協	15	186	32
きょう	叫	15	186	32
きょう	境	15	186	32
きょう	峡	15	186	32
きょう	強	15	186	32
きょう	恐	15	186	32
きょう	恭	15	186	32
きょう	挟	15	186	32
きょう	教	15	186	32
きょう	橋	15	186	32
きょう	況	15	186	32
きょう	狂	15	186	32
きょう	狭	15	186	32
きょう	矯	15	186	32
きょう	競	15	186	32
きょう	経	15	186	32
きょう	胸	15	186	32
きょう	脅	15	186	32
きょう	興	15	186	32
きょう	郷	15	186	32
きょう	鏡	15	186	32
きょう	響	15	186	32
きょう	香	15	186	32
きょう	驚	15	186	32
きょう	交	0	186	32
きょう	亨	0	186	32
きょう	亰	0	186	32
きょう	侠	0	186	32
きょう	僑	0	186	32
きょう	僥	0	186	32
きょう	僵	0	186	32
きょう	兇	0	186	32
きょう	兢	0	186	32
きょう	冂	0	186	32
きょう	冏	0	186	32
きょう	况	0	186	32
きょう	刧	0	186	32
きょう	劫	0	186	32
きょう	匈	0	186	32
きょう	匡	0	186	32
きょう	卿	0	186	32
きょう	叶	0	186	32
きょう	向	0	186	32
きょう	喬	0	186	32
きょう	嚮	0	186	32
きょう	夾	0	186	32
きょう	姜	0	186	32
きょう	嬌	0	186	32
きょう	孝	0	186	32
きょう	峺	0	186	32
きょう	峽	0	186	32
きょう	廾	0	186	32
きょう	彊	0	186	32
きょう	徼	0	186	32
きょう	怯	0	186	32
きょう	恊	0	186	32
きょう	恟	0	186	32
きょう	慶	0	186	32
きょう	抂	0	186	32
きょう	拱	0	186	32
きょう	挾	0	186	32
きょう	敬	0	186	32
きょう	景	0	186	32
きょう	暁	0	186	32
きょう	曉	0	186	32
きょう	杏	0	186	32
きょう	校	0	186	32
きょう	框	0	186	32
きょう	梗	0	186	32
きょう	梟	0	186	32
きょう	橇	0	186	32
きょう	橿	0	186	32
きょう	洶	0	186	32
きょう	澆	0	186	32
きょう	狹	0	186	32
きょう	疆	0	186	32
きょう	皎	0	186	32
きょう	矜	0	186	32
きょう	磽	0	186	32
きょう	竅	0	186	32
きょう	竟	0	186	32
きょう	竸	0	186	32
きょう	筐	0	186	32
きょう	筴	0	186	32
きょう	筺	0	186	32
きょう	篋	0	186	32
きょう	經	0	186	32
きょう	繦	0	186	32
きょう	羌	0	186	32
きょう	脇	0	186	32
きょう	莢	0	186	32
きょう	蕎	0	186	32
きょう	薑	0	186	32
きょう	蛩	0	186	32
きょう	蛬	0	186	32
きょう	襁	0	186	32
きょう	誑	0	186	32
きょう	警	0	186	32
きょう	跫	0	186	32
きょう	軽	0	186	32
きょう	輕	0	186	32
きょう	轎	0	186	32
きょう	鋏	0	186	32
きょう	陜	0	186	32
きょう	鞏	0	186	32
きょう	頃	0	186	32
きょう	頬	0	186	32
きょう	饗	0	186	32
きょう	驍	0	186	32
きょう	驕	0	186	32
きょく	局	15	186	32
きょく	曲	15	186	32
きょく	極	15	186	32
きょく	亟	0	186	32
きょく	勗	0	186	32
きょく	旭	0	186	32
きょく	棘	0	186	32
きょく	洫	0	186	32
きょく	蕀	0	186	32
きょく	跼	0	186	32
きょく	閾	0	186	32
きょく	髷	0	186	32
きよ	圭	0	186	32
きよ	浄	0	186	32
きよ	淨	0	186	32
きよ	清	0	186	32
きよ	研	0	186	32
きよ	精	0	186	32
きよ	舜	0	186	32
きよ	雪	0	186	32
きよ	青	0	186	32
きよし	圭	0	186	32
きよし	廉	0	186	32
きよし	忠	0	186	32
きよし	晴	0	186	32
きよし	浄	0	186	32
きよし	淑	0	186	32
きよし	淨	0	186	32
きよし	淳	0	186	32
きよし	清	0	186	32
きよし	潔	0	186	32
きよし	燦	0	186	32
きよし	白	0	186	32
きよし	碧	0	186	32
きよし	精	0	186	32
きり	霧	15	186	32
きり	切	0	186	32
きり	桐	0	186	32
きり	錐	0	186	32
きり	鑚	0	186	32
きり	鑽	0	186	32
きり	限	0	186	32
きれ	巾	0	186	32
きれ	布	0	186	32
きれ	片	0	186	32
きれ	裂	0	186	32
きろぐらむ	瓩	0	186	32
きろめーとる	粁	0	186	32
きろりっとる	竏	0	186	32
きわ	際	15	186	32
きわ	倪	0	186	32
きわた	棉	0	186	32
きん	今	15	186	32
きん	勤	15	186	32
きん	均	15	186	32
きん	斤	15	186	32
きん	琴	15	186	32
きん	禁	15	186	32
きん	筋	15	186	32
きん	緊	15	186	32
きん	菌	15	186	32
きん	襟	15	186	32
きん	謹	15	186	32
きん	近	15	186	32
きん	金	15	186	32
きん	京	0	186	32
きん	亰	0	186	32
きん	僅	0	186	32
きん	公	0	186	32
きん	勸	0	186	32
きん	听	0	186	32
きん	噤	0	186	32
きん	巾	0	186	32
きん	忻	0	186	32
きん	懃	0	186	32
きん	掀	0	186	32
きん	擒	0	186	32
きん	槿	0	186	32
きん	檎	0	186	32
きん	欣	0	186	32
きん	欽	0	186	32
きん	瑾	0	186	32
きん	矜	0	186	32
きん	磬	0	186	32
きん	禽	0	186	32
きん	窘	0	186	32
きん	箘	0	186	32
きん	箟	0	186	32
きん	経	0	186	32
きん	經	0	186	32
きん	芹	0	186	32
きん	菫	0	186	32
きん	衾	0	186	32
きん	衿	0	186	32
きん	覲	0	186	32
きん	訓	0	186	32
きん	軽	0	186	32
きん	輕	0	186	32
きん	釁	0	186	32
きん	釿	0	186	32
きん	鈞	0	186	32
きん	錦	0	186	32
きん	饉	0	186	32
きん	麕	0	186	32
ぎ	偽	15	186	32
ぎ	儀	15	186	32
ぎ	宜	15	186	32
ぎ	戯	15	186	32
ぎ	技	15	186	32
ぎ	擬	15	186	32
ぎ	欺	15	186	32
ぎ	犠	15	186	32
ぎ	疑	15	186	32
ぎ	義	15	186	32
ぎ	議	15	186	32
ぎ	伎	0	186	32
ぎ	僞	0	186	32
ぎ	匱	0	186	32
ぎ	危	0	186	32
ぎ	妓	0	186	32
ぎ	岐	0	186	32
ぎ	嶬	0	186	32
ぎ	嶷	0	186	32
ぎ	巍	0	186	32
ぎ	戲	0	186	32
ぎ	曦	0	186	32
ぎ	毅	0	186	32
ぎ	沂	0	186	32
ぎ	犧	0	186	32
ぎ	礒	0	186	32
ぎ	祁	0	186	32
ぎ	祇	0	186	32
ぎ	羲	0	186	32
ぎ	耆	0	186	32
ぎ	艤	0	186	32
ぎ	萓	0	186	32
ぎ	蟻	0	186	32
ぎ	誼	0	186	32
ぎ	馗	0	186	32
ぎ	魏	0	186	32
ぎつ	屹	0	186	32
ぎゃく	虐	15	186	32
ぎゃく	逆	15	186	32
ぎゃく	瘧	0	186	32
ぎゃく	謔	0	186	32
ぎゅう	牛	15	186	32
ぎゅう	岌	0	186	32
ぎょ	御	15	186	32
ぎょ	漁	15	186	32
ぎょ	魚	15	186	32
ぎょ	圄	0	186	32
ぎょ	圉	0	186	32
ぎょ	禦	0	186	32
ぎょ	語	0	186	32
ぎょ	馭	0	186	32
ぎょう	仰	15	186	32
ぎょう	凝	15	186	32
ぎょう	形	15	186	32
ぎょう	暁	15	186	32
ぎょう	業	15	186	32
ぎょう	行	15	186	32
ぎょう	僥	0	186	32
ぎょう	刑	0	186	32
ぎょう	堯	0	186	32
ぎょう	尭	0	186	32
ぎょう	嶢	0	186	32
ぎょう	徼	0	186	32
ぎょう	曉	0	186	32
ぎょう	杏	0	186	32
ぎょう	楽	0	186	32
ぎょう	樂	0	186	32
ぎょう	澆	0	186	32
ぎょう	翹	0	186	32
ぎょう	蟯	0	186	32
ぎょう	迥	0	186	32
ぎょう	驍	0	186	32
ぎょく	玉	15	186	32
ぎょく	嶷	0	186	32
ぎょく	閠	0	186	32
ぎり	切	0	186	32
ぎん	吟	15	186	32
ぎん	銀	15	186	32
ぎん	听	0	186	32
ぎん	圻	0	186	32
ぎん	垠	0	186	32
ぎん	崟	0	186	32
ぎん	憖	0	186	32
ぎん	懃	0	186	32
ぎん	沂	0	186	32
ぎん	釿	0	186	32
ぎん	齦	0	186	32
く	九	15	186	32
く	供	15	186	32
く	功	15	186	32
く	区	15	186	32
く	口	15	186	32
く	句	15	186	32
く	宮	15	186	32
く	工	15	186	32
く	庫	15	186	32
く	紅	15	186	32
く	苦	15	186	32
く	貢	15	186	32
く	駆	15	186	32
く	駈	15	186	32
く	丘	0	186	32
く	久	0	186	32
く	休	0	186	32
く	佝	0	186	32
く	來	0	186	32
く	倶	0	186	32
く	公	0	186	32
く	具	0	186	32
く	凅	0	186	32
く	劬	0	186	32
く	區	0	186	32
く	吁	0	186	32
く	吼	0	186	32
く	喰	0	186	32
く	垢	0	186	32
く	孔	0	186	32
く	嶇	0	186	32
く	弓	0	186	32
く	惧	0	186	32
く	懼	0	186	32
く	故	0	186	32
く	救	0	186	32
く	旧	0	186	32
く	枸	0	186	32
く	栩	0	186	32
く	煦	0	186	32
く	狗	0	186	32
く	玖	0	186	32
く	皷	0	186	32
く	瞿	0	186	32
く	矩	0	186	32
く	究	0	186	32
く	空	0	186	32
く	窶	0	186	32
く	箜	0	186	32
く	舊	0	186	32
く	蒟	0	186	32
く	虍	0	186	32
く	衢	0	186	32
く	詬	0	186	32
く	躯	0	186	32
く	駒	0	186	32
く	驅	0	186	32
く	鳩	0	186	32
く	鼓	0	186	32
く	齲	0	186	32
くい	杙	0	186	32
くい	杭	0	186	32
くい	灰	0	186	32
くう	空	15	186	32
くう	喰	0	186	32
くう	宮	0	186	32
くう	箜	0	186	32
くう	腔	0	186	32
くが	陸	0	186	32
くき	茎	15	186	32
くき	岫	0	186	32
くき	莖	0	186	32
くぎ	釘	15	186	32
くぐい	鵠	0	186	32
くさ	草	15	186	32
くさ	種	0	186	32
くさ	艸	0	186	32
くさび	楔	0	186	32
くさむら	叢	0	186	32
くさめ	嚏	0	186	32
くさめ	嚔	0	186	32
くさり	鎖	15	186	32
くし	串	0	186	32
くし	梳	0	186	32
くし	櫛	0	186	32
くし	釧	0	186	32
くしゃみ	嚔	0	186	32
くしろ	釧	0	186	32
くじ	籖	0	186	32
くじ	籤	0	186	32
くじ	鬮	0	186	32
くじか	麌	0	186	32
くじら	鯨	15	186	32
くす	楠	0	186	32
くす	樟	0	186	32
くすのき	楠	0	186	32
くすのき	樟	0	186	32
くすり	薬	15	186	32
くすり	藥	0	186	32
くず	屑	0	186	32
くず	葛	0	186	32
くせ	癖	15	186	32
くせ	曲	0	186	32
くそ	屎	0	186	32
くそ	糞	0	186	32
くだ	管	15	186	32
くだり	件	0	186	32
くだり	行	0	186	32
くだん	件	0	186	32
くち	口	15	186	32
くちなし	梔	0	186	32
くちなわ	蛇	0	186	32
くちばし	嘴	0	186	32
くちばし	觜	0	186	32
くちびる	唇	15	186	32
くちびる	脣	0	186	32
くつ	掘	15	186	32
くつ	靴	15	186	32
くつ	倔	0	186	32
くつ	厥	0	186	32
くつ	堀	0	186	32
くつ	屈	0	186	32
くつ	履	0	186	32
くつ	崛	0	186	32
くつ	沓	0	186	32
くつ	窟	0	186	32
くつ	鞜	0	186	32
くつわ	勒	0	186	32
くつわ	轡	0	186	32
くつわ	銜	0	186	32
くて	湫	0	186	32
くに	国	15	186	32
くに	圀	0	186	32
くに	國	0	186	32
くに	洲	0	186	32
くに	邑	0	186	32
くに	邦	0	186	32
くぬぎ	椚	0	186	32
くぬぎ	椡	0	186	32
くぬぎ	檪	0	186	32
くぬぎ	櫟	0	186	32
くぬぎ	櫪	0	186	32
くび	首	15	186	32
くび	頚	0	186	32
くび	頸	0	186	32
くび	馘	0	186	32
くびかせ	鉗	0	186	32
くびき	剄	0	186	32
くびき	軛	0	186	32
くびす	跟	0	186	32
くびす	踵	0	186	32
くぼ	窪	0	186	32
くま	熊	0	186	32
くま	阿	0	186	32
くま	隅	0	186	32
くま	隈	0	186	32
くまたか	鶻	0	186	32
くみ	組	15	186	32
くみ	与	0	186	32
くみ	與	0	186	32
くめ	粂	0	186	32
くも	雲	15	186	32
くもり	曇	0	186	32
くら	倉	15	186	32
くら	蔵	15	186	32
くら	峅	0	186	32
くら	庫	0	186	32
くら	藏	0	186	32
くら	鞍	0	186	32
くらい	位	15	186	32
くり	栗	0	186	32
くり	繰	0	186	32
くりや	厨	0	186	32
くりや	廚	0	186	32
くるぶし	踝	0	186	32
くるま	車	15	186	32
くるま	俥	0	186	32
くるる	枢	0	186	32
くるる	樞	0	186	32
くるわ	廓	0	186	32
くるわ	郛	0	186	32
くるわ	郭	0	186	32
くれ	呉	0	186	32
くれ	暮	0	186	32
くれ	榑	0	186	32
くれない	紅	15	186	32
くろ	黒	15	186	32
くろ	玄	0	186	32
くろ	畔	0	186	32
くろがね	鉄	0	186	32
くろがね	銕	0	186	32
くろがね	鐡	0	186	32
くろがね	鐵	0	186	32
くわ	桑	15	186	32
くわ	鍬	0	186	32
くん	勲	15	186	32
くん	君	15	186	32
くん	薫	15	186	32
くん	訓	15	186	32
くん	勳	0	186	32
くん	桾	0	186	32
くん	熏	0	186	32
くん	燻	0	186	32
くん	皸	0	186	32
くん	皹	0	186	32
くん	羣	0	186	32
くん	群	0	186	32
くん	葷	0	186	32
くん	裙	0	186	32
くん	軍	0	186	32
くん	醺	0	186	32
くん	麕	0	186	32
ぐ	具	15	186	32
ぐ	愚	15	186	32
ぐ	供	0	186	32
ぐ	倶	0	186	32
ぐ	偶	0	186	32
ぐ	吽	0	186	32
ぐ	寓	0	186	32
ぐ	嵎	0	186	32
ぐ	弘	0	186	32
ぐ	惧	0	186	32
ぐ	懼	0	186	32
ぐ	救	0	186	32
ぐ	求	0	186	32
ぐ	禺	0	186	32
ぐ	紅	0	186	32
ぐ	藕	0	186	32
ぐ	虞	0	186	32
ぐ	逅	0	186	32
ぐ	遇	0	186	32
ぐ	隅	0	186	32
ぐ	颶	0	186	32
ぐ	麌	0	186	32
ぐう	偶	15	186	32
ぐう	宮	15	186	32
ぐう	遇	15	186	32
ぐう	隅	15	186	32
ぐう	寓	0	186	32
ぐう	嵎	0	186	32
ぐう	禺	0	186	32
ぐう	窮	0	186	32
ぐう	藕	0	186	32
ぐさ	草	0	186	32
ぐらい	位	126	186	32
ぐらむ	瓦	0	186	32
ぐん	群	15	186	32
ぐん	軍	15	186	32
ぐん	郡	15	186	32
ぐん	琿	0	186	32
ぐん	羣	0	186	32
け	仮	15	186	32
け	化	15	186	32
け	家	15	186	32
け	懸	15	186	32
け	毛	15	186	32
け	気	15	186	32
け	華	15	186	32
け	ヶ	0	186	32
け	佳	0	186	32
け	假	0	186	32
け	傀	0	186	32
け	價	0	186	32
け	卦	0	186	32
け	希	0	186	32
け	廨	0	186	32
け	快	0	186	32
け	怪	0	186	32
け	恠	0	186	32
け	悔	0	186	32
け	懈	0	186	32
け	戯	0	186	32
け	戲	0	186	32
け	挂	0	186	32
け	掛	0	186	32
け	旡	0	186	32
け	晞	0	186	32
け	气	0	186	32
け	氣	0	186	32
け	異	0	186	32
け	祁	0	186	32
け	稀	0	186	32
け	笥	0	186	32
け	繋	0	186	32
け	罫	0	186	32
け	芥	0	186	32
け	花	0	186	32
け	袈	0	186	32
け	褻	0	186	32
け	餉	0	186	32
けい	京	15	186	32
けい	係	15	186	32
けい	傾	15	186	32
けい	兄	15	186	32
けい	刑	15	186	32
けい	啓	15	186	32
けい	型	15	186	32
けい	境	15	186	32
けい	契	15	186	32
けい	形	15	186	32
けい	径	15	186	32
けい	恵	15	186	32
けい	慶	15	186	32
けい	憩	15	186	32
けい	掲	15	186	32
けい	携	15	186	32
けい	敬	15	186	32
けい	景	15	186	32
けい	渓	15	186	32
けい	競	15	186	32
けい	系	15	186	32
けい	経	15	186	32
けい	継	15	186	32
けい	茎	15	186	32
けい	蛍	15	186	32
けい	計	15	186	32
けい	警	15	186	32
けい	軽	15	186	32
けい	鶏	15	186	32
けい	亰	0	186	32
けい	佳	0	186	32
けい	偈	0	186	32
けい	兮	0	186	32
けい	冂	0	186	32
けい	冏	0	186	32
けい	剄	0	186	32
けい	勁	0	186	32
けい	勍	0	186	32
けい	匸	0	186	32
けい	卿	0	186	32
けい	圭	0	186	32
けい	夐	0	186	32
けい	奎	0	186	32
けい	奚	0	186	32
けい	彑	0	186	32
けい	徑	0	186	32
けい	惠	0	186	32
けい	慧	0	186	32
けい	憇	0	186	32
けい	憬	0	186	32
けい	挂	0	186	32
けい	挈	0	186	32
けい	掛	0	186	32
けい	攜	0	186	32
けい	枅	0	186	32
けい	桂	0	186	32
けい	檠	0	186	32
けい	溪	0	186	32
けい	炯	0	186	32
けい	烱	0	186	32
けい	煢	0	186	32
けい	珪	0	186	32
けい	瓊	0	186	32
けい	畦	0	186	32
けい	痙	0	186	32
けい	盻	0	186	32
けい	硅	0	186	32
けい	磬	0	186	32
けい	禊	0	186	32
けい	稽	0	186	32
けい	竟	0	186	32
けい	竸	0	186	32
けい	笄	0	186	32
けい	絅	0	186	32
けい	經	0	186	32
けい	綮	0	186	32
けい	繋	0	186	32
けい	繼	0	186	32
けい	罫	0	186	32
けい	脛	0	186	32
けい	荊	0	186	32
けい	莖	0	186	32
けい	薊	0	186	32
けい	螢	0	186	32
けい	袿	0	186	32
けい	詣	0	186	32
けい	謦	0	186	32
けい	谿	0	186	32
けい	蹊	0	186	32
けい	輕	0	186	32
けい	迥	0	186	32
けい	逕	0	186	32
けい	醯	0	186	32
けい	閨	0	186	32
けい	頃	0	186	32
けい	頚	0	186	32
けい	頸	0	186	32
けい	馨	0	186	32
けい	髻	0	186	32
けい	鮭	0	186	32
けい	鯨	0	186	32
けい	鷄	0	186	32
けい	黥	0	186	32
けき	劇	0	186	32
けき	喫	0	186	32
けき	屐	0	186	32
けき	戟	0	186	32
けき	撃	0	186	32
けき	檄	0	186	32
けき	激	0	186	32
けき	覡	0	186	32
けき	郤	0	186	32
けき	闃	0	186	32
けき	隙	0	186	32
けき	鬩	0	186	32
けき	鴃	0	186	32
けき	鵙	0	186	32
けさ	畩	0	186	32
けた	桁	0	186	32
けだもの	獣	0	186	32
けだもの	獸	0	186	32
けち	刔	0	186	32
けち	結	0	186	32
けち	纈	0	186	32
けち	血	0	186	32
けつ	傑	15	186	32
けつ	欠	15	186	32
けつ	決	15	186	32
けつ	潔	15	186	32
けつ	穴	15	186	32
けつ	結	15	186	32
けつ	血	15	186	32
けつ	亅	0	186	32
けつ	偈	0	186	32
けつ	决	0	186	32
けつ	刔	0	186	32
けつ	厥	0	186	32
けつ	囓	0	186	32
けつ	夬	0	186	32
けつ	孑	0	186	32
けつ	抉	0	186	32
けつ	挈	0	186	32
けつ	杰	0	186	32
けつ	桀	0	186	32
けつ	桔	0	186	32
けつ	楔	0	186	32
けつ	歇	0	186	32
けつ	獗	0	186	32
けつ	碣	0	186	32
けつ	竭	0	186	32
けつ	纈	0	186	32
けつ	缺	0	186	32
けつ	羯	0	186	32
けつ	蕨	0	186	32
けつ	蠍	0	186	32
けつ	襭	0	186	32
けつ	訐	0	186	32
けつ	訣	0	186	32
けつ	譎	0	186	32
けつ	蹶	0	186	32
けつ	闕	0	186	32
けつ	頁	0	186	32
けつ	頡	0	186	32
けつ	鴃	0	186	32
けぬき	鑷	0	186	32
けば	毳	0	186	32
けむ	煙	0	186	32
けむり	煙	15	186	32
けむり	烟	0	186	32
けもの	獣	15	186	32
けもの	獸	0	186	32
けやき	欅	0	186	32
けり	鳧	0	186	32
けり	鳬	0	186	32
けわ	險	0	186	32
けん	件	15	186	32
けん	倹	15	186	32
けん	健	15	186	32
けん	兼	15	186	32
けん	券	15	186	32
けん	剣	15	186	32
けん	圏	15	186	32
けん	堅	15	186	32
けん	嫌	15	186	32
けん	建	15	186	32
けん	憲	15	186	32
けん	懸	15	186	32
けん	検	15	186	32
けん	権	15	186	32
けん	犬	15	186	32
けん	献	15	186	32
けん	県	15	186	32
けん	研	15	186	32
けん	絹	15	186	32
けん	繭	15	186	32
けん	肩	15	186	32
けん	見	15	186	32
けん	謙	15	186	32
けん	賢	15	186	32
けん	軒	15	186	32
けん	遣	15	186	32
けん	間	15	186	32
けん	険	15	186	32
けん	顕	15	186	32
けん	験	15	186	32
けん	乾	0	186	32
けん	俔	0	186	32
けん	倦	0	186	32
けん	儉	0	186	32
けん	剱	0	186	32
けん	劍	0	186	32
けん	劒	0	186	32
けん	劔	0	186	32
けん	劵	0	186	32
けん	勧	0	186	32
けん	卷	0	186	32
けん	呟	0	186	32
けん	喧	0	186	32
けん	圈	0	186	32
けん	夐	0	186	32
けん	妍	0	186	32
けん	娟	0	186	32
けん	嶮	0	186	32
けん	巻	0	186	32
けん	幵	0	186	32
けん	悁	0	186	32
けん	惓	0	186	32
けん	愃	0	186	32
けん	愆	0	186	32
けん	慊	0	186	32
けん	慳	0	186	32
けん	拳	0	186	32
けん	捲	0	186	32
けん	掀	0	186	32
けん	揀	0	186	32
けん	搴	0	186	32
けん	暄	0	186	32
けん	柬	0	186	32
けん	椦	0	186	32
けん	檢	0	186	32
けん	權	0	186	32
けん	歉	0	186	32
けん	涓	0	186	32
けん	煖	0	186	32
けん	牽	0	186	32
けん	狷	0	186	32
けん	獻	0	186	32
けん	甄	0	186	32
けん	痃	0	186	32
けん	監	0	186	32
けん	眷	0	186	32
けん	瞼	0	186	32
けん	硯	0	186	32
けん	筧	0	186	32
けん	箝	0	186	32
けん	簡	0	186	32
けん	絢	0	186	32
けん	綣	0	186	32
けん	縣	0	186	32
けん	繝	0	186	32
けん	羂	0	186	32
けん	腱	0	186	32
けん	臉	0	186	32
けん	萱	0	186	32
けん	蒹	0	186	32
けん	虔	0	186	32
けん	蜆	0	186	32
けん	蜷	0	186	32
けん	諠	0	186	32
けん	謇	0	186	32
けん	譴	0	186	32
けん	讙	0	186	32
けん	蹇	0	186	32
けん	釼	0	186	32
けん	鉉	0	186	32
けん	鉗	0	186	32
けん	鍵	0	186	32
けん	險	0	186	32
けん	顯	0	186	32
けん	顴	0	186	32
けん	騫	0	186	32
けん	驗	0	186	32
けん	鰹	0	186	32
けん	鵑	0	186	32
けん	鹸	0	186	32
けん	黔	0	186	32
げ	下	15	186	32
げ	夏	15	186	32
げ	外	15	186	32
げ	解	15	186	32
げ	乂	0	186	32
げ	偈	0	186	32
げ	懈	0	186	32
げ	戯	0	186	32
げ	戲	0	186	32
げ	牙	0	186	32
げ	碍	0	186	32
げ	礙	0	186	32
げ	芽	0	186	32
げ	華	0	186	32
げ	觧	0	186	32
げ	訝	0	186	32
げい	芸	15	186	32
げい	迎	15	186	32
げい	鯨	15	186	32
げい	倪	0	186	32
げい	兒	0	186	32
げい	囈	0	186	32
げい	猊	0	186	32
げい	睨	0	186	32
げい	藝	0	186	32
げい	詣	0	186	32
げい	貎	0	186	32
げい	霓	0	186	32
げい	鯢	0	186	32
げい	麑	0	186	32
げい	黥	0	186	32
げき	劇	15	186	32
げき	撃	15	186	32
げき	激	15	186	32
げき	屐	0	186	32
げき	戟	0	186	32
げき	檄	0	186	32
げき	覡	0	186	32
げき	逆	0	186	32
げき	郤	0	186	32
げき	闃	0	186	32
げき	隙	0	186	32
げき	鬩	0	186	32
げき	鴃	0	186	32
げき	鵙	0	186	32
げき	鷁	0	186	32
げつ	月	15	186	32
げつ	囓	0	186	32
げつ	孑	0	186	32
げつ	蘖	0	186	32
げつ	齧	0	186	32
げん	元	15	186	32
げん	原	15	186	32
げん	厳	15	186	32
げん	嫌	15	186	32
げん	幻	15	186	32
げん	弦	15	186	32
げん	減	15	186	32
げん	源	15	186	32
げん	玄	15	186	32
げん	現	15	186	32
げん	眼	15	186	32
げん	言	15	186	32
げん	限	15	186	32
げん	験	15	186	32
げん	儼	0	186	32
げん	呟	0	186	32
げん	咸	0	186	32
げん	嚴	0	186	32
げん	妍	0	186	32
げん	嫺	0	186	32
げん	嫻	0	186	32
げん	广	0	186	32
げん	彦	0	186	32
げん	患	0	186	32
げん	愿	0	186	32
げん	拳	0	186	32
げん	監	0	186	32
げん	眩	0	186	32
げん	研	0	186	32
げん	硯	0	186	32
げん	絃	0	186	32
げん	舷	0	186	32
げん	芫	0	186	32
げん	衒	0	186	32
げん	見	0	186	32
げん	訝	0	186	32
げん	諺	0	186	32
げん	豢	0	186	32
げん	賢	0	186	32
げん	還	0	186	32
げん	鉉	0	186	32
げん	阮	0	186	32
げん	驗	0	186	32
こ	個	15	186	32
こ	去	15	186	32
こ	古	15	186	32
こ	呼	15	186	32
こ	固	15	186	32
こ	子	15	186	32
こ	孤	15	186	32
こ	小	15	186	32
こ	己	15	186	32
こ	庫	15	186	32
こ	弧	15	186	32
こ	戸	15	186	32
こ	拠	15	186	32
こ	故	15	186	32
こ	木	15	186	32
こ	枯	15	186	32
こ	湖	15	186	32
こ	粉	15	186	32
こ	虚	15	186	32
こ	誇	15	186	32
こ	雇	15	186	32
こ	顧	15	186	32
こ	黄	15	186	32
こ	鼓	15	186	32
こ	个	0	186	32
こ	乎	0	186	32
こ	乕	0	186	32
こ	仔	0	186	32
こ	估	0	186	32
こ	倨	0	186	32
こ	児	0	186	32
こ	兒	0	186	32
こ	冱	0	186	32
こ	凅	0	186	32
こ	刳	0	186	32
こ	呱	0	186	32
こ	壷	0	186	32
こ	壺	0	186	32
こ	夸	0	186	32
こ	姑	0	186	32
こ	居	0	186	32
こ	巨	0	186	32
こ	怙	0	186	32
こ	扈	0	186	32
こ	挙	0	186	32
こ	據	0	186	32
こ	杞	0	186	32
こ	柧	0	186	32
こ	桍	0	186	32
こ	楜	0	186	32
こ	沍	0	186	32
こ	沽	0	186	32
こ	涸	0	186	32
こ	滬	0	186	32
こ	滸	0	186	32
こ	火	0	186	32
こ	炬	0	186	32
こ	狐	0	186	32
こ	琥	0	186	32
こ	瑚	0	186	32
こ	瓠	0	186	32
こ	痼	0	186	32
こ	皷	0	186	32
こ	瞽	0	186	32
こ	箇	0	186	32
こ	箍	0	186	32
こ	篭	0	186	32
こ	籠	0	186	32
こ	粐	0	186	32
こ	糊	0	186	32
こ	罟	0	186	32
こ	股	0	186	32
こ	胡	0	186	32
こ	胯	0	186	32
こ	菰	0	186	32
こ	葫	0	186	32
こ	虍	0	186	32
こ	虎	0	186	32
こ	蛄	0	186	32
こ	蝴	0	186	32
こ	蠱	0	186	32
こ	袴	0	186	32
こ	觚	0	186	32
こ	許	0	186	32
こ	詁	0	186	32
こ	賈	0	186	32
こ	跨	0	186	32
こ	踞	0	186	32
こ	踰	0	186	32
こ	辜	0	186	32
こ	込	0	186	32
こ	鈷	0	186	32
こ	錮	0	186	32
こ	餬	0	186	32
こ	鯱	0	186	32
こ	鴣	0	186	32
こい	恋	15	186	32
こい	戀	0	186	32
こい	鯉	0	186	32
こいねが	冀	0	186	32
こう	交	15	186	32
こう	仰	15	186	32
こう	侯	15	186	32
こう	候	15	186	32
こう	光	15	186	32
こう	公	15	186	32
こう	功	15	186	32
こう	効	15	186	32
こう	厚	15	186	32
こう	口	15	186	32
こう	后	15	186	32
こう	向	15	186	32
こう	坑	15	186	32
こう	好	15	186	32
こう	孔	15	186	32
こう	孝	15	186	32
こう	工	15	186	32
こう	巧	15	186	32
こう	幸	15	186	32
こう	広	15	186	32
こう	康	15	186	32
こう	後	15	186	32
こう	恒	15	186	32
こう	慌	15	186	32
こう	抗	15	186	32
こう	拘	15	186	32
こう	控	15	186	32
こう	攻	15	186	32
こう	更	15	186	32
こう	校	15	186	32
こう	格	15	186	32
こう	構	15	186	32
こう	江	15	186	32
こう	洪	15	186	32
こう	港	15	186	32
こう	溝	15	186	32
こう	甲	15	186	32
こう	皇	15	186	32
こう	砿	15	186	32
こう	硬	15	186	32
こう	神	15	186	32
こう	稿	15	186	32
こう	紅	15	186	32
こう	絞	15	186	32
こう	綱	15	186	32
こう	考	15	186	32
こう	耕	15	186	32
こう	耗	15	186	32
こう	肯	15	186	32
こう	興	15	186	32
こう	航	15	186	32
こう	荒	15	186	32
こう	行	15	186	32
こう	衡	15	186	32
こう	講	15	186	32
こう	貢	15	186	32
こう	購	15	186	32
こう	郊	15	186	32
こう	酵	15	186	32
こう	鉱	15	186	32
こう	鋼	15	186	32
こう	降	15	186	32
こう	項	15	186	32
こう	香	15	186	32
こう	高	15	186	32
こう	黄	15	186	32
こう	丱	0	186	32
こう	亘	0	186	32
こう	亙	0	186	32
こう	亢	0	186	32
こう	伉	0	186	32
こう	佝	0	186	32
こう	佼	0	186	32
こう	倖	0	186	32
こう	倥	0	186	32
こう	傚	0	186	32
こう	冓	0	186	32
こう	冦	0	186	32
こう	凰	0	186	32
こう	刧	0	186	32
こう	剛	0	186	32
こう	劫	0	186	32
こう	勾	0	186	32
こう	匣	0	186	32
こう	叩	0	186	32
こう	合	0	186	32
こう	吭	0	186	32
こう	吼	0	186	32
こう	吽	0	186	32
こう	告	0	186	32
こう	呷	0	186	32
こう	咎	0	186	32
こう	咬	0	186	32
こう	哄	0	186	32
こう	哮	0	186	32
こう	哽	0	186	32
こう	啌	0	186	32
こう	喉	0	186	32
こう	嚆	0	186	32
こう	嚮	0	186	32
こう	垢	0	186	32
こう	堽	0	186	32
こう	塙	0	186	32
こう	壙	0	186	32
こう	媾	0	186	32
こう	嫦	0	186	32
こう	宏	0	186	32
こう	寇	0	186	32
こう	尻	0	186	32
こう	岡	0	186	32
こう	岬	0	186	32
こう	峇	0	186	32
こう	峡	0	186	32
こう	峺	0	186	32
こう	峽	0	186	32
こう	崗	0	186	32
こう	巷	0	186	32
こう	幌	0	186	32
こう	庚	0	186	32
こう	廣	0	186	32
こう	弘	0	186	32
こう	徨	0	186	32
こう	怐	0	186	32
こう	恆	0	186	32
こう	恍	0	186	32
こう	恰	0	186	32
こう	恷	0	186	32
こう	惶	0	186	32
こう	慷	0	186	32
こう	扛	0	186	32
こう	扣	0	186	32
こう	拷	0	186	32
こう	搆	0	186	32
こう	撹	0	186	32
こう	攪	0	186	32
こう	攷	0	186	32
こう	效	0	186	32
こう	敲	0	186	32
こう	昂	0	186	32
こう	昊	0	186	32
こう	昿	0	186	32
こう	晃	0	186	32
こう	晄	0	186	32
こう	晧	0	186	32
こう	曠	0	186	32
こう	杠	0	186	32
こう	杭	0	186	32
こう	杲	0	186	32
こう	枸	0	186	32
こう	栲	0	186	32
こう	桁	0	186	32
こう	梗	0	186	32
こう	棡	0	186	32
こう	椌	0	186	32
こう	槁	0	186	32
こう	槓	0	186	32
こう	槹	0	186	32
こう	汞	0	186	32
こう	泓	0	186	32
こう	洸	0	186	32
こう	洽	0	186	32
こう	浤	0	186	32
こう	浩	0	186	32
こう	淆	0	186	32
こう	湊	0	186	32
こう	湟	0	186	32
こう	溘	0	186	32
こう	滉	0	186	32
こう	烋	0	186	32
こう	煌	0	186	32
こう	熕	0	186	32
こう	爻	0	186	32
こう	犒	0	186	32
こう	狎	0	186	32
こう	狡	0	186	32
こう	狭	0	186	32
こう	狹	0	186	32
こう	猴	0	186	32
こう	畊	0	186	32
こう	皋	0	186	32
こう	皎	0	186	32
こう	皐	0	186	32
こう	皓	0	186	32
こう	盍	0	186	32
こう	盒	0	186	32
こう	睾	0	186	32
こう	矼	0	186	32
こう	磽	0	186	32
こう	礦	0	186	32
こう	稾	0	186	32
こう	窖	0	186	32
こう	篁	0	186	32
こう	篌	0	186	32
こう	篝	0	186	32
こう	簧	0	186	32
こう	粳	0	186	32
こう	糠	0	186	32
こう	紘	0	186	32
こう	絋	0	186	32
こう	絎	0	186	32
こう	絖	0	186	32
こう	絳	0	186	32
こう	縞	0	186	32
こう	纐	0	186	32
こう	缸	0	186	32
こう	羔	0	186	32
こう	羮	0	186	32
こう	羹	0	186	32
こう	耿	0	186	32
こう	肓	0	186	32
こう	肛	0	186	32
こう	肱	0	186	32
こう	肴	0	186	32
こう	胛	0	186	32
こう	胱	0	186	32
こう	腔	0	186	32
こう	膏	0	186	32
こう	膠	0	186	32
こう	苟	0	186	32
こう	茎	0	186	32
こう	莖	0	186	32
こう	蒿	0	186	32
こう	薨	0	186	32
こう	藁	0	186	32
こう	虹	0	186	32
こう	蚣	0	186	32
こう	蛟	0	186	32
こう	蛤	0	186	32
こう	蝗	0	186	32
こう	袷	0	186	32
こう	覯	0	186	32
こう	訌	0	186	32
こう	詬	0	186	32
こう	誥	0	186	32
こう	軣	0	186	32
こう	較	0	186	32
こう	轟	0	186	32
こう	逅	0	186	32
こう	遑	0	186	32
こう	遘	0	186	32
こう	釦	0	186	32
こう	鈎	0	186	32
こう	鉤	0	186	32
こう	鍠	0	186	32
こう	鎬	0	186	32
こう	鏗	0	186	32
こう	鑛	0	186	32
こう	閘	0	186	32
こう	閤	0	186	32
こう	閧	0	186	32
こう	闔	0	186	32
こう	隍	0	186	32
こう	靠	0	186	32
こう	頏	0	186	32
こう	餃	0	186	32
こう	鬨	0	186	32
こう	鮫	0	186	32
こう	鰉	0	186	32
こう	鱇	0	186	32
こう	鴻	0	186	32
こう	鴿	0	186	32
こう	鵁	0	186	32
こう	鵠	0	186	32
こう	黌	0	186	32
こうがい	笄	0	186	32
こうし	犢	0	186	32
こうじ	糀	0	186	32
こうじ	麹	0	186	32
こうぞ	楮	0	186	32
こうのとり	鸛	0	186	32
こうべ	頭	0	186	32
こうべ	首	0	186	32
こえ	声	15	186	32
こえ	肥	15	186	32
こえ	聲	0	186	32
こおり	氷	15	186	32
こおり	冰	0	186	32
こおり	郡	0	186	32
こおろぎ	蛩	0	186	32
こおろぎ	蛬	0	186	32
こがね	金	0	186	32
こがらし	凩	0	186	32
こく	克	15	186	32
こく	告	15	186	32
こく	国	15	186	32
こく	石	15	186	32
こく	穀	15	186	32
こく	谷	15	186	32
こく	酷	15	186	32
こく	黒	15	186	32
こく	刻	0	186	32
こく	剋	0	186	32
こく	哭	0	186	32
こく	囗	0	186	32
こく	圀	0	186	32
こく	國	0	186	32
こく	寉	0	186	32
こく	尅	0	186	32
こく	斛	0	186	32
こく	曲	0	186	32
こく	梏	0	186	32
こく	槲	0	186	32
こく	轂	0	186	32
こく	釛	0	186	32
こく	鵠	0	186	32
こけ	苔	0	186	32
こけ	蘚	0	186	32
ここ	是	0	186	32
ここ	此	0	186	32
ここ	焉	0	186	32
ここ	茲	0	186	32
ここの	九	15	186	32
こころ	心	15	186	32
こころ	情	0	186	32
こころざし	志	15	186	32
こし	腰	15	186	32
こし	越	0	186	32
こし	輿	0	186	32
こしき	甑	0	186	32
こしき	轂	0	186	32
こじり	鐺	0	186	32
こずえ	杪	0	186	32
こずえ	梢	0	186	32
こたえ	答	0	186	32
こだま	谺	0	186	32
こち	鯒	0	186	32
こつ	骨	15	186	32
こつ	乞	0	186	32
こつ	兀	0	186	32
こつ	忽	0	186	32
こつ	惚	0	186	32
こつ	榾	0	186	32
こつ	滑	0	186	32
こつ	笏	0	186	32
こつ	鶻	0	186	32
こて	鏝	0	186	32
こと	事	15	186	32
こと	殊	15	186	32
こと	琴	15	186	32
こと	異	15	186	32
こと	言	15	186	32
こと	亊	0	186	32
こと	筝	0	186	32
こと	箏	0	186	32
こと	誼	0	186	32
ことさら	故	0	186	32
ことば	詞	0	186	32
ことば	辞	0	186	32
ことば	辭	0	186	32
ことぶき	寿	15	186	32
ことぶき	壽	0	186	32
ことわざ	諺	0	186	32
ことわり	理	0	186	32
こな	粉	15	186	32
こなまず	鮠	0	186	32
この	是	0	186	32
このしろ	鮗	0	186	32
こはぜ	鞐	0	186	32
こひつじ	羔	0	186	32
こび	媚	0	186	32
こぶ	瘤	0	186	32
こぶし	拳	0	186	32
こま	狛	0	186	32
こま	駒	0	186	32
こま	齣	0	186	32
こみ	込	0	186	32
こみち	径	0	186	32
こみち	徑	0	186	32
こみち	蹊	0	186	32
こみち	逕	0	186	32
こむ	込	0	186	32
こむら	腓	0	186	32
こめ	米	15	186	32
こも	菰	0	186	32
こも	薦	0	186	32
こよみ	暦	15	186	32
こら	怺	0	186	32
こらえる	怺	0	186	32
こり	梱	0	186	32
これ	之	0	186	32
これ	伊	0	186	32
これ	惟	0	186	32
これ	是	0	186	32
これ	此	0	186	32
これ	維	0	186	32
ころ	比	0	186	32
ころ	頃	0	186	32
ころも	衣	15	186	32
こわ	声	15	186	32
こわ	聲	0	186	32
こん	今	15	186	32
こん	困	15	186	32
こん	墾	15	186	32
こん	婚	15	186	32
こん	建	15	186	32
こん	恨	15	186	32
こん	懇	15	186	32
こん	昆	15	186	32
こん	根	15	186	32
こん	混	15	186	32
こん	献	15	186	32
こん	紺	15	186	32
こん	金	15	186	32
こん	魂	15	186	32
こん	健	0	186	32
こん	坤	0	186	32
こん	壼	0	186	32
こん	崑	0	186	32
こん	很	0	186	32
こん	忻	0	186	32
こん	悃	0	186	32
こん	昏	0	186	32
こん	梱	0	186	32
こん	棍	0	186	32
こん	棔	0	186	32
こん	欣	0	186	32
こん	渾	0	186	32
こん	溷	0	186	32
こん	滾	0	186	32
こん	焜	0	186	32
こん	狠	0	186	32
こん	獻	0	186	32
こん	琿	0	186	32
こん	痕	0	186	32
こん	禁	0	186	32
こん	艮	0	186	32
こん	菎	0	186	32
こん	蒟	0	186	32
こん	袞	0	186	32
こん	褌	0	186	32
こん	諢	0	186	32
こん	跟	0	186	32
こん	近	0	186	32
こん	鯀	0	186	32
こん	鯤	0	186	32
こん	鶤	0	186	32
ご	互	15	186	32
ご	五	15	186	32
ご	午	15	186	32
ご	呉	15	186	32
ご	娯	15	186	32
ご	後	15	186	32
ご	御	15	186	32
ご	悟	15	186	32
ご	期	15	186	32
ご	碁	15	186	32
ご	語	15	186	32
ご	誤	15	186	32
ご	護	15	186	32
ご	伍	0	186	32
ご	冱	0	186	32
ご	冴	0	186	32
ご	后	0	186	32
ご	吾	0	186	32
ご	唔	0	186	32
ご	圄	0	186	32
ご	圉	0	186	32
ご	宕	0	186	32
ご	寤	0	186	32
ご	忤	0	186	32
ご	晤	0	186	32
ご	朞	0	186	32
ご	梧	0	186	32
ご	檎	0	186	32
ご	沍	0	186	32
ご	牛	0	186	32
ご	牾	0	186	32
ご	珸	0	186	32
ご	瑚	0	186	32
ご	篌	0	186	32
ご	胡	0	186	32
ご	茣	0	186	32
ご	蜈	0	186	32
ご	醐	0	186	32
ご	齬	0	186	32
ごう	剛	15	186	32
ごう	号	15	186	32
ごう	合	15	186	32
ごう	強	15	186	32
ごう	拷	15	186	32
ごう	業	15	186	32
ごう	豪	15	186	32
ごう	郷	15	186	32
ごう	仰	0	186	32
ごう	傲	0	186	32
ごう	刧	0	186	32
ごう	劫	0	186	32
ごう	匣	0	186	32
ごう	吽	0	186	32
ごう	咬	0	186	32
ごう	哈	0	186	32
ごう	嗷	0	186	32
ごう	噛	0	186	32
ごう	囂	0	186	32
ごう	壕	0	186	32
ごう	恆	0	186	32
ごう	恒	0	186	32
ごう	敖	0	186	32
ごう	昂	0	186	32
ごう	晧	0	186	32
ごう	毫	0	186	32
ごう	江	0	186	32
ごう	濠	0	186	32
ごう	熬	0	186	32
ごう	盒	0	186	32
ごう	硬	0	186	32
ごう	號	0	186	32
ごう	螯	0	186	32
ごう	軣	0	186	32
ごう	轟	0	186	32
ごう	迎	0	186	32
ごう	遨	0	186	32
ごう	降	0	186	32
ごう	鰲	0	186	32
ごう	鼇	0	186	32
ごおり	郡	0	186	32
ごく	極	15	186	32
ごく	獄	15	186	32
ござ	蓙	0	186	32
ごし	腰	0	186	32
ごつ	兀	0	186	32
ごと	如	0	186	32
ごと	毎	0	186	32
ごみ	埖	0	186	32
ごみ	塵	0	186	32
ごみ	芥	0	186	32
ごり	鮴	0	186	32
ごん	勤	15	186	32
ごん	厳	15	186	32
ごん	権	15	186	32
ごん	言	15	186	32
ごん	勸	0	186	32
ごん	含	0	186	32
ごん	嚴	0	186	32
ごん	垠	0	186	32
ごん	懃	0	186	32
ごん	權	0	186	32
ごん	欣	0	186	32
ごん	琴	0	186	32
ごん	艮	0	186	32
ごん	諢	0	186	32
ごん	近	0	186	32
ごん	魂	0	186	32
さ	佐	15	186	32
さ	作	15	186	32
さ	再	15	186	32
さ	唆	15	186	32
さ	左	15	186	32
さ	差	15	186	32
さ	査	15	186	32
さ	砂	15	186	32
さ	茶	15	186	32
さ	詐	15	186	32
さ	鎖	15	186	32
さ	乍	0	186	32
さ	些	0	186	32
さ	做	0	186	32
さ	叉	0	186	32
さ	嗄	0	186	32
さ	嗟	0	186	32
さ	娑	0	186	32
さ	小	0	186	32
さ	岔	0	186	32
さ	嵯	0	186	32
さ	嵳	0	186	32
さ	扠	0	186	32
さ	挫	0	186	32
さ	搓	0	186	32
さ	早	0	186	32
さ	柤	0	186	32
さ	梭	0	186	32
さ	槎	0	186	32
さ	沙	0	186	32
さ	渣	0	186	32
さ	狭	0	186	32
さ	瑣	0	186	32
さ	瑳	0	186	32
さ	磋	0	186	32
さ	簑	0	186	32
さ	簔	0	186	32
さ	紗	0	186	32
さ	縒	0	186	32
さ	莎	0	186	32
さ	蓑	0	186	32
さ	裟	0	186	32
さ	蹉	0	186	32
さ	釵	0	186	32
さ	鮓	0	186	32
さ	鯊	0	186	32
さい	催	15	186	32
さい	債	15	186	32
さい	再	15	186	32
さい	切	15	186	32
さい	妻	15	186	32
さい	宰	15	186	32
さい	彩	15	186	32
さい	才	15	186	32
さい	採	15	186	32
さい	斎	15	186	32
さい	最	15	186	32
さい	栽	15	186	32
さい	歳	15	186	32
さい	殺	15	186	32
さい	済	15	186	32
さい	災	15	186	32
さい	砕	15	186	32
さい	祭	15	186	32
さい	細	15	186	32
さい	菜	15	186	32
さい	裁	15	186	32
さい	西	15	186	32
さい	財	15	186	32
さい	載	15	186	32
さい	際	15	186	32
さい	伜	0	186	32
さい	倅	0	186	32
さい	偲	0	186	32
さい	儕	0	186	32
さい	哉	0	186	32
さい	在	0	186	32
さい	埣	0	186	32
さい	塞	0	186	32
さい	寨	0	186	32
さい	崔	0	186	32
さい	戝	0	186	32
さい	摧	0	186	32
さい	撕	0	186	32
さい	擠	0	186	32
さい	斉	0	186	32
さい	晒	0	186	32
さい	材	0	186	32
さい	柴	0	186	32
さい	樶	0	186	32
さい	洒	0	186	32
さい	淬	0	186	32
さい	滓	0	186	32
さい	濟	0	186	32
さい	灑	0	186	32
さい	犀	0	186	32
さい	犲	0	186	32
さい	猜	0	186	32
さい	眥	0	186	32
さい	眦	0	186	32
さい	砌	0	186	32
さい	砦	0	186	32
さい	碎	0	186	32
さい	綵	0	186	32
さい	縡	0	186	32
さい	纔	0	186	32
さい	腮	0	186	32
さい	萋	0	186	32
さい	蔡	0	186	32
さい	衰	0	186	32
さい	豺	0	186	32
さい	責	0	186	32
さい	賽	0	186	32
さい	采	0	186	32
さい	釵	0	186	32
さい	靫	0	186	32
さい	韲	0	186	32
さい	顋	0	186	32
さい	骰	0	186	32
さい	鰓	0	186	32
さい	齊	0	186	32
さい	齋	0	186	32
さい	齏	0	186	32
さいわい	幸	0	186	32
さいわい	祥	0	186	32
さえ	冴	0	186	32
さお	棹	0	186	32
さお	竿	0	186	32
さか	坂	15	186	32
さか	酒	15	186	32
さか	榮	0	186	32
さか	賢	0	186	32
さか	逆	0	186	32
さか	阪	0	186	32
さかい	境	15	186	32
さかい	堺	0	186	32
さかい	界	0	186	32
さかい	畍	0	186	32
さかえ	冨	0	186	32
さかえ	富	0	186	32
さかえ	昌	0	186	32
さかえ	栄	0	186	32
さかき	榊	0	186	32
さかさま	倒	0	186	32
さかずき	杯	15	186	32
さかずき	盃	15	186	32
さかずき	卮	0	186	32
さかずき	巵	0	186	32
さかずき	盞	0	186	32
さかづき	杯	0	186	32
さかづき	盃	0	186	32
さかな	魚	15	186	32
さかな	肴	0	186	32
さかり	盛	0	186	32
さが	性	0	186	32
さき	先	15	186	32
さき	崎	15	186	32
さき	前	0	186	32
さき	咲	0	186	32
さき	埼	0	186	32
さき	嵜	0	186	32
さき	幸	0	186	32
さき	曩	0	186	32
さき	碕	0	186	32
さき	福	0	186	32
さきがけ	魁	0	186	32
さきばらい	蹕	0	186	32
さぎ	鷺	0	186	32
さく	作	15	186	32
さく	冊	15	186	32
さく	削	15	186	32
さく	搾	15	186	32
さく	昨	15	186	32
さく	策	15	186	32
さく	索	15	186	32
さく	酢	15	186	32
さく	錯	15	186	32
さく	乍	0	186	32
さく	做	0	186	32
さく	册	0	186	32
さく	咋	0	186	32
さく	嘖	0	186	32
さく	捉	0	186	32
さく	朔	0	186	32
さく	柞	0	186	32
さく	柵	0	186	32
さく	槊	0	186	32
さく	溯	0	186	32
さく	炸	0	186	32
さく	窄	0	186	32
さく	筰	0	186	32
さく	筴	0	186	32
さく	簀	0	186	32
さく	遡	0	186	32
さく	醋	0	186	32
さく	鑿	0	186	32
さく	雀	0	186	32
さく	齪	0	186	32
さくら	桜	15	186	32
さくら	櫻	0	186	32
さけ	酒	15	186	32
さけ	鮭	0	186	32
さこ	迫	0	186	32
さこ	逧	0	186	32
ささ	笹	0	186	32
ささ	篠	0	186	32
ささら	簓	0	186	32
さざなみ	漣	0	186	32
さし	刺	0	186	32
さし	尺	0	186	32
さし	差	0	186	32
さし	指	0	186	32
さし	緡	0	186	32
さしはさ	縉	0	186	32
さじ	匕	0	186	32
さじ	匙	0	186	32
さずく	授	0	186	32
さそう	哘	0	186	32
さそり	蝎	0	186	32
さそり	蠍	0	186	32
さぞ	嘸	0	186	32
さだ	偵	0	186	32
さだ	定	0	186	32
さだ	禎	0	186	32
さだ	貞	0	186	32
さち	幸	15	186	32
さち	倖	0	186	32
さち	祥	0	186	32
さち	福	0	186	32
さっ	早	15	186	32
さつ	冊	15	186	32
さつ	刷	15	186	32
さつ	察	15	186	32
さつ	撮	15	186	32
さつ	擦	15	186	32
さつ	札	15	186	32
さつ	殺	15	186	32
さつ	册	0	186	32
さつ	刹	0	186	32
さつ	剳	0	186	32
さつ	扎	0	186	32
さつ	拶	0	186	32
さつ	撒	0	186	32
さつ	箚	0	186	32
さつ	紮	0	186	32
さつ	蔡	0	186	32
さつ	薩	0	186	32
さつ	颯	0	186	32
さつき	皐	0	186	32
さて	偖	0	186	32
さて	扠	0	186	32
さて	扨	0	186	32
さと	里	15	186	32
さと	怜	0	186	32
さと	智	0	186	32
さと	知	0	186	32
さと	聡	0	186	32
さと	聰	0	186	32
さと	郷	0	186	32
さとし	叡	0	186	32
さとし	哲	0	186	32
さとし	怜	0	186	32
さとし	悟	0	186	32
さとし	慧	0	186	32
さとし	捷	0	186	32
さとし	敏	0	186	32
さとし	智	0	186	32
さとし	暁	0	186	32
さとし	睿	0	186	32
さとし	知	0	186	32
さとし	聖	0	186	32
さとし	聡	0	186	32
さとし	聰	0	186	32
さとし	覚	0	186	32
さとし	覺	0	186	32
さとし	諭	0	186	32
さとし	賢	0	186	32
さとる	了	0	186	32
さとる	哲	0	186	32
さとる	学	0	186	32
さとる	學	0	186	32
さとる	悟	0	186	32
さとる	慧	0	186	32
さとる	斈	0	186	32
さとる	智	0	186	32
さとる	知	0	186	32
さとる	聖	0	186	32
さとる	覚	0	186	32
さとる	賢	0	186	32
さとる	逹	0	186	32
さとる	達	0	186	32
さなぎ	蛹	0	186	32
さなだ	絛	0	186	32
さね	信	0	186	32
さね	実	0	186	32
さね	實	0	186	32
さね	札	0	186	32
さね	核	0	186	32
さね	眞	0	186	32
さね	真	0	186	32
さば	鯖	0	186	32
さばき	捌	0	186	32
さび	寂	15	186	32
さび	銹	0	186	32
さび	錆	0	186	32
さま	様	15	186	32
さま	樣	0	186	32
さむらい	侍	15	186	32
さむらい	士	0	186	32
さめ	鮫	0	186	32
さや	爽	0	186	32
さや	莢	0	186	32
さや	鞘	0	186	32
さら	更	15	186	32
さら	皿	15	186	32
さる	猿	15	186	32
さる	猴	0	186	32
さる	申	0	186	32
さわ	沢	15	186	32
さわ	澤	0	186	32
さわ	隰	0	186	32
さわ	騷	0	186	32
さわす	醂	0	186	32
さわら	椹	0	186	32
さわら	鰆	0	186	32
さん	三	15	186	32
さん	傘	15	186	32
さん	参	15	186	32
さん	山	15	186	32
さん	惨	15	186	32
さん	散	15	186	32
さん	桟	15	186	32
さん	産	15	186	32
さん	算	15	186	32
さん	蚕	15	186	32
さん	賛	15	186	32
さん	酸	15	186	32
さん	刪	0	186	32
さん	參	0	186	32
さん	巉	0	186	32
さん	彡	0	186	32
さん	慘	0	186	32
さん	懴	0	186	32
さん	懺	0	186	32
さん	戔	0	186	32
さん	撒	0	186	32
さん	撰	0	186	32
さん	攅	0	186	32
さん	斬	0	186	32
さん	杉	0	186	32
さん	棧	0	186	32
さん	槧	0	186	32
さん	汕	0	186	32
さん	潸	0	186	32
さん	燦	0	186	32
さん	爨	0	186	32
さん	珊	0	186	32
さん	盞	0	186	32
さん	竄	0	186	32
さん	簒	0	186	32
さん	粲	0	186	32
さん	糂	0	186	32
さん	繖	0	186	32
さん	纂	0	186	32
さん	纉	0	186	32
さん	纔	0	186	32
さん	芟	0	186	32
さん	蒜	0	186	32
さん	蔘	0	186	32
さん	蠶	0	186	32
さん	衫	0	186	32
さん	讃	0	186	32
さん	讚	0	186	32
さん	贊	0	186	32
さん	跚	0	186	32
さん	鏨	0	186	32
さん	鑚	0	186	32
さん	鑽	0	186	32
さん	閂	0	186	32
さん	霰	0	186	32
さん	餐	0	186	32
さん	驂	0	186	32
さんしょううお	鯢	0	186	32
さんじゅう	卅	0	186	32
ざ	座	15	186	32
ざ	三	0	186	32
ざ	坐	0	186	32
ざ	挫	0	186	32
ざ	蓙	0	186	32
ざい	剤	15	186	32
ざい	在	15	186	32
ざい	材	15	186	32
ざい	罪	15	186	32
ざい	財	15	186	32
ざい	劑	0	186	32
ざい	戝	0	186	32
ざい	才	0	186	32
ざつ	雑	15	186	32
ざつ	襍	0	186	32
ざつ	雜	0	186	32
ざぶ	三	0	186	32
ざま	様	0	186	32
ざる	笊	0	186	32
ざん	惨	15	186	32
ざん	暫	15	186	32
ざん	残	15	186	32
ざん	塹	0	186	32
ざん	嶄	0	186	32
ざん	巉	0	186	32
ざん	慘	0	186	32
ざん	慙	0	186	32
ざん	慚	0	186	32
ざん	懴	0	186	32
ざん	懺	0	186	32
ざん	撰	0	186	32
ざん	斬	0	186	32
ざん	槧	0	186	32
ざん	殘	0	186	32
ざん	竄	0	186	32
ざん	讒	0	186	32
ざん	鏨	0	186	32
し	仕	15	186	32
し	伺	15	186	32
し	使	15	186	32
し	刺	15	186	32
し	史	15	186	32
し	司	15	186	32
し	嗣	15	186	32
し	四	15	186	32
し	士	15	186	32
し	姉	15	186	32
し	始	15	186	32
し	姿	15	186	32
し	子	15	186	32
し	市	15	186	32
し	師	15	186	32
し	志	15	186	32
し	思	15	186	32
し	指	15	186	32
し	支	15	186	32
し	施	15	186	32
し	旨	15	186	32
し	枝	15	186	32
し	次	15	186	32
し	止	15	186	32
し	歯	15	186	32
し	死	15	186	32
し	氏	15	186	32
し	矢	15	186	32
し	示	15	186	32
し	祉	15	186	32
し	私	15	186	32
し	糸	15	186	32
し	紙	15	186	32
し	紫	15	186	32
し	肢	15	186	32
し	脂	15	186	32
し	自	15	186	32
し	至	15	186	32
し	視	15	186	32
し	詞	15	186	32
し	試	15	186	32
し	詩	15	186	32
し	誌	15	186	32
し	諮	15	186	32
し	資	15	186	32
し	賜	15	186	32
し	雌	15	186	32
し	飼	15	186	32
し	之	0	186	32
し	亊	0	186	32
し	事	0	186	32
し	仔	0	186	32
し	侈	0	186	32
し	侍	0	186	32
し	俟	0	186	32
し	偲	0	186	32
し	匙	0	186	32
し	卮	0	186	32
し	厠	0	186	32
し	厮	0	186	32
し	厶	0	186	32
し	只	0	186	32
し	呰	0	186	32
し	咨	0	186	32
し	咫	0	186	32
し	啻	0	186	32
し	嗜	0	186	32
し	嗤	0	186	32
し	嘴	0	186	32
し	址	0	186	32
し	塒	0	186	32
し	妛	0	186	32
し	孜	0	186	32
し	孳	0	186	32
し	尸	0	186	32
し	屍	0	186	32
し	屎	0	186	32
し	差	0	186	32
し	巳	0	186	32
し	巵	0	186	32
し	帋	0	186	32
し	幟	0	186	32
し	廁	0	186	32
し	廝	0	186	32
し	弑	0	186	32
し	弛	0	186	32
し	徙	0	186	32
し	恣	0	186	32
し	揣	0	186	32
し	摯	0	186	32
し	斯	0	186	32
し	是	0	186	32
し	時	0	186	32
し	朿	0	186	32
し	柴	0	186	32
し	柿	0	186	32
し	梓	0	186	32
し	梔	0	186	32
し	此	0	186	32
し	沚	0	186	32
し	泗	0	186	32
し	滋	0	186	32
し	滓	0	186	32
し	漬	0	186	32
し	熾	0	186	32
し	獅	0	186	32
し	璽	0	186	32
し	瓷	0	186	32
し	畤	0	186	32
し	疵	0	186	32
し	痣	0	186	32
し	眥	0	186	32
し	眦	0	186	32
し	砥	0	186	32
し	祀	0	186	32
し	祇	0	186	32
し	祗	0	186	32
し	祠	0	186	32
し	積	0	186	32
し	竢	0	186	32
し	笥	0	186	32
し	笶	0	186	32
し	篩	0	186	32
し	粢	0	186	32
し	絲	0	186	32
し	緇	0	186	32
し	縒	0	186	32
し	翅	0	186	32
し	耆	0	186	32
し	耜	0	186	32
し	肆	0	186	32
し	舐	0	186	32
し	芝	0	186	32
し	茨	0	186	32
し	茲	0	186	32
し	葹	0	186	32
し	蓍	0	186	32
し	蚩	0	186	32
し	覗	0	186	32
し	觜	0	186	32
し	諡	0	186	32
し	謚	0	186	32
し	豕	0	186	32
し	貲	0	186	32
し	贄	0	186	32
し	趾	0	186	32
し	輜	0	186	32
し	釶	0	186	32
し	錙	0	186	32
し	阯	0	186	32
し	食	0	186	32
し	駛	0	186	32
し	駟	0	186	32
し	髭	0	186	32
し	鮨	0	186	32
し	鯔	0	186	32
し	鰤	0	186	32
し	鴟	0	186	32
し	鵄	0	186	32
し	鷙	0	186	32
し	齒	0	186	32
しい	弑	0	186	32
しい	椎	0	186	32
しいな	秕	0	186	32
しいな	粃	0	186	32
しお	塩	15	186	32
しお	潮	15	186	32
しお	入	0	186	32
しお	汐	0	186	32
しお	鹵	0	186	32
しお	鹽	0	186	32
しおから	醢	0	186	32
しおけ	鹹	0	186	32
しおち	鹵	0	186	32
しおり	栞	0	186	32
しか	兪	0	186	32
しか	然	0	186	32
しか	聢	0	186	32
しか	鹿	0	186	32
しかと	聢	0	186	32
しかばね	尸	0	186	32
しかばね	屍	0	186	32
しがらみ	柵	0	186	32
しき	式	15	186	32
しき	織	15	186	32
しき	色	15	186	32
しき	識	15	186	32
しき	拭	0	186	32
しき	敷	0	186	32
しき	職	0	186	32
しき	鋪	0	186	32
しきい	閾	0	186	32
しきがわら	甃	0	186	32
しきみ	梱	0	186	32
しきみ	樒	0	186	32
しきみ	櫁	0	186	32
しきみ	軾	0	186	32
しきみ	閾	0	186	32
しぎ	鴫	0	186	32
しぎ	鷸	0	186	32
しげ	卯	0	186	32
しげ	夘	0	186	32
しげ	成	0	186	32
しげ	滋	0	186	32
しげ	繁	0	186	32
しげ	茂	0	186	32
しげ	重	0	186	32
しげ	鎭	0	186	32
しげ	鎮	0	186	32
しげし	滋	0	186	32
しげる	卯	0	186	32
しげる	夘	0	186	32
しげる	栄	0	186	32
しげる	森	0	186	32
しげる	殖	0	186	32
しげる	滋	0	186	32
しげる	秀	0	186	32
しげる	繁	0	186	32
しげる	茂	0	186	32
しげる	蒼	0	186	32
しげる	重	0	186	32
しこ	醜	0	186	32
しころ	錏	0	186	32
しころ	錣	0	186	32
しし	宍	0	186	32
しし	獣	0	186	32
しし	肉	0	186	32
しし	鹿	0	186	32
ししびしお	醢	0	186	32
しじ	榻	0	186	32
しじみ	蜆	0	186	32
しず	静	15	186	32
しず	賎	0	186	32
しず	賤	0	186	32
しず	鎭	0	186	32
しず	鎮	0	186	32
しず	閑	0	186	32
しず	靜	0	186	32
しずか	静	0	186	32
しずく	滴	15	186	32
しずく	雫	0	186	32
した	下	15	186	32
した	舌	15	186	32
しち	七	15	186	32
しち	質	15	186	32
しち	貭	0	186	32
しち	隲	0	186	32
しつ	執	15	186	32
しつ	失	15	186	32
しつ	室	15	186	32
しつ	湿	15	186	32
しつ	漆	15	186	32
しつ	疾	15	186	32
しつ	質	15	186	32
しつ	叱	0	186	32
しつ	嫉	0	186	32
しつ	悉	0	186	32
しつ	桎	0	186	32
しつ	櫛	0	186	32
しつ	濕	0	186	32
しつ	瑟	0	186	32
しつ	膝	0	186	32
しつ	虱	0	186	32
しつ	蛭	0	186	32
しつ	蝨	0	186	32
しつ	蟋	0	186	32
しつ	貭	0	186	32
しつ	隰	0	186	32
しつ	隲	0	186	32
しつけ	躾	0	186	32
しで	幣	0	186	32
しで	幤	0	186	32
しで	椣	0	186	32
しと	尿	0	186	32
しとうず	襪	0	186	32
しとうず	韈	0	186	32
しとぎ	粢	0	186	32
しとど	鵐	0	186	32
しとね	茵	0	186	32
しとね	蓐	0	186	32
しとね	褥	0	186	32
しとみ	蔀	0	186	32
しな	品	15	186	32
しな	科	0	186	32
しな	級	0	186	32
しな	階	0	186	32
しの	筱	0	186	32
しの	篠	0	186	32
しのぎ	鎬	0	186	32
しのぶ	偲	0	186	32
しのぶ	忍	0	186	32
しのぶ	荵	0	186	32
しば	芝	15	186	32
しば	柴	0	186	32
しばしば	屡	0	186	32
しばしば	数	0	186	32
しばしば	數	0	186	32
しび	鮪	0	186	32
しぶ	渋	15	186	32
しぶ	澀	0	186	32
しぶ	澁	0	186	32
しべ	蕊	0	186	32
しべ	蕋	0	186	32
しべ	蘂	0	186	32
しま	島	15	186	32
しま	嶋	15	186	32
しま	嶌	0	186	32
しま	嶼	0	186	32
しま	洲	0	186	32
しま	縞	0	186	32
しめ	標	0	186	32
しめ	締	0	186	32
しも	下	15	186	32
しも	霜	15	186	32
しもと	楚	0	186	32
しもべ	僕	0	186	32
しもべ	僮	0	186	32
しゃ	写	15	186	32
しゃ	射	15	186	32
しゃ	捨	15	186	32
しゃ	斜	15	186	32
しゃ	煮	15	186	32
しゃ	砂	15	186	32
しゃ	社	15	186	32
しゃ	者	15	186	32
しゃ	舎	15	186	32
しゃ	謝	15	186	32
しゃ	赦	15	186	32
しゃ	車	15	186	32
しゃ	遮	15	186	32
しゃ	借	0	186	32
しゃ	偖	0	186	32
しゃ	冩	0	186	32
しゃ	卸	0	186	32
しゃ	奢	0	186	32
しゃ	姐	0	186	32
しゃ	娑	0	186	32
しゃ	寫	0	186	32
しゃ	差	0	186	32
しゃ	柘	0	186	32
しゃ	沙	0	186	32
しゃ	洒	0	186	32
しゃ	瀉	0	186	32
しゃ	灑	0	186	32
しゃ	炙	0	186	32
しゃ	畭	0	186	32
しゃ	紗	0	186	32
しゃ	舍	0	186	32
しゃ	蔗	0	186	32
しゃ	藉	0	186	32
しゃ	裟	0	186	32
しゃ	赭	0	186	32
しゃ	這	0	186	32
しゃ	釶	0	186	32
しゃ	鉈	0	186	32
しゃ	鷓	0	186	32
しゃく	借	15	186	32
しゃく	勺	15	186	32
しゃく	尺	15	186	32
しゃく	爵	15	186	32
しゃく	石	15	186	32
しゃく	赤	15	186	32
しゃく	酌	15	186	32
しゃく	釈	15	186	32
しゃく	冊	0	186	32
しゃく	册	0	186	32
しゃく	嚼	0	186	32
しゃく	妁	0	186	32
しゃく	惜	0	186	32
しゃく	折	0	186	32
しゃく	斫	0	186	32
しゃく	昔	0	186	32
しゃく	杓	0	186	32
しゃく	灼	0	186	32
しゃく	爍	0	186	32
しゃく	癪	0	186	32
しゃく	積	0	186	32
しゃく	笏	0	186	32
しゃく	策	0	186	32
しゃく	綽	0	186	32
しゃく	芍	0	186	32
しゃく	責	0	186	32
しゃく	跡	0	186	32
しゃく	迹	0	186	32
しゃく	釋	0	186	32
しゃく	錫	0	186	32
しゃく	錯	0	186	32
しゃく	鑠	0	186	32
しゃく	雀	0	186	32
しゃく	鵲	0	186	32
しゃく	齣	0	186	32
しゃけ	鮭	0	186	32
しゃち	鯱	0	186	32
しゃちほこ	鯱	0	186	32
しゅ	主	15	186	32
しゅ	修	15	186	32
しゅ	取	15	186	32
しゅ	守	15	186	32
しゅ	手	15	186	32
しゅ	朱	15	186	32
しゅ	殊	15	186	32
しゅ	狩	15	186	32
しゅ	珠	15	186	32
しゅ	種	15	186	32
しゅ	衆	15	186	32
しゅ	趣	15	186	32
しゅ	酒	15	186	32
しゅ	首	15	186	32
しゅ	侏	0	186	32
しゅ	呪	0	186	32
しゅ	咒	0	186	32
しゅ	執	0	186	32
しゅ	娵	0	186	32
しゅ	娶	0	186	32
しゅ	戍	0	186	32
しゅ	数	0	186	32
しゅ	數	0	186	32
しゅ	枢	0	186	32
しゅ	株	0	186	32
しゅ	棕	0	186	32
しゅ	椶	0	186	32
しゅ	樞	0	186	32
しゅ	橦	0	186	32
しゅ	殳	0	186	32
しゅ	注	0	186	32
しゅ	洙	0	186	32
しゅ	溲	0	186	32
しゅ	繻	0	186	32
しゅ	腫	0	186	32
しゅ	茱	0	186	32
しゅ	蛛	0	186	32
しゅ	諏	0	186	32
しゅ	趨	0	186	32
しゅ	輸	0	186	32
しゅ	銖	0	186	32
しゅ	鐘	0	186	32
しゅ	需	0	186	32
しゅ	須	0	186	32
しゅ	鬚	0	186	32
しゅ	麈	0	186	32
しゅう	修	15	186	32
しゅう	収	15	186	32
しゅう	周	15	186	32
しゅう	囚	15	186	32
しゅう	執	15	186	32
しゅう	宗	15	186	32
しゅう	就	15	186	32
しゅう	州	15	186	32
しゅう	愁	15	186	32
しゅう	拾	15	186	32
しゅう	祝	15	186	32
しゅう	秀	15	186	32
しゅう	秋	15	186	32
しゅう	穐	15	186	32
しゅう	終	15	186	32
しゅう	習	15	186	32
しゅう	臭	15	186	32
しゅう	舟	15	186	32
しゅう	衆	15	186	32
しゅう	襲	15	186	32
しゅう	週	15	186	32
しゅう	酬	15	186	32
しゅう	醜	15	186	32
しゅう	集	15	186	32
しゅう	主	0	186	32
しゅう	叟	0	186	32
しゅう	咒	0	186	32
しゅう	售	0	186	32
しゅう	啾	0	186	32
しゅう	岫	0	186	32
しゅう	崇	0	186	32
しゅう	嵩	0	186	32
しゅう	帚	0	186	32
しゅう	愀	0	186	32
しゅう	捜	0	186	32
しゅう	搜	0	186	32
しゅう	摺	0	186	32
しゅう	收	0	186	32
しゅう	柊	0	186	32
しゅう	楫	0	186	32
しゅう	楸	0	186	32
しゅう	汁	0	186	32
しゅう	泅	0	186	32
しゅう	洲	0	186	32
しゅう	渋	0	186	32
しゅう	湫	0	186	32
しゅう	湿	0	186	32
しゅう	溲	0	186	32
しゅう	澀	0	186	32
しゅう	澁	0	186	32
しゅう	濕	0	186	32
しゅう	獣	0	186	32
しゅう	獸	0	186	32
しゅう	甃	0	186	32
しゅう	痩	0	186	32
しゅう	皺	0	186	32
しゅう	箒	0	186	32
しゅう	綉	0	186	32
しゅう	緝	0	186	32
しゅう	繍	0	186	32
しゅう	羞	0	186	32
しゅう	聚	0	186	32
しゅう	脩	0	186	32
しゅう	菘	0	186	32
しゅう	菷	0	186	32
しゅう	萩	0	186	32
しゅう	葺	0	186	32
しゅう	蒐	0	186	32
しゅう	蓚	0	186	32
しゅう	螽	0	186	32
しゅう	袖	0	186	32
しゅう	褶	0	186	32
しゅう	讎	0	186	32
しゅう	讐	0	186	32
しゅう	蹴	0	186	32
しゅう	輯	0	186	32
しゅう	逎	0	186	32
しゅう	遒	0	186	32
しゅう	鄒	0	186	32
しゅう	酋	0	186	32
しゅう	銃	0	186	32
しゅう	銹	0	186	32
しゅう	鋳	0	186	32
しゅう	鍬	0	186	32
しゅう	鏥	0	186	32
しゅう	鑄	0	186	32
しゅう	隰	0	186	32
しゅう	鞦	0	186	32
しゅう	驟	0	186	32
しゅう	鰌	0	186	32
しゅう	鰍	0	186	32
しゅう	鷲	0	186	32
しゅう	龝	0	186	32
しゅうと	姑	0	186	32
しゅうと	舅	0	186	32
しゅうとめ	姑	0	186	32
しゅく	叔	15	186	32
しゅく	宿	15	186	32
しゅく	淑	15	186	32
しゅく	祝	15	186	32
しゅく	粛	15	186	32
しゅく	縮	15	186	32
しゅく	俶	0	186	32
しゅく	倏	0	186	32
しゅく	夙	0	186	32
しゅく	槭	0	186	32
しゅく	矗	0	186	32
しゅく	粥	0	186	32
しゅく	肅	0	186	32
しゅく	菽	0	186	32
しゅく	蓿	0	186	32
しゅく	謖	0	186	32
しゅく	蹙	0	186	32
しゅく	蹴	0	186	32
しゅく	鬻	0	186	32
しゅつ	出	15	186	32
しゅつ	卆	0	186	32
しゅつ	恤	0	186	32
しゅつ	戌	0	186	32
しゅつ	率	0	186	32
しゅつ	蟀	0	186	32
しゅつ	述	0	186	32
しゅん	俊	15	186	32
しゅん	春	15	186	32
しゅん	瞬	15	186	32
しゅん	儁	0	186	32
しゅん	准	0	186	32
しゅん	凖	0	186	32
しゅん	吮	0	186	32
しゅん	峻	0	186	32
しゅん	徇	0	186	32
しゅん	恂	0	186	32
しゅん	悛	0	186	32
しゅん	惷	0	186	32
しゅん	旬	0	186	32
しゅん	洵	0	186	32
しゅん	浚	0	186	32
しゅん	準	0	186	32
しゅん	濬	0	186	32
しゅん	皴	0	186	32
しゅん	瞹	0	186	32
しゅん	竣	0	186	32
しゅん	笋	0	186	32
しゅん	筍	0	186	32
しゅん	舜	0	186	32
しゅん	荀	0	186	32
しゅん	蕣	0	186	32
しゅん	蠢	0	186	32
しゅん	詢	0	186	32
しゅん	諄	0	186	32
しゅん	蹲	0	186	32
しゅん	逡	0	186	32
しゅん	遵	0	186	32
しゅん	隼	0	186	32
しゅん	雋	0	186	32
しゅん	駿	0	186	32
しゅん	鰆	0	186	32
しゅん	鶉	0	186	32
しょ	処	15	186	32
しょ	初	15	186	32
しょ	庶	15	186	32
しょ	所	15	186	32
しょ	暑	15	186	32
しょ	書	15	186	32
しょ	緒	15	186	32
しょ	署	15	186	32
しょ	諸	15	186	32
しょ	且	0	186	32
しょ	俎	0	186	32
しょ	助	0	186	32
しょ	咀	0	186	32
しょ	墅	0	186	32
しょ	岨	0	186	32
しょ	嶼	0	186	32
しょ	恕	0	186	32
しょ	曙	0	186	32
しょ	杵	0	186	32
しょ	沮	0	186	32
しょ	渚	0	186	32
しょ	煮	0	186	32
しょ	疎	0	186	32
しょ	疏	0	186	32
しょ	砠	0	186	32
しょ	絮	0	186	32
しょ	胥	0	186	32
しょ	舒	0	186	32
しょ	苴	0	186	32
しょ	蔗	0	186	32
しょ	薯	0	186	32
しょ	藷	0	186	32
しょ	處	0	186	32
しょ	蛆	0	186	32
しょ	蜍	0	186	32
しょ	跖	0	186	32
しょ	踈	0	186	32
しょ	蹠	0	186	32
しょ	鋤	0	186	32
しょ	雎	0	186	32
しょ	黍	0	186	32
しょ	齟	0	186	32
しょう	上	15	186	32
しょう	井	15	186	32
しょう	傷	15	186	32
しょう	償	15	186	32
しょう	勝	15	186	32
しょう	匠	15	186	32
しょう	升	15	186	32
しょう	召	15	186	32
しょう	唱	15	186	32
しょう	商	15	186	32
しょう	声	15	186	32
しょう	奨	15	186	32
しょう	姓	15	186	32
しょう	宵	15	186	32
しょう	将	15	186	32
しょう	小	15	186	32
しょう	少	15	186	32
しょう	尚	15	186	32
しょう	床	15	186	32
しょう	彰	15	186	32
しょう	従	15	186	32
しょう	性	15	186	32
しょう	承	15	186	32
しょう	抄	15	186	32
しょう	招	15	186	32
しょう	掌	15	186	32
しょう	政	15	186	32
しょう	昇	15	186	32
しょう	星	15	186	32
しょう	昭	15	186	32
しょう	晶	15	186	32
しょう	松	15	186	32
しょう	正	15	186	32
しょう	沼	15	186	32
しょう	消	15	186	32
しょう	清	15	186	32
しょう	渉	15	186	32
しょう	焦	15	186	32
しょう	焼	15	186	32
しょう	照	15	186	32
しょう	生	15	186	32
しょう	症	15	186	32
しょう	相	15	186	32
しょう	省	15	186	32
しょう	硝	15	186	32
しょう	礁	15	186	32
しょう	祥	15	186	32
しょう	称	15	186	32
しょう	章	15	186	32
しょう	笑	15	186	32
しょう	粧	15	186	32
しょう	精	15	186	32
しょう	紹	15	186	32
しょう	肖	15	186	32
しょう	衝	15	186	32
しょう	装	15	186	32
しょう	訟	15	186	32
しょう	証	15	186	32
しょう	詔	15	186	32
しょう	詳	15	186	32
しょう	象	15	186	32
しょう	賞	15	186	32
しょう	鐘	15	186	32
しょう	障	15	186	32
しょう	青	15	186	32
しょう	丞	0	186	32
しょう	丼	0	186	32
しょう	从	0	186	32
しょう	倡	0	186	32
しょう	剏	0	186	32
しょう	剿	0	186	32
しょう	劭	0	186	32
しょう	勦	0	186	32
しょう	厰	0	186	32
しょう	咲	0	186	32
しょう	哨	0	186	32
しょう	嘗	0	186	32
しょう	嘯	0	186	32
しょう	囁	0	186	32
しょう	墻	0	186	32
しょう	奬	0	186	32
しょう	妝	0	186	32
しょう	妾	0	186	32
しょう	娼	0	186	32
しょう	將	0	186	32
しょう	峭	0	186	32
しょう	嶂	0	186	32
しょう	庄	0	186	32
しょう	庠	0	186	32
しょう	廂	0	186	32
しょう	廠	0	186	32
しょう	從	0	186	32
しょう	悄	0	186	32
しょう	悚	0	186	32
しょう	愀	0	186	32
しょう	慫	0	186	32
しょう	慯	0	186	32
しょう	慴	0	186	32
しょう	慵	0	186	32
しょう	憔	0	186	32
しょう	憧	0	186	32
しょう	懾	0	186	32
しょう	拯	0	186	32
しょう	捷	0	186	32
しょう	接	0	186	32
しょう	搶	0	186	32
しょう	摂	0	186	32
しょう	攝	0	186	32
しょう	敞	0	186	32
しょう	昌	0	186	32
しょう	枩	0	186	32
しょう	梢	0	186	32
しょう	椄	0	186	32
しょう	椒	0	186	32
しょう	樅	0	186	32
しょう	樟	0	186	32
しょう	樵	0	186	32
しょう	橡	0	186	32
しょう	橦	0	186	32
しょう	檣	0	186	32
しょう	歃	0	186	32
しょう	歙	0	186	32
しょう	殤	0	186	32
しょう	浹	0	186	32
しょう	淌	0	186	32
しょう	淞	0	186	32
しょう	湘	0	186	32
しょう	漿	0	186	32
しょう	瀟	0	186	32
しょう	炒	0	186	32
しょう	烝	0	186	32
しょう	燒	0	186	32
しょう	燮	0	186	32
しょう	爿	0	186	32
しょう	牀	0	186	32
しょう	牆	0	186	32
しょう	猖	0	186	32
しょう	猩	0	186	32
しょう	獎	0	186	32
しょう	璋	0	186	32
しょう	甞	0	186	32
しょう	瘴	0	186	32
しょう	睫	0	186	32
しょう	秤	0	186	32
しょう	稍	0	186	32
しょう	稱	0	186	32
しょう	竦	0	186	32
しょう	笙	0	186	32
しょう	筱	0	186	32
しょう	篠	0	186	32
しょう	簫	0	186	32
しょう	縦	0	186	32
しょう	縱	0	186	32
しょう	翔	0	186	32
しょう	聖	0	186	32
しょう	聲	0	186	32
しょう	聳	0	186	32
しょう	聶	0	186	32
しょう	舂	0	186	32
しょう	艢	0	186	32
しょう	荘	0	186	32
しょう	莊	0	186	32
しょう	菖	0	186	32
しょう	葉	0	186	32
しょう	蒋	0	186	32
しょう	蒸	0	186	32
しょう	蕉	0	186	32
しょう	蕭	0	186	32
しょう	薔	0	186	32
しょう	蚣	0	186	32
しょう	蛸	0	186	32
しょう	裝	0	186	32
しょう	裳	0	186	32
しょう	襄	0	186	32
しょう	觴	0	186	32
しょう	誚	0	186	32
しょう	誦	0	186	32
しょう	請	0	186	32
しょう	諍	0	186	32
しょう	證	0	186	32
しょう	踵	0	186	32
しょう	蹌	0	186	32
しょう	蹤	0	186	32
しょう	逍	0	186	32
しょう	邵	0	186	32
しょう	醤	0	186	32
しょう	鈔	0	186	32
しょう	鉦	0	186	32
しょう	銷	0	186	32
しょう	錆	0	186	32
しょう	鍬	0	186	32
しょう	鍾	0	186	32
しょう	鏘	0	186	32
しょう	陞	0	186	32
しょう	霄	0	186	32
しょう	霎	0	186	32
しょう	鞘	0	186	32
しょう	韶	0	186	32
しょう	頌	0	186	32
しょう	顳	0	186	32
しょう	餉	0	186	32
しょう	驤	0	186	32
しょう	鬆	0	186	32
しょう	鮹	0	186	32
しょう	鱆	0	186	32
しょう	鱶	0	186	32
しょう	鷦	0	186	32
しょく	嘱	15	186	32
しょく	属	15	186	32
しょく	植	15	186	32
しょく	殖	15	186	32
しょく	織	15	186	32
しょく	職	15	186	32
しょく	色	15	186	32
しょく	蝕	15	186	32
しょく	触	15	186	32
しょく	食	15	186	32
しょく	飾	15	186	32
しょく	仄	0	186	32
しょく	促	0	186	32
しょく	俗	0	186	32
しょく	側	0	186	32
しょく	厠	0	186	32
しょく	喞	0	186	32
しょく	喰	0	186	32
しょく	嗇	0	186	32
しょく	囑	0	186	32
しょく	埴	0	186	32
しょく	寔	0	186	32
しょく	屬	0	186	32
しょく	式	0	186	32
しょく	惻	0	186	32
しょく	拭	0	186	32
しょく	昃	0	186	32
しょく	測	0	186	32
しょく	燭	0	186	32
しょく	矚	0	186	32
しょく	禝	0	186	32
しょく	稷	0	186	32
しょく	穡	0	186	32
しょく	続	0	186	32
しょく	續	0	186	32
しょく	蜀	0	186	32
しょく	觸	0	186	32
しょく	謖	0	186	32
しょく	識	0	186	32
しょく	贖	0	186	32
しょく	軾	0	186	32
しょく	餝	0	186	32
しら	白	15	186	32
しらべ	調	0	186	32
しらみ	虱	0	186	32
しらみ	蝨	0	186	32
しり	尻	0	186	32
しり	後	0	186	32
しり	臀	0	186	32
しりがい	鞦	0	186	32
しる	汁	15	186	32
しるし	印	15	186	32
しるし	徴	0	186	32
しるし	標	0	186	32
しるし	璽	0	186	32
しるし	讖	0	186	32
しるし	験	0	186	32
しるし	驗	0	186	32
しるべ	導	0	186	32
しるべ	標	0	186	32
しろ	代	15	186	32
しろ	城	15	186	32
しろ	白	15	186	32
しろ	料	0	186	32
しろ	素	0	186	32
しろがね	銀	0	186	32
しわ	皴	0	186	32
しわ	皺	0	186	32
しわぶき	咳	0	186	32
しん	伸	15	186	32
しん	侵	15	186	32
しん	信	15	186	32
しん	唇	15	186	32
しん	娠	15	186	32
しん	寝	15	186	32
しん	審	15	186	32
しん	心	15	186	32
しん	慎	15	186	32
しん	振	15	186	32
しん	新	15	186	32
しん	森	15	186	32
しん	津	15	186	32
しん	浸	15	186	32
しん	深	15	186	32
しん	申	15	186	32
しん	真	15	186	32
しん	神	15	186	32
しん	紳	15	186	32
しん	臣	15	186	32
しん	薪	15	186	32
しん	親	15	186	32
しん	診	15	186	32
しん	請	15	186	32
しん	身	15	186	32
しん	辛	15	186	32
しん	進	15	186	32
しん	針	15	186	32
しん	震	15	186	32
しん	僣	0	186	32
しん	僭	0	186	32
しん	参	0	186	32
しん	參	0	186	32
しん	呻	0	186	32
しん	哂	0	186	32
しん	嗔	0	186	32
しん	宸	0	186	32
しん	寢	0	186	32
しん	岑	0	186	32
しん	忱	0	186	32
しん	愼	0	186	32
しん	抻	0	186	32
しん	斟	0	186	32
しん	晉	0	186	32
しん	晋	0	186	32
しん	晨	0	186	32
しん	枕	0	186	32
しん	榛	0	186	32
しん	槇	0	186	32
しん	槙	0	186	32
しん	沁	0	186	32
しん	清	0	186	32
しん	滲	0	186	32
しん	潯	0	186	32
しん	瀋	0	186	32
しん	畛	0	186	32
しん	疹	0	186	32
しん	眞	0	186	32
しん	瞋	0	186	32
しん	矧	0	186	32
しん	秦	0	186	32
しん	箴	0	186	32
しん	簪	0	186	32
しん	縉	0	186	32
しん	罧	0	186	32
しん	脣	0	186	32
しん	臻	0	186	32
しん	芯	0	186	32
しん	蓁	0	186	32
しん	蔘	0	186	32
しん	蕈	0	186	32
しん	蜃	0	186	32
しん	袗	0	186	32
しん	襯	0	186	32
しん	訊	0	186	32
しん	譖	0	186	32
しん	譛	0	186	32
しん	讖	0	186	32
しん	賑	0	186	32
しん	軫	0	186	32
しん	辰	0	186	32
しん	迅	0	186	32
しん	鍼	0	186	32
しん	駸	0	186	32
しん	齔	0	186	32
しんがり	殿	0	186	32
じ	事	15	186	32
じ	仕	15	186	32
じ	似	15	186	32
じ	児	15	186	32
じ	地	15	186	32
じ	字	15	186	32
じ	寺	15	186	32
じ	慈	15	186	32
じ	持	15	186	32
じ	時	15	186	32
じ	次	15	186	32
じ	治	15	186	32
じ	滋	15	186	32
じ	璽	15	186	32
じ	磁	15	186	32
じ	示	15	186	32
じ	耳	15	186	32
じ	自	15	186	32
じ	路	15	186	32
じ	辞	15	186	32
じ	除	15	186	32
じ	亊	0	186	32
じ	二	0	186	32
じ	侍	0	186	32
じ	兒	0	186	32
じ	士	0	186	32
じ	孳	0	186	32
じ	尓	0	186	32
じ	尼	0	186	32
じ	峙	0	186	32
じ	弍	0	186	32
じ	弐	0	186	32
じ	怩	0	186	32
じ	恃	0	186	32
じ	爾	0	186	32
じ	珥	0	186	32
じ	瓷	0	186	32
じ	畤	0	186	32
じ	痔	0	186	32
じ	粫	0	186	32
じ	而	0	186	32
じ	膩	0	186	32
じ	茲	0	186	32
じ	蒔	0	186	32
じ	詞	0	186	32
じ	貮	0	186	32
じ	貳	0	186	32
じ	轜	0	186	32
じ	辭	0	186	32
じ	迩	0	186	32
じ	邇	0	186	32
じ	餌	0	186	32
じい	爺	0	186	32
じか	直	0	186	32
じき	直	15	186	32
じき	食	15	186	32
じき	喰	0	186	32
じき	敷	0	186	32
じく	竺	15	186	32
じく	軸	15	186	32
じく	忸	0	186	32
じく	舳	0	186	32
じく	衂	0	186	32
じく	衄	0	186	32
じさ	橲	0	186	32
じじ	爺	0	186	32
じじい	爺	0	186	32
じっ	十	15	186	32
じつ	実	15	186	32
じつ	日	15	186	32
じつ	實	0	186	32
じつ	昵	0	186	32
じつ	衵	0	186	32
じま	島	0	186	32
じま	嶋	0	186	32
じゃ	蛇	15	186	32
じゃ	邪	15	186	32
じゃ	射	0	186	32
じゃ	闍	0	186	32
じゃ	麝	0	186	32
じゃく	弱	126	186	32
じゃく	寂	15	186	32
じゃく	着	15	186	32
じゃく	若	15	186	32
じゃく	夕	0	186	32
じゃく	惹	0	186	32
じゃく	搦	0	186	32
じゃく	笛	0	186	32
じゃく	籍	0	186	32
じゃく	著	0	186	32
じゃく	蒻	0	186	32
じゃく	雀	0	186	32
じゃく	鵲	0	186	32
じゃく	鶸	0	186	32
じゅ	儒	15	186	32
じゅ	受	15	186	32
じゅ	寿	15	186	32
じゅ	就	15	186	32
じゅ	従	15	186	32
じゅ	授	15	186	32
じゅ	樹	15	186	32
じゅ	需	15	186	32
じゅ	住	0	186	32
じゅ	儔	0	186	32
じゅ	入	0	186	32
じゅ	准	0	186	32
じゅ	呪	0	186	32
じゅ	咒	0	186	32
じゅ	壽	0	186	32
じゅ	嬬	0	186	32
じゅ	孺	0	186	32
じゅ	從	0	186	32
じゅ	戍	0	186	32
じゅ	殳	0	186	32
じゅ	濡	0	186	32
じゅ	竪	0	186	32
じゅ	綬	0	186	32
じゅ	聚	0	186	32
じゅ	臑	0	186	32
じゅ	襦	0	186	32
じゅ	誦	0	186	32
じゅ	豎	0	186	32
じゅ	頌	0	186	32
じゅ	鷲	0	186	32
じゅう	住	15	186	32
じゅう	充	15	186	32
じゅう	十	15	186	32
じゅう	従	15	186	32
じゅう	拾	15	186	32
じゅう	柔	15	186	32
じゅう	汁	15	186	32
じゅう	渋	15	186	32
じゅう	獣	15	186	32
じゅう	縦	15	186	32
じゅう	重	15	186	32
じゅう	銃	15	186	32
じゅう	中	0	186	32
じゅう	什	0	186	32
じゅう	从	0	186	32
じゅう	入	0	186	32
じゅう	廿	0	186	32
じゅう	從	0	186	32
じゅう	戎	0	186	32
じゅう	揉	0	186	32
じゅう	澀	0	186	32
じゅう	狃	0	186	32
じゅう	獸	0	186	32
じゅう	糅	0	186	32
じゅう	紐	0	186	32
じゅう	絨	0	186	32
じゅう	縱	0	186	32
じゅう	習	0	186	32
じゅう	蹂	0	186	32
じゅう	鈕	0	186	32
じゅう	集	0	186	32
じゅう	鞣	0	186	32
じゅく	塾	15	186	32
じゅく	熟	15	186	32
じゅく	孰	0	186	32
じゅつ	術	15	186	32
じゅつ	述	15	186	32
じゅつ	恤	0	186	32
じゅつ	戌	0	186	32
じゅつ	朮	0	186	32
じゅん	准	15	186	32
じゅん	巡	15	186	32
じゅん	循	15	186	32
じゅん	旬	15	186	32
じゅん	殉	15	186	32
じゅん	準	15	186	32
じゅん	潤	15	186	32
じゅん	盾	15	186	32
じゅん	純	15	186	32
じゅん	遵	15	186	32
じゅん	順	15	186	32
じゅん	凖	0	186	32
じゅん	徇	0	186	32
じゅん	恂	0	186	32
じゅん	惇	0	186	32
じゅん	楯	0	186	32
じゅん	洵	0	186	32
じゅん	淳	0	186	32
じゅん	笋	0	186	32
じゅん	筍	0	186	32
じゅん	荀	0	186	32
じゅん	蓴	0	186	32
じゅん	詢	0	186	32
じゅん	諄	0	186	32
じゅん	醇	0	186	32
じゅん	閏	0	186	32
じゅん	閠	0	186	32
じゅん	隼	0	186	32
じゅん	馴	0	186	32
じゅん	駲	0	186	32
じょ	助	15	186	32
じょ	叙	15	186	32
じょ	女	15	186	32
じょ	如	15	186	32
じょ	序	15	186	32
じょ	徐	15	186	32
じょ	除	15	186	32
じょ	恕	0	186	32
じょ	抒	0	186	32
じょ	敍	0	186	32
じょ	敘	0	186	32
じょ	汝	0	186	32
じょ	洳	0	186	32
じょ	絮	0	186	32
じょ	耡	0	186	32
じょ	舒	0	186	32
じょ	茹	0	186	32
じょ	莇	0	186	32
じょ	蜍	0	186	32
じょ	鋤	0	186	32
じょう	丈	15	186	32
じょう	上	15	186	32
じょう	乗	15	186	32
じょう	冗	15	186	32
じょう	剰	15	186	32
じょう	城	15	186	32
じょう	場	15	186	32
じょう	壌	15	186	32
じょう	嬢	15	186	32
じょう	定	15	186	32
じょう	常	15	186	32
じょう	情	15	186	32
じょう	成	15	186	32
じょう	条	15	186	32
じょう	浄	15	186	32
じょう	状	15	186	32
じょう	畳	15	186	32
じょう	盛	15	186	32
じょう	縄	15	186	32
じょう	蒸	15	186	32
じょう	譲	15	186	32
じょう	醸	15	186	32
じょう	錠	15	186	32
じょう	静	15	186	32
じょう	丞	0	186	32
じょう	乘	0	186	32
じょう	仍	0	186	32
じょう	仗	0	186	32
じょう	佻	0	186	32
じょう	剩	0	186	32
じょう	劭	0	186	32
じょう	塲	0	186	32
じょう	壤	0	186	32
じょう	奘	0	186	32
じょう	娘	0	186	32
じょう	嫋	0	186	32
じょう	嫦	0	186	32
じょう	嬲	0	186	32
じょう	孃	0	186	32
じょう	尉	0	186	32
じょう	帖	0	186	32
じょう	床	0	186	32
じょう	弉	0	186	32
じょう	拯	0	186	32
じょう	掟	0	186	32
じょう	掾	0	186	32
じょう	擾	0	186	32
じょう	攘	0	186	32
じょう	晟	0	186	32
じょう	杖	0	186	32
じょう	條	0	186	32
じょう	橈	0	186	32
じょう	淨	0	186	32
じょう	滌	0	186	32
じょう	澁	0	186	32
じょう	瀞	0	186	32
じょう	烝	0	186	32
じょう	牀	0	186	32
じょう	疂	0	186	32
じょう	疉	0	186	32
じょう	疊	0	186	32
じょう	禳	0	186	32
じょう	穣	0	186	32
じょう	穰	0	186	32
じょう	絛	0	186	32
じょう	繞	0	186	32
じょう	繩	0	186	32
じょう	聶	0	186	32
じょう	茸	0	186	32
じょう	蕘	0	186	32
じょう	蟯	0	186	32
じょう	襄	0	186	32
じょう	調	0	186	32
じょう	諚	0	186	32
じょう	讓	0	186	32
じょう	貞	0	186	32
じょう	躡	0	186	32
じょう	遶	0	186	32
じょう	鄭	0	186	32
じょう	釀	0	186	32
じょう	鑷	0	186	32
じょう	長	0	186	32
じょう	霆	0	186	32
じょう	靜	0	186	32
じょう	顳	0	186	32
じょう	饒	0	186	32
じょう	驤	0	186	32
じょく	辱	15	186	32
じょく	匿	0	186	32
じょく	溽	0	186	32
じょく	濁	0	186	32
じょく	縟	0	186	32
じょく	蓐	0	186	32
じょく	褥	0	186	32
じるし	印	0	186	32
じん	人	15	186	32
じん	仁	15	186	32
じん	刃	15	186	32
じん	尋	15	186	32
じん	尽	15	186	32
じん	甚	15	186	32
じん	神	15	186	32
じん	臣	15	186	32
じん	迅	15	186	32
じん	陣	15	186	32
じん	仞	0	186	32
じん	仭	0	186	32
じん	任	0	186	32
じん	侭	0	186	32
じん	儘	0	186	32
じん	儿	0	186	32
じん	刄	0	186	32
じん	塵	0	186	32
じん	壬	0	186	32
じん	恁	0	186	32
じん	棯	0	186	32
じん	椹	0	186	32
じん	沈	0	186	32
じん	潯	0	186	32
じん	燼	0	186	32
じん	盡	0	186	32
じん	稔	0	186	32
じん	糂	0	186	32
じん	腎	0	186	32
じん	荏	0	186	32
じん	荵	0	186	32
じん	蕁	0	186	32
じん	蕈	0	186	32
じん	衽	0	186	32
じん	袵	0	186	32
じん	訊	0	186	32
じん	賃	0	186	32
じん	贐	0	186	32
じん	陳	0	186	32
じん	靭	0	186	32
じん	靱	0	186	32
す	主	15	186	32
す	子	15	186	32
す	守	15	186	32
す	州	15	186	32
す	巣	15	186	32
す	素	15	186	32
す	酢	15	186	32
す	修	0	186	32
す	司	0	186	32
す	周	0	186	32
す	崇	0	186	32
す	手	0	186	32
す	数	0	186	32
す	數	0	186	32
す	朱	0	186	32
す	栖	0	186	32
す	棲	0	186	32
す	洲	0	186	32
す	笥	0	186	32
す	簀	0	186	32
す	簾	0	186	32
す	芻	0	186	32
す	蒭	0	186	32
す	蘇	0	186	32
す	蘓	0	186	32
す	諏	0	186	32
す	醋	0	186	32
す	雛	0	186	32
す	須	0	186	32
す	饐	0	186	32
す	首	0	186	32
す	鬆	0	186	32
すい	出	15	186	32
すい	吹	15	186	32
すい	垂	15	186	32
すい	帥	15	186	32
すい	推	15	186	32
すい	水	15	186	32
すい	炊	15	186	32
すい	睡	15	186	32
すい	穂	15	186	32
すい	粋	15	186	32
すい	衰	15	186	32
すい	遂	15	186	32
すい	酔	15	186	32
すい	錘	15	186	32
すい	剤	0	186	32
すい	劑	0	186	32
すい	埀	0	186	32
すい	夊	0	186	32
すい	彗	0	186	32
すい	忰	0	186	32
すい	悴	0	186	32
すい	惴	0	186	32
すい	捶	0	186	32
すい	椎	0	186	32
すい	榱	0	186	32
すい	燧	0	186	32
すい	瘁	0	186	32
すい	祟	0	186	32
すい	穗	0	186	32
すい	粹	0	186	32
すい	綏	0	186	32
すい	翆	0	186	32
すい	翠	0	186	32
すい	膵	0	186	32
すい	膸	0	186	32
すい	萃	0	186	32
すい	誰	0	186	32
すい	邃	0	186	32
すい	醉	0	186	32
すい	錐	0	186	32
すい	陲	0	186	32
すい	隧	0	186	32
すい	隹	0	186	32
すい	雖	0	186	32
すい	騅	0	186	32
すい	髄	0	186	32
すい	髓	0	186	32
すう	崇	15	186	32
すう	数	15	186	32
すう	枢	15	186	32
すう	嵩	0	186	32
すう	數	0	186	32
すう	樞	0	186	32
すう	皺	0	186	32
すう	芻	0	186	32
すう	菘	0	186	32
すう	蒭	0	186	32
すう	趨	0	186	32
すう	鄒	0	186	32
すう	陬	0	186	32
すう	雛	0	186	32
すえ	末	15	186	32
すえ	季	0	186	32
すえ	居	0	186	32
すえ	据	0	186	32
すえ	標	0	186	32
すえ	陶	0	186	32
すが	清	0	186	32
すが	縋	0	186	32
すが	菅	0	186	32
すがた	姿	15	186	32
すがめ	眇	0	186	32
すき	漉	0	186	32
すき	犁	0	186	32
すき	犂	0	186	32
すき	耜	0	186	32
すき	銛	0	186	32
すき	鋤	0	186	32
すき	隙	0	186	32
すぎ	杉	15	186	32
すぎ	椙	0	186	32
すく	宿	0	186	32
すくも	粭	0	186	32
すくも	糘	0	186	32
すぐ	儁	0	186	32
すぐる	卓	0	186	32
すぐる	捷	0	186	32
すぐる	英	0	186	32
すけ	助	15	186	32
すけ	丞	0	186	32
すけ	亮	0	186	32
すけ	介	0	186	32
すけ	佐	0	186	32
すけ	佑	0	186	32
すけ	典	0	186	32
すけ	副	0	186	32
すけ	右	0	186	32
すけ	宥	0	186	32
すけ	左	0	186	32
すけ	弼	0	186	32
すけ	扶	0	186	32
すけ	甫	0	186	32
すけ	相	0	186	32
すけ	督	0	186	32
すけ	祐	0	186	32
すけ	資	0	186	32
すけ	賛	0	186	32
すけ	贊	0	186	32
すけ	輔	0	186	32
すげ	菅	0	186	32
すし	鮓	0	186	32
すし	鮨	0	186	32
すじ	筋	15	186	32
すじ	条	0	186	32
すじ	條	0	186	32
すす	侑	0	186	32
すす	煤	0	186	32
すすき	芒	0	186	32
すすき	薄	0	186	32
すすむ	丞	0	186	32
すすむ	享	0	186	32
すすむ	侑	0	186	32
すすむ	勧	0	186	32
すすむ	奨	0	186	32
すすむ	奬	0	186	32
すすむ	将	0	186	32
すすむ	將	0	186	32
すすむ	廸	0	186	32
すすむ	晉	0	186	32
すすむ	晋	0	186	32
すすむ	獎	0	186	32
すすむ	皋	0	186	32
すすむ	皐	0	186	32
すすむ	督	0	186	32
すすむ	羌	0	186	32
すすむ	迪	0	186	32
すすむ	進	0	186	32
すず	鈴	15	186	32
すず	凉	0	186	32
すず	篶	0	186	32
すず	錫	0	186	32
すずき	鱸	0	186	32
すずな	菘	0	186	32
すずめ	雀	0	186	32
すずり	硯	0	186	32
すそ	裾	0	186	32
すだま	魑	0	186	32
すだれ	簾	0	186	32
すっぽん	鰲	0	186	32
すっぽん	鼈	0	186	32
すな	砂	15	186	32
すな	沙	0	186	32
すなお	直	0	186	32
すなお	貭	0	186	32
すなお	質	0	186	32
すなわ	輒	0	186	32
すね	脛	0	186	32
すね	臑	0	186	32
すのこ	簀	0	186	32
すばる	昴	0	186	32
すべ	術	0	186	32
すべ	辷	0	186	32
すべる	辷	0	186	32
すみ	墨	15	186	32
すみ	炭	15	186	32
すみ	隅	15	186	32
すみ	住	0	186	32
すみ	済	0	186	32
すみ	澄	0	186	32
すみ	純	0	186	32
すみ	角	0	186	32
すみ	陬	0	186	32
すみか	栖	0	186	32
すみやか	亟	0	186	32
すみれ	菫	0	186	32
すめら	皇	0	186	32
すもも	李	0	186	32
すり	摺	0	186	32
するめ	鯣	0	186	32
すわえ	楚	0	186	32
すん	寸	15	186	32
すん	駿	0	186	32
ず	事	15	186	32
ず	図	15	186	32
ず	豆	15	186	32
ず	頭	15	186	32
ず	不	0	186	32
ず	亊	0	186	32
ず	修	0	186	32
ず	厨	0	186	32
ず	受	0	186	32
ず	呪	0	186	32
ず	咒	0	186	32
ず	圖	0	186	32
ず	廚	0	186	32
ず	弗	0	186	32
ず	徒	0	186	32
ず	杜	0	186	32
ず	誦	0	186	32
ず	途	0	186	32
ず	逗	0	186	32
ず	鶴	0	186	32
ずい	随	15	186	32
ずい	髄	15	186	32
ずい	惴	0	186	32
ずい	瑞	0	186	32
ずい	膸	0	186	32
ずい	蕊	0	186	32
ずい	蕋	0	186	32
ずい	蘂	0	186	32
ずい	陏	0	186	32
ずい	隋	0	186	32
ずい	隧	0	186	32
ずい	隨	0	186	32
ずい	髓	0	186	32
ずく	銑	0	186	32
ずし	龕	0	186	32
ずみ	桷	0	186	32
せ	世	15	186	32
せ	施	15	186	32
せ	瀬	15	186	32
せ	畝	15	186	32
せ	背	15	186	32
せ	丗	0	186	32
せ	勢	0	186	32
せ	畆	0	186	32
せ	竸	0	186	32
せ	脊	0	186	32
せい	世	15	186	32
せい	井	15	186	32
せい	凄	15	186	32
せい	制	15	186	32
せい	勢	15	186	32
せい	声	15	186	32
せい	姓	15	186	32
せい	婿	15	186	32
せい	征	15	186	32
せい	性	15	186	32
せい	情	15	186	32
せい	成	15	186	32
せい	政	15	186	32
せい	整	15	186	32
せい	斉	15	186	32
せい	星	15	186	32
せい	晴	15	186	32
せい	正	15	186	32
せい	歳	15	186	32
せい	清	15	186	32
せい	牲	15	186	32
せい	生	15	186	32
せい	盛	15	186	32
せい	省	15	186	32
せい	精	15	186	32
せい	聖	15	186	32
せい	背	15	186	32
せい	製	15	186	32
せい	西	15	186	32
せい	誓	15	186	32
せい	誠	15	186	32
せい	請	15	186	32
せい	逝	15	186	32
せい	青	15	186	32
せい	静	15	186	32
せい	丗	0	186	32
せい	丼	0	186	32
せい	倩	0	186	32
せい	儕	0	186	32
せい	嘶	0	186	32
せい	城	0	186	32
せい	壻	0	186	32
せい	悽	0	186	32
せい	惺	0	186	32
せい	掣	0	186	32
せい	撕	0	186	32
せい	擠	0	186	32
せい	旌	0	186	32
せい	晟	0	186	32
せい	晢	0	186	32
せい	栖	0	186	32
せい	棲	0	186	32
せい	橇	0	186	32
せい	毳	0	186	32
せい	淒	0	186	32
せい	済	0	186	32
せい	濟	0	186	32
せい	瀞	0	186	32
せい	犀	0	186	32
せい	猩	0	186	32
せい	甥	0	186	32
せい	睛	0	186	32
せい	砌	0	186	32
せい	税	0	186	32
せい	穽	0	186	32
せい	筬	0	186	32
せい	緕	0	186	32
せい	纃	0	186	32
せい	聟	0	186	32
せい	聲	0	186	32
せい	脆	0	186	32
せい	腥	0	186	32
せい	臍	0	186	32
せい	菁	0	186	32
せい	萋	0	186	32
せい	蒸	0	186	32
せい	薺	0	186	32
せい	蛻	0	186	32
せい	蜻	0	186	32
せい	貰	0	186	32
せい	贅	0	186	32
せい	躋	0	186	32
せい	醒	0	186	32
せい	鉦	0	186	32
せい	錆	0	186	32
せい	霽	0	186	32
せい	靖	0	186	32
せい	靜	0	186	32
せい	韲	0	186	32
せい	鯖	0	186	32
せい	齊	0	186	32
せい	齎	0	186	32
せい	齏	0	186	32
せがれ	伜	0	186	32
せがれ	倅	0	186	32
せがれ	忰	0	186	32
せがれ	悴	0	186	32
せき	夕	15	186	32
せき	席	15	186	32
せき	惜	15	186	32
せき	斥	15	186	32
せき	昔	15	186	32
せき	析	15	186	32
せき	石	15	186	32
せき	積	15	186	32
せき	籍	15	186	32
せき	績	15	186	32
せき	責	15	186	32
せき	赤	15	186	32
せき	跡	15	186	32
せき	関	15	186	32
せき	隻	15	186	32
せき	刺	0	186	32
せき	勣	0	186	32
せき	呎	0	186	32
せき	咳	0	186	32
せき	堰	0	186	32
せき	威	0	186	32
せき	寂	0	186	32
せき	尺	0	186	32
せき	戚	0	186	32
せき	晰	0	186	32
せき	槭	0	186	32
せき	汐	0	186	32
せき	淅	0	186	32
せき	潟	0	186	32
せき	瘠	0	186	32
せき	皙	0	186	32
せき	碩	0	186	32
せき	碵	0	186	32
せき	磧	0	186	32
せき	脊	0	186	32
せき	蓆	0	186	32
せき	藉	0	186	32
せき	蜥	0	186	32
せき	螫	0	186	32
せき	裼	0	186	32
せき	跖	0	186	32
せき	蹐	0	186	32
せき	蹟	0	186	32
せき	蹠	0	186	32
せき	迹	0	186	32
せき	適	0	186	32
せき	釈	0	186	32
せき	釋	0	186	32
せき	鉐	0	186	32
せき	關	0	186	32
せき	鶺	0	186	32
せき	齣	0	186	32
せく	齪	0	186	32
せぐくま	跼	0	186	32
せこ	迫	0	186	32
せこ	逧	0	186	32
せち	節	15	186	32
せち	切	0	186	32
せち	刹	0	186	32
せち	察	0	186	32
せち	扎	0	186	32
せち	浙	0	186	32
せち	絏	0	186	32
せつ	切	15	186	32
せつ	折	15	186	32
せつ	拙	15	186	32
せつ	接	15	186	32
せつ	摂	15	186	32
せつ	殺	15	186	32
せつ	窃	15	186	32
せつ	節	15	186	32
せつ	設	15	186	32
せつ	説	15	186	32
せつ	雪	15	186	32
せつ	刹	0	186	32
せつ	卩	0	186	32
せつ	啜	0	186	32
せつ	屑	0	186	32
せつ	截	0	186	32
せつ	攝	0	186	32
せつ	晢	0	186	32
せつ	椄	0	186	32
せつ	楔	0	186	32
せつ	泄	0	186	32
せつ	洩	0	186	32
せつ	浙	0	186	32
せつ	渫	0	186	32
せつ	竊	0	186	32
せつ	紲	0	186	32
せつ	絏	0	186	32
せつ	緤	0	186	32
せつ	薛	0	186	32
せつ	褻	0	186	32
せつ	鱈	0	186	32
せま	蹙	0	186	32
せみ	蝉	0	186	32
せむし	佝	0	186	32
せむし	傴	0	186	32
せめ	鬩	0	186	32
せり	競	0	186	32
せり	糶	0	186	32
せり	芹	0	186	32
せん	仙	15	186	32
せん	先	15	186	32
せん	千	15	186	32
せん	占	15	186	32
せん	宣	15	186	32
せん	専	15	186	32
せん	川	15	186	32
せん	戦	15	186	32
せん	扇	15	186	32
せん	旋	15	186	32
せん	染	15	186	32
せん	栓	15	186	32
せん	泉	15	186	32
せん	洗	15	186	32
せん	浅	15	186	32
せん	潜	15	186	32
せん	線	15	186	32
せん	船	15	186	32
せん	薦	15	186	32
せん	践	15	186	32
せん	遷	15	186	32
せん	選	15	186	32
せん	銑	15	186	32
せん	銭	15	186	32
せん	鮮	15	186	32
せん	串	0	186	32
せん	亘	0	186	32
せん	亶	0	186	32
せん	仟	0	186	32
せん	倩	0	186	32
せん	僉	0	186	32
せん	僊	0	186	32
せん	僣	0	186	32
せん	僭	0	186	32
せん	刋	0	186	32
せん	前	0	186	32
せん	剪	0	186	32
せん	吮	0	186	32
せん	喘	0	186	32
せん	塹	0	186	32
せん	嬋	0	186	32
せん	孅	0	186	32
せん	孱	0	186	32
せん	專	0	186	32
せん	尖	0	186	32
せん	尠	0	186	32
せん	山	0	186	32
せん	巛	0	186	32
せん	愃	0	186	32
せん	懴	0	186	32
せん	懺	0	186	32
せん	戔	0	186	32
せん	戰	0	186	32
せん	揃	0	186	32
せん	摶	0	186	32
せん	撰	0	186	32
せん	擅	0	186	32
せん	擶	0	186	32
せん	旃	0	186	32
せん	暹	0	186	32
せん	栫	0	186	32
せん	栴	0	186	32
せん	桟	0	186	32
せん	棧	0	186	32
せん	槧	0	186	32
せん	槫	0	186	32
せん	殱	0	186	32
せん	殲	0	186	32
せん	氈	0	186	32
せん	沾	0	186	32
せん	涎	0	186	32
せん	淺	0	186	32
せん	湶	0	186	32
せん	潛	0	186	32
せん	潺	0	186	32
せん	濳	0	186	32
せん	濺	0	186	32
せん	煎	0	186	32
せん	煽	0	186	32
せん	燹	0	186	32
せん	牋	0	186	32
せん	甎	0	186	32
せん	疝	0	186	32
せん	痊	0	186	32
せん	癬	0	186	32
せん	盞	0	186	32
せん	瞻	0	186	32
せん	磚	0	186	32
せん	穿	0	186	32
せん	笘	0	186	32
せん	筅	0	186	32
せん	筌	0	186	32
せん	箋	0	186	32
せん	箭	0	186	32
せん	簓	0	186	32
せん	簽	0	186	32
せん	籖	0	186	32
せん	籤	0	186	32
せん	綫	0	186	32
せん	繊	0	186	32
せん	纎	0	186	32
せん	纖	0	186	32
せん	羨	0	186	32
せん	羶	0	186	32
せん	翦	0	186	32
せん	腺	0	186	32
せん	臉	0	186	32
せん	舛	0	186	32
せん	舩	0	186	32
せん	芟	0	186	32
せん	苫	0	186	32
せん	茜	0	186	32
せん	荐	0	186	32
せん	蘚	0	186	32
せん	蝉	0	186	32
せん	蟾	0	186	32
せん	詮	0	186	32
せん	譫	0	186	32
せん	賎	0	186	32
せん	賤	0	186	32
せん	贍	0	186	32
せん	跣	0	186	32
せん	踐	0	186	32
せん	釧	0	186	32
せん	銓	0	186	32
せん	銛	0	186	32
せん	錢	0	186	32
せん	鐫	0	186	32
せん	閃	0	186	32
せん	闡	0	186	32
せん	阡	0	186	32
せん	陝	0	186	32
せん	雋	0	186	32
せん	霰	0	186	32
せん	韆	0	186	32
せん	顫	0	186	32
せん	餞	0	186	32
せん	饌	0	186	32
せんち	糎	0	186	32
せんちぐらむ	甅	0	186	32
せんちめーとる	糎	0	186	32
せんちりっとる	竰	0	186	32
ぜ	是	15	186	32
ぜい	税	15	186	32
ぜい	説	15	186	32
ぜい	勢	0	186	32
ぜい	噬	0	186	32
ぜい	橇	0	186	32
ぜい	毳	0	186	32
ぜい	筮	0	186	32
ぜい	脆	0	186	32
ぜい	蚋	0	186	32
ぜい	蛻	0	186	32
ぜい	誓	0	186	32
ぜい	贅	0	186	32
ぜつ	絶	15	186	32
ぜつ	舌	15	186	32
ぜに	銭	15	186	32
ぜに	錢	0	186	32
ぜろ	零	0	186	32
ぜん	全	15	186	32
ぜん	前	15	186	32
ぜん	善	15	186	32
ぜん	漸	15	186	32
ぜん	然	15	186	32
ぜん	禅	15	186	32
ぜん	繕	15	186	32
ぜん	亶	0	186	32
ぜん	冉	0	186	32
ぜん	千	0	186	32
ぜん	喘	0	186	32
ぜん	染	0	186	32
ぜん	涎	0	186	32
ぜん	禪	0	186	32
ぜん	膳	0	186	32
ぜん	苒	0	186	32
ぜん	蝉	0	186	32
ぜん	蠕	0	186	32
ぜん	譱	0	186	32
ぜん	贍	0	186	32
ぜん	髯	0	186	32
ぜんまい	薇	0	186	32
そ	塑	15	186	32
そ	想	15	186	32
そ	措	15	186	32
そ	疎	15	186	32
そ	礎	15	186	32
そ	祖	15	186	32
そ	租	15	186	32
そ	粗	15	186	32
そ	素	15	186	32
そ	組	15	186	32
そ	訴	15	186	32
そ	阻	15	186	32
そ	且	0	186	32
そ	俎	0	186	32
そ	初	0	186	32
そ	十	0	186	32
そ	咀	0	186	32
そ	噌	0	186	32
そ	囎	0	186	32
そ	姐	0	186	32
そ	岨	0	186	32
そ	座	0	186	32
そ	徂	0	186	32
そ	怎	0	186	32
そ	愬	0	186	32
そ	所	0	186	32
そ	曽	0	186	32
そ	曾	0	186	32
そ	梳	0	186	32
そ	楚	0	186	32
そ	沮	0	186	32
そ	泝	0	186	32
そ	溯	0	186	32
そ	爼	0	186	32
そ	狙	0	186	32
そ	甦	0	186	32
そ	疏	0	186	32
そ	疽	0	186	32
そ	砠	0	186	32
そ	祚	0	186	32
そ	耡	0	186	32
そ	胙	0	186	32
そ	苴	0	186	32
そ	蔬	0	186	32
そ	蘇	0	186	32
そ	蘓	0	186	32
そ	詛	0	186	32
そ	踈	0	186	32
そ	遡	0	186	32
そ	酢	0	186	32
そ	酥	0	186	32
そ	醋	0	186	32
そ	麁	0	186	32
そ	鼠	0	186	32
そ	鼡	0	186	32
そ	齟	0	186	32
そう	争	15	186	32
そう	倉	15	186	32
そう	僧	15	186	32
そう	創	15	186	32
そう	双	15	186	32
そう	喪	15	186	32
そう	壮	15	186	32
そう	奏	15	186	32
そう	宗	15	186	32
そう	層	15	186	32
そう	巣	15	186	32
そう	想	15	186	32
そう	挿	15	186	32
そう	捜	15	186	32
そう	掃	15	186	32
そう	操	15	186	32
そう	早	15	186	32
そう	曹	15	186	32
そう	桑	15	186	32
そう	槽	15	186	32
そう	相	15	186	32
そう	窓	15	186	32
そう	総	15	186	32
そう	草	15	186	32
そう	荘	15	186	32
そう	葬	15	186	32
そう	藻	15	186	32
そう	装	15	186	32
そう	贈	15	186	32
そう	走	15	186	32
そう	送	15	186	32
そう	遭	15	186	32
そう	霜	15	186	32
そう	騒	15	186	32
そう	偬	0	186	32
そう	剏	0	186	32
そう	剿	0	186	32
そう	勦	0	186	32
そう	匆	0	186	32
そう	匝	0	186	32
そう	卅	0	186	32
そう	叟	0	186	32
そう	叢	0	186	32
そう	哈	0	186	32
そう	嗽	0	186	32
そう	嗾	0	186	32
そう	噌	0	186	32
そう	噪	0	186	32
そう	囃	0	186	32
そう	増	0	186	32
そう	壯	0	186	32
そう	奘	0	186	32
そう	妝	0	186	32
そう	嫂	0	186	32
そう	孀	0	186	32
そう	宋	0	186	32
そう	崇	0	186	32
そう	崢	0	186	32
そう	帚	0	186	32
そう	庄	0	186	32
そう	廂	0	186	32
そう	弉	0	186	32
そう	怎	0	186	32
そう	怱	0	186	32
そう	惣	0	186	32
そう	愡	0	186	32
そう	愴	0	186	32
そう	慥	0	186	32
そう	憎	0	186	32
そう	懆	0	186	32
そう	扱	0	186	32
そう	找	0	186	32
そう	抓	0	186	32
そう	掫	0	186	32
そう	掻	0	186	32
そう	插	0	186	32
そう	搜	0	186	32
そう	搶	0	186	32
そう	曽	0	186	32
そう	曾	0	186	32
そう	梍	0	186	32
そう	棕	0	186	32
そう	棗	0	186	32
そう	椶	0	186	32
そう	槍	0	186	32
そう	樔	0	186	32
そう	歃	0	186	32
そう	淙	0	186	32
そう	湊	0	186	32
そう	滄	0	186	32
そう	漕	0	186	32
そう	漱	0	186	32
そう	澡	0	186	32
そう	燥	0	186	32
そう	爪	0	186	32
そう	爭	0	186	32
そう	爽	0	186	32
そう	甑	0	186	32
そう	痩	0	186	32
そう	瘡	0	186	32
そう	窗	0	186	32
そう	竃	0	186	32
そう	竈	0	186	32
そう	笊	0	186	32
そう	笙	0	186	32
そう	筝	0	186	32
そう	箏	0	186	32
そう	箒	0	186	32
そう	箱	0	186	32
そう	簇	0	186	32
そう	籔	0	186	32
そう	粧	0	186	32
そう	粽	0	186	32
そう	糟	0	186	32
そう	綜	0	186	32
そう	總	0	186	32
そう	繰	0	186	32
そう	聡	0	186	32
そう	聰	0	186	32
そう	臧	0	186	32
そう	艘	0	186	32
そう	艙	0	186	32
そう	艚	0	186	32
そう	艸	0	186	32
そう	莊	0	186	32
そう	菷	0	186	32
そう	葱	0	186	32
そう	蒼	0	186	32
そう	蔟	0	186	32
そう	薔	0	186	32
そう	薮	0	186	32
そう	藪	0	186	32
そう	蚤	0	186	32
そう	裝	0	186	32
そう	諍	0	186	32
そう	譟	0	186	32
そう	賍	0	186	32
そう	贓	0	186	32
そう	赱	0	186	32
そう	踪	0	186	32
そう	蹌	0	186	32
そう	躁	0	186	32
そう	輳	0	186	32
そう	錚	0	186	32
そう	鎗	0	186	32
そう	鏘	0	186	32
そう	陬	0	186	32
そう	雙	0	186	32
そう	霎	0	186	32
そう	颯	0	186	32
そう	騷	0	186	32
そう	髞	0	186	32
そう	鯵	0	186	32
そう	鰺	0	186	32
そうろう	候	15	186	32
そえ	副	0	186	32
そえ	添	0	186	32
そえ	酘	0	186	32
そお	赭	0	186	32
そぎ	枌	0	186	32
そく	促	15	186	32
そく	側	15	186	32
そく	則	15	186	32
そく	即	15	186	32
そく	息	15	186	32
そく	束	15	186	32
そく	測	15	186	32
そく	足	15	186	32
そく	速	15	186	32
そく	仄	0	186	32
そく	厠	0	186	32
そく	喞	0	186	32
そく	嗽	0	186	32
そく	塞	0	186	32
そく	廁	0	186	32
そく	惻	0	186	32
そく	捉	0	186	32
そく	昃	0	186	32
そく	熄	0	186	32
そく	燭	0	186	32
そく	粟	0	186	32
そく	職	0	186	32
そく	蔟	0	186	32
そく	触	0	186	32
そく	觸	0	186	32
そく	鏃	0	186	32
そこ	底	15	186	32
そし	讒	0	186	32
そぞろ	漫	0	186	32
そち	帥	0	186	32
そつ	卒	15	186	32
そつ	率	15	186	32
そつ	伜	0	186	32
そつ	倅	0	186	32
そつ	卆	0	186	32
そつ	帥	0	186	32
そつ	猝	0	186	32
そつ	蟀	0	186	32
そで	袖	0	186	32
そと	外	15	186	32
そね	埆	0	186	32
そね	埣	0	186	32
その	園	15	186	32
その	薗	15	186	32
その	苑	0	186	32
そば	側	0	186	32
そば	傍	0	186	32
そば	岨	0	186	32
そほ	赭	0	186	32
そま	杣	0	186	32
そめ	染	0	186	32
そもそも	抑	0	186	32
そら	空	15	186	32
そら	天	0	186	32
そら	穹	0	186	32
そら	虚	0	186	32
そり	橇	0	186	32
そり	艝	0	186	32
そり	轌	0	186	32
それがし	某	0	186	32
そろい	揃	0	186	32
そん	存	15	186	32
そん	孫	15	186	32
そん	尊	15	186	32
そん	損	15	186	32
そん	村	15	186	32
そん	噂	0	186	32
そん	墫	0	186	32
そん	巽	0	186	32
そん	忖	0	186	32
そん	拵	0	186	32
そん	栫	0	186	32
そん	樽	0	186	32
そん	蹲	0	186	32
そん	遜	0	186	32
そん	邨	0	186	32
そん	鱒	0	186	32
ぞう	像	15	186	32
ぞう	増	15	186	32
ぞう	憎	15	186	32
ぞう	臓	15	186	32
ぞう	蔵	15	186	32
ぞう	象	15	186	32
ぞう	贈	15	186	32
ぞう	造	15	186	32
ぞう	雑	15	186	32
ぞう	三	0	186	32
ぞう	噌	0	186	32
ぞう	奘	0	186	32
ぞう	弉	0	186	32
ぞう	慥	0	186	32
ぞう	曹	0	186	32
ぞう	臟	0	186	32
ぞう	臧	0	186	32
ぞう	藏	0	186	32
ぞう	襍	0	186	32
ぞう	賍	0	186	32
ぞう	贓	0	186	32
ぞう	雜	0	186	32
ぞく	俗	15	186	32
ぞく	属	15	186	32
ぞく	族	15	186	32
ぞく	続	15	186	32
ぞく	賊	15	186	32
ぞく	屬	0	186	32
ぞく	簇	0	186	32
ぞく	粟	0	186	32
ぞく	續	0	186	32
ぞく	蔟	0	186	32
ぞく	贖	0	186	32
ぞく	鏃	0	186	32
ぞん	存	15	186	32
た	他	15	186	32
た	多	15	186	32
た	田	15	186	32
た	佗	0	186	32
た	侘	0	186	32
た	咤	0	186	32
た	唾	0	186	32
た	夛	0	186	32
た	太	0	186	32
た	妥	0	186	32
た	它	0	186	32
た	岔	0	186	32
た	手	0	186	32
た	打	0	186	32
た	朶	0	186	32
た	柁	0	186	32
た	汰	0	186	32
た	沱	0	186	32
た	荼	0	186	32
た	詑	0	186	32
た	詫	0	186	32
た	躱	0	186	32
た	陏	0	186	32
た	駄	0	186	32
た	駝	0	186	32
た	鴕	0	186	32
たい	代	15	186	32
たい	体	15	186	32
たい	台	15	186	32
たい	大	15	186	32
たい	太	15	186	32
たい	対	15	186	32
たい	帯	15	186	32
たい	待	15	186	32
たい	怠	15	186	32
たい	態	15	186	32
たい	替	15	186	32
たい	泰	15	186	32
たい	滞	15	186	32
たい	耐	15	186	32
たい	胎	15	186	32
たい	袋	15	186	32
たい	貸	15	186	32
たい	退	15	186	32
たい	逮	15	186	32
たい	隊	15	186	32
たい	兌	0	186	32
たい	垈	0	186	32
たい	堆	0	186	32
たい	對	0	186	32
たい	岱	0	186	32
たい	帝	0	186	32
たい	帶	0	186	32
たい	戴	0	186	32
たい	抬	0	186	32
たい	擡	0	186	32
たい	棣	0	186	32
たい	殆	0	186	32
たい	汰	0	186	32
たい	滯	0	186	32
たい	玳	0	186	32
たい	碓	0	186	32
たい	紿	0	186	32
たい	腿	0	186	32
たい	臺	0	186	32
たい	苔	0	186	32
たい	蔕	0	186	32
たい	薹	0	186	32
たい	褪	0	186	32
たい	詒	0	186	32
たい	諦	0	186	32
たい	躰	0	186	32
たい	軆	0	186	32
たい	載	0	186	32
たい	鐓	0	186	32
たい	隶	0	186	32
たい	靆	0	186	32
たい	頽	0	186	32
たい	颱	0	186	32
たい	駘	0	186	32
たい	體	0	186	32
たい	鯛	0	186	32
たい	黛	0	186	32
たいまつ	炬	0	186	32
たいら	平	0	186	32
たえ	妙	0	186	32
たえ	栲	0	186	32
たお	仆	0	186	32
たお	僵	0	186	32
たお	垰	0	186	32
たお	嵶	0	186	32
たか	高	15	186	32
たか	公	0	186	32
たか	卓	0	186	32
たか	喬	0	186	32
たか	孝	0	186	32
たか	尊	0	186	32
たか	尚	0	186	32
たか	尭	0	186	32
たか	峻	0	186	32
たか	崇	0	186	32
たか	嵩	0	186	32
たか	敬	0	186	32
たか	昂	0	186	32
たか	稜	0	186	32
たか	能	0	186	32
たか	誉	0	186	32
たか	譽	0	186	32
たか	貴	0	186	32
たか	軅	0	186	32
たか	隆	0	186	32
たか	鳳	0	186	32
たか	鷹	0	186	32
たかし	傑	0	186	32
たかし	卓	0	186	32
たかし	喬	0	186	32
たかし	堯	0	186	32
たかし	孝	0	186	32
たかし	宗	0	186	32
たかし	尊	0	186	32
たかし	尚	0	186	32
たかし	尭	0	186	32
たかし	岳	0	186	32
たかし	峻	0	186	32
たかし	崇	0	186	32
たかし	嵩	0	186	32
たかし	嶢	0	186	32
たかし	嶽	0	186	32
たかし	巍	0	186	32
たかし	敬	0	186	32
たかし	昂	0	186	32
たかし	皋	0	186	32
たかし	皐	0	186	32
たかし	矯	0	186	32
たかし	節	0	186	32
たかし	貴	0	186	32
たかし	隆	0	186	32
たかし	高	0	186	32
たかどの	楼	0	186	32
たかむら	篁	0	186	32
たから	宝	15	186	32
たから	寳	0	186	32
たから	寶	0	186	32
たから	財	0	186	32
たから	貲	0	186	32
たが	箍	0	186	32
たがね	鏨	0	186	32
たき	滝	15	186	32
たき	瀧	15	186	32
たき	瀑	0	186	32
たきぎ	薪	15	186	32
たきぎ	蕘	0	186	32
たく	卓	15	186	32
たく	宅	15	186	32
たく	度	15	186	32
たく	択	15	186	32
たく	拓	15	186	32
たく	沢	15	186	32
たく	濯	15	186	32
たく	託	15	186	32
たく	倬	0	186	32
たく	啄	0	186	32
たく	啅	0	186	32
たく	巧	0	186	32
たく	戳	0	186	32
たく	托	0	186	32
たく	拆	0	186	32
たく	擇	0	186	32
たく	擢	0	186	32
たく	柘	0	186	32
たく	柝	0	186	32
たく	栲	0	186	32
たく	棹	0	186	32
たく	澤	0	186	32
たく	琢	0	186	32
たく	磔	0	186	32
たく	謫	0	186	32
たく	鈬	0	186	32
たく	鐸	0	186	32
たくま	逞	0	186	32
たくみ	匠	0	186	32
たくみ	工	0	186	32
たくみ	巧	0	186	32
たぐい	倫	0	186	32
たぐい	畴	0	186	32
たぐい	疇	0	186	32
たぐい	類	0	186	32
たけ	丈	15	186	32
たけ	岳	15	186	32
たけ	竹	15	186	32
たけ	偉	0	186	32
たけ	健	0	186	32
たけ	勇	0	186	32
たけ	壮	0	186	32
たけ	壯	0	186	32
たけ	威	0	186	32
たけ	孟	0	186	32
たけ	嵩	0	186	32
たけ	嶽	0	186	32
たけ	巌	0	186	32
たけ	建	0	186	32
たけ	武	0	186	32
たけ	毅	0	186	32
たけ	猛	0	186	32
たけ	茸	0	186	32
たけ	豪	0	186	32
たけ	赳	0	186	32
たけ	長	0	186	32
たけ	雄	0	186	32
たけし	丈	0	186	32
たけし	健	0	186	32
たけし	傑	0	186	32
たけし	剛	0	186	32
たけし	勇	0	186	32
たけし	壮	0	186	32
たけし	壯	0	186	32
たけし	威	0	186	32
たけし	彪	0	186	32
たけし	杰	0	186	32
たけし	武	0	186	32
たけし	毅	0	186	32
たけし	洸	0	186	32
たけし	猛	0	186	32
たけし	豪	0	186	32
たけし	赳	0	186	32
たけし	雄	0	186	32
たけなわ	酣	0	186	32
たけなわ	闌	0	186	32
たけのこ	笋	0	186	32
たけのこ	筍	0	186	32
たける	健	0	186	32
たける	剛	0	186	32
たける	猛	0	186	32
たこ	凧	0	186	32
たこ	胝	0	186	32
たこ	蛸	0	186	32
たこ	鮹	0	186	32
たこ	鱆	0	186	32
たし	聢	0	186	32
たしかに	聢	0	186	32
たすき	襷	0	186	32
たすく	丞	0	186	32
たすく	佐	0	186	32
たすく	佑	0	186	32
たすく	侑	0	186	32
たすく	助	0	186	32
たすく	救	0	186	32
たすく	祐	0	186	32
たすく	翼	0	186	32
たすく	資	0	186	32
たすく	賛	0	186	32
たすく	贊	0	186	32
たすく	輔	0	186	32
たず	鶴	0	186	32
たたず	佇	0	186	32
たたみ	畳	15	186	32
たたみ	疂	0	186	32
たたみ	疉	0	186	32
たたみ	疊	0	186	32
ただ	允	0	186	32
ただ	匡	0	186	32
ただ	只	0	186	32
ただ	唯	0	186	32
ただ	忠	0	186	32
ただ	惟	0	186	32
ただ	斉	0	186	32
ただ	欽	0	186	32
ただ	正	0	186	32
ただ	直	0	186	32
ただ	禎	0	186	32
ただ	端	0	186	32
ただ	貭	0	186	32
ただ	質	0	186	32
ただ	齊	0	186	32
ただし	侃	0	186	32
ただし	允	0	186	32
ただし	公	0	186	32
ただし	匡	0	186	32
ただし	幹	0	186	32
ただし	征	0	186	32
ただし	律	0	186	32
ただし	忠	0	186	32
ただし	恕	0	186	32
ただし	正	0	186	32
ただし	直	0	186	32
ただし	眞	0	186	32
ただし	真	0	186	32
ただし	禎	0	186	32
ただし	端	0	186	32
ただし	義	0	186	32
ただし	規	0	186	32
ただし	貞	0	186	32
ただし	雅	0	186	32
ただす	匡	0	186	32
ただす	廸	0	186	32
ただす	貞	0	186	32
ただす	迪	0	186	32
たち	舘	0	186	32
たち	貭	0	186	32
たち	質	0	186	32
たち	逹	0	186	32
たち	達	0	186	32
たち	館	0	186	32
たちばな	橘	0	186	32
たつ	竜	15	186	32
たつ	達	15	186	32
たつ	龍	15	186	32
たつ	妲	0	186	32
たつ	怛	0	186	32
たつ	撻	0	186	32
たつ	燵	0	186	32
たつ	獺	0	186	32
たつ	脱	0	186	32
たつ	辰	0	186	32
たつ	逹	0	186	32
たつ	闥	0	186	32
たつ	靼	0	186	32
たつ	韃	0	186	32
たつき	鐇	0	186	32
たつみ	巽	0	186	32
たて	盾	15	186	32
たて	縦	15	186	32
たて	楯	0	186	32
たて	立	0	186	32
たて	竪	0	186	32
たて	縱	0	186	32
たて	舘	0	186	32
たて	館	0	186	32
たてがみ	鬣	0	186	32
たで	蓼	0	186	32
たと	譬	0	186	32
たとえ	譬	0	186	32
たな	棚	15	186	32
たな	店	0	186	32
たなごころ	掌	0	186	32
たに	谷	15	186	32
たに	壑	0	186	32
たに	渓	0	186	32
たに	溪	0	186	32
たに	谿	0	186	32
たぬき	狸	0	186	32
たぬき	貍	0	186	32
たね	種	15	186	32
たね	胤	0	186	32
たの	樂	0	186	32
たのし	凱	0	186	32
たば	束	15	186	32
たばこ	莨	0	186	32
たび	度	15	186	32
たび	旅	15	186	32
たぶ	椨	0	186	32
たぶさ	髻	0	186	32
たぶのき	椨	0	186	32
たぼ	髱	0	186	32
たま	弾	15	186	32
たま	玉	15	186	32
たま	球	15	186	32
たま	霊	15	186	32
たま	丸	0	186	32
たま	圭	0	186	32
たま	彈	0	186	32
たま	玲	0	186	32
たま	珠	0	186	32
たま	瑤	0	186	32
たま	瑶	0	186	32
たま	璧	0	186	32
たま	瓊	0	186	32
たま	靈	0	186	32
たま	魂	0	186	32
たまき	環	0	186	32
たまご	卵	15	186	32
たましい	魂	15	186	32
たましい	霊	0	186	32
たましい	靈	0	186	32
たましい	魄	0	186	32
たまたま	偶	0	186	32
たまたま	適	0	186	32
たまもの	賜	0	186	32
たみ	民	15	186	32
たみ	農	0	186	32
たみ	黎	0	186	32
たむろ	屯	0	186	32
ため	溜	0	186	32
ため	為	0	186	32
ため	爲	0	186	32
ためし	例	0	186	32
ためら	躇	0	186	32
ためら	躊	0	186	32
たもつ	保	0	186	32
たもつ	完	0	186	32
たもつ	有	0	186	32
たもと	袂	0	186	32
たら	膤	0	186	32
たら	鱈	0	186	32
たらい	盥	0	186	32
たり	垂	0	186	32
たり	足	0	186	32
たる	墫	0	186	32
たる	樽	0	186	32
たるき	桷	0	186	32
たるき	椽	0	186	32
たるき	榱	0	186	32
たれ	垂	0	186	32
たれ	誰	0	186	32
たれがみ	髦	0	186	32
たわ	乢	0	186	32
たわごと	囈	0	186	32
たわら	俵	15	186	32
たん	丹	15	186	32
たん	単	15	186	32
たん	反	15	186	32
たん	嘆	15	186	32
たん	壇	15	186	32
たん	担	15	186	32
たん	探	15	186	32
たん	淡	15	186	32
たん	炭	15	186	32
たん	短	15	186	32
たん	端	15	186	32
たん	胆	15	186	32
たん	誕	15	186	32
たん	鍛	15	186	32
たん	丼	0	186	32
たん	亶	0	186	32
たん	但	0	186	32
たん	啖	0	186	32
たん	啗	0	186	32
たん	單	0	186	32
たん	坦	0	186	32
たん	堪	0	186	32
たん	壜	0	186	32
たん	弾	0	186	32
たん	彖	0	186	32
たん	怛	0	186	32
たん	慱	0	186	32
たん	憚	0	186	32
たん	憺	0	186	32
たん	摶	0	186	32
たん	擔	0	186	32
たん	攤	0	186	32
たん	旦	0	186	32
たん	曇	0	186	32
たん	椴	0	186	32
たん	槫	0	186	32
たん	檀	0	186	32
たん	檐	0	186	32
たん	歎	0	186	32
たん	殫	0	186	32
たん	段	0	186	32
たん	毯	0	186	32
たん	湍	0	186	32
たん	湛	0	186	32
たん	潭	0	186	32
たん	澹	0	186	32
たん	猯	0	186	32
たん	疸	0	186	32
たん	痰	0	186	32
たん	眈	0	186	32
たん	站	0	186	32
たん	箪	0	186	32
たん	綻	0	186	32
たん	緞	0	186	32
たん	罎	0	186	32
たん	耽	0	186	32
たん	膽	0	186	32
たん	葮	0	186	32
たん	蕁	0	186	32
たん	蛋	0	186	32
たん	蜑	0	186	32
たん	袒	0	186	32
たん	褝	0	186	32
たん	襌	0	186	32
たん	覃	0	186	32
たん	談	0	186	32
たん	譚	0	186	32
たん	貪	0	186	32
たん	賺	0	186	32
たん	赧	0	186	32
たん	鄲	0	186	32
たん	酖	0	186	32
たん	鐔	0	186	32
たん	靼	0	186	32
たん	餤	0	186	32
たん	騨	0	186	32
だ	堕	15	186	32
だ	妥	15	186	32
だ	惰	15	186	32
だ	打	15	186	32
だ	蛇	15	186	32
だ	陀	15	186	32
だ	駄	15	186	32
だ	儺	0	186	32
だ	兌	0	186	32
だ	唾	0	186	32
だ	墮	0	186	32
だ	太	0	186	32
だ	娜	0	186	32
だ	懦	0	186	32
だ	拏	0	186	32
だ	拿	0	186	32
だ	攤	0	186	32
だ	朶	0	186	32
だ	柁	0	186	32
だ	梛	0	186	32
だ	楕	0	186	32
だ	橢	0	186	32
だ	沱	0	186	32
だ	糯	0	186	32
だ	舵	0	186	32
だ	荼	0	186	32
だ	雫	0	186	32
だ	駝	0	186	32
だ	騨	0	186	32
だ	鴕	0	186	32
だい	代	15	186	32
だい	内	15	186	32
だい	台	15	186	32
だい	大	15	186	32
だい	弟	15	186	32
だい	第	15	186	32
だい	題	15	186	32
だい	乃	0	186	32
だい	太	0	186	32
だい	奈	0	186	32
だい	岱	0	186	32
だい	廼	0	186	32
だい	待	0	186	32
だい	提	0	186	32
だい	睇	0	186	32
だい	紿	0	186	32
だい	耐	0	186	32
だい	臺	0	186	32
だい	薹	0	186	32
だい	迺	0	186	32
だい	醍	0	186	32
だい	餒	0	186	32
だい	駘	0	186	32
だいだい	橙	0	186	32
だく	濁	15	186	32
だく	諾	15	186	32
だく	搦	0	186	32
だけ	丈	0	186	32
だし	出	0	186	32
だち	逹	0	186	32
だち	達	0	186	32
だちょう	鴕	0	186	32
だつ	奪	15	186	32
だつ	脱	15	186	32
だつ	妲	0	186	32
だつ	怛	0	186	32
だつ	獺	0	186	32
だつ	韃	0	186	32
だて	舘	0	186	32
だて	館	0	186	32
だれ	誰	0	186	32
だん	団	15	186	32
だん	壇	15	186	32
だん	弾	15	186	32
だん	断	15	186	32
だん	暖	15	186	32
だん	段	15	186	32
だん	男	15	186	32
だん	談	15	186	32
だん	團	0	186	32
だん	彈	0	186	32
だん	慱	0	186	32
だん	摶	0	186	32
だん	斷	0	186	32
だん	旦	0	186	32
だん	椴	0	186	32
だん	檀	0	186	32
だん	灘	0	186	32
だん	煖	0	186	32
だん	緞	0	186	32
だん	葮	0	186	32
だん	譚	0	186	32
だん	赧	0	186	32
だん	騨	0	186	32
だーす	打	0	186	32
ち	乳	15	186	32
ち	値	15	186	32
ち	千	15	186	32
ち	地	15	186	32
ち	恥	15	186	32
ち	池	15	186	32
ち	治	15	186	32
ち	痴	15	186	32
ち	知	15	186	32
ち	稚	15	186	32
ち	置	15	186	32
ち	致	15	186	32
ち	血	15	186	32
ち	質	15	186	32
ち	遅	15	186	32
ち	夂	0	186	32
ち	峙	0	186	32
ち	弛	0	186	32
ち	徴	0	186	32
ち	持	0	186	32
ち	智	0	186	32
ち	癡	0	186	32
ち	直	0	186	32
ち	祉	0	186	32
ち	穉	0	186	32
ち	笞	0	186	32
ち	緻	0	186	32
ち	耻	0	186	32
ち	胝	0	186	32
ち	茅	0	186	32
ち	薙	0	186	32
ち	蜘	0	186	32
ち	袮	0	186	32
ち	褫	0	186	32
ち	豸	0	186	32
ち	貭	0	186	32
ち	踟	0	186	32
ち	躓	0	186	32
ち	輊	0	186	32
ち	遲	0	186	32
ち	雉	0	186	32
ち	馳	0	186	32
ち	魑	0	186	32
ち	黐	0	186	32
ち	黹	0	186	32
ちか	及	0	186	32
ちか	周	0	186	32
ちか	哉	0	186	32
ちか	尓	0	186	32
ちか	幾	0	186	32
ちか	愛	0	186	32
ちか	爾	0	186	32
ちか	睦	0	186	32
ちか	至	0	186	32
ちか	親	0	186	32
ちか	近	0	186	32
ちかし	幾	0	186	32
ちかし	親	0	186	32
ちから	力	15	186	32
ちから	税	0	186	32
ちがや	茅	0	186	32
ちき	飭	0	186	32
ちぎ	杠	0	186	32
ちぎり	杠	0	186	32
ちく	畜	15	186	32
ちく	竹	15	186	32
ちく	築	15	186	32
ちく	蓄	15	186	32
ちく	逐	15	186	32
ちく	矗	0	186	32
ちく	竺	0	186	32
ちく	筑	0	186	32
ちち	乳	15	186	32
ちち	父	15	186	32
ちぢみ	縮	0	186	32
ちつ	秩	15	186	32
ちつ	窒	15	186	32
ちつ	帙	0	186	32
ちつ	腟	0	186	32
ちつ	膣	0	186	32
ちつ	蟄	0	186	32
ちどり	鵆	0	186	32
ちまき	粽	0	186	32
ちまた	巷	0	186	32
ちまた	衢	0	186	32
ちゃ	茶	15	186	32
ちゃく	嫡	15	186	32
ちゃく	着	15	186	32
ちゃく	墸	0	186	32
ちゃく	彳	0	186	32
ちゃく	摘	0	186	32
ちゃく	擲	0	186	32
ちゃく	著	0	186	32
ちゃく	躇	0	186	32
ちゅ	丶	0	186	32
ちゅ	柱	0	186	32
ちゅ	蛛	0	186	32
ちゅ	註	0	186	32
ちゅ	誅	0	186	32
ちゅ	駐	0	186	32
ちゅう	中	15	186	32
ちゅう	仲	15	186	32
ちゅう	宙	15	186	32
ちゅう	忠	15	186	32
ちゅう	抽	15	186	32
ちゅう	昼	15	186	32
ちゅう	柱	15	186	32
ちゅう	沖	15	186	32
ちゅう	注	15	186	32
ちゅう	虫	15	186	32
ちゅう	衷	15	186	32
ちゅう	鋳	15	186	32
ちゅう	駐	15	186	32
ちゅう	丑	0	186	32
ちゅう	偸	0	186	32
ちゅう	儔	0	186	32
ちゅう	冑	0	186	32
ちゅう	冲	0	186	32
ちゅう	厨	0	186	32
ちゅう	廚	0	186	32
ちゅう	惆	0	186	32
ちゅう	晝	0	186	32
ちゅう	狆	0	186	32
ちゅう	畴	0	186	32
ちゅう	疇	0	186	32
ちゅう	稠	0	186	32
ちゅう	籀	0	186	32
ちゅう	籌	0	186	32
ちゅう	紂	0	186	32
ちゅう	紐	0	186	32
ちゅう	紬	0	186	32
ちゅう	綢	0	186	32
ちゅう	肘	0	186	32
ちゅう	胄	0	186	32
ちゅう	蟄	0	186	32
ちゅう	蟲	0	186	32
ちゅう	註	0	186	32
ちゅう	誅	0	186	32
ちゅう	躊	0	186	32
ちゅう	酎	0	186	32
ちゅう	鈕	0	186	32
ちゅう	鍮	0	186	32
ちゅう	鑄	0	186	32
ちゅつ	黜	0	186	32
ちゅん	椿	0	186	32
ちょ	緒	15	186	32
ちょ	著	15	186	32
ちょ	貯	15	186	32
ちょ	佇	0	186	32
ちょ	儲	0	186	32
ちょ	墸	0	186	32
ちょ	杼	0	186	32
ちょ	楮	0	186	32
ちょ	樗	0	186	32
ちょ	潴	0	186	32
ちょ	瀦	0	186	32
ちょ	猪	0	186	32
ちょ	竚	0	186	32
ちょ	箸	0	186	32
ちょ	紵	0	186	32
ちょ	苧	0	186	32
ちょ	莇	0	186	32
ちょ	豬	0	186	32
ちょ	躇	0	186	32
ちょう	丁	15	186	32
ちょう	兆	15	186	32
ちょう	帳	15	186	32
ちょう	庁	15	186	32
ちょう	弔	15	186	32
ちょう	張	15	186	32
ちょう	彫	15	186	32
ちょう	徴	15	186	32
ちょう	懲	15	186	32
ちょう	挑	15	186	32
ちょう	朝	15	186	32
ちょう	潮	15	186	32
ちょう	澄	15	186	32
ちょう	町	15	186	32
ちょう	眺	15	186	32
ちょう	聴	15	186	32
ちょう	脹	15	186	32
ちょう	腸	15	186	32
ちょう	調	15	186	32
ちょう	超	15	186	32
ちょう	跳	15	186	32
ちょう	重	15	186	32
ちょう	釣	15	186	32
ちょう	長	15	186	32
ちょう	頂	15	186	32
ちょう	鳥	15	186	32
ちょう	佻	0	186	32
ちょう	停	0	186	32
ちょう	冢	0	186	32
ちょう	凋	0	186	32
ちょう	吊	0	186	32
ちょう	喋	0	186	32
ちょう	嘲	0	186	32
ちょう	塚	0	186	32
ちょう	寵	0	186	32
ちょう	帖	0	186	32
ちょう	幀	0	186	32
ちょう	廰	0	186	32
ちょう	廳	0	186	32
ちょう	微	0	186	32
ちょう	悵	0	186	32
ちょう	打	0	186	32
ちょう	挺	0	186	32
ちょう	掉	0	186	32
ちょう	昶	0	186	32
ちょう	晁	0	186	32
ちょう	暢	0	186	32
ちょう	朷	0	186	32
ちょう	梃	0	186	32
ちょう	楪	0	186	32
ちょう	樢	0	186	32
ちょう	漲	0	186	32
ちょう	澂	0	186	32
ちょう	牒	0	186	32
ちょう	甼	0	186	32
ちょう	疔	0	186	32
ちょう	窕	0	186	32
ちょう	笘	0	186	32
ちょう	糶	0	186	32
ちょう	聽	0	186	32
ちょう	肇	0	186	32
ちょう	膓	0	186	32
ちょう	萇	0	186	32
ちょう	蔦	0	186	32
ちょう	蜩	0	186	32
ちょう	蝶	0	186	32
ちょう	誂	0	186	32
ちょう	諜	0	186	32
ちょう	貂	0	186	32
ちょう	貼	0	186	32
ちょう	趙	0	186	32
ちょう	輒	0	186	32
ちょう	輙	0	186	32
ちょう	迢	0	186	32
ちょう	迯	0	186	32
ちょう	逃	0	186	32
ちょう	酊	0	186	32
ちょう	銚	0	186	32
ちょう	雕	0	186	32
ちょう	髫	0	186	32
ちょう	鬯	0	186	32
ちょう	鯛	0	186	32
ちょう	鰈	0	186	32
ちょう	齠	0	186	32
ちょく	勅	15	186	32
ちょく	直	15	186	32
ちょく	値	0	186	32
ちょく	捗	0	186	32
ちょく	敕	0	186	32
ちょく	稙	0	186	32
ちょく	躅	0	186	32
ちょく	陟	0	186	32
ちょく	飭	0	186	32
ちり	塵	0	186	32
ちん	朕	15	186	32
ちん	沈	15	186	32
ちん	珍	15	186	32
ちん	賃	15	186	32
ちん	鎮	15	186	32
ちん	陳	15	186	32
ちん	亭	0	186	32
ちん	枕	0	186	32
ちん	椹	0	186	32
ちん	椿	0	186	32
ちん	灯	0	186	32
ちん	燈	0	186	32
ちん	狆	0	186	32
ちん	珎	0	186	32
ちん	砧	0	186	32
ちん	碪	0	186	32
ちん	趁	0	186	32
ちん	酖	0	186	32
ちん	鍖	0	186	32
ちん	鎭	0	186	32
ちん	闖	0	186	32
ちん	陣	0	186	32
ちん	鴆	0	186	32
ちんば	跛	0	186	32
ぢ	痔	0	186	32
ぢゅう	中	63	186	32
つ	津	15	186	32
つ	通	15	186	32
つ	晦	0	186	32
つ	柘	0	186	32
つ	繼	0	186	32
つ	覩	0	186	32
つ	都	0	186	32
つい	墜	15	186	32
つい	対	15	186	32
つい	追	15	186	32
つい	堆	0	186	32
つい	對	0	186	32
つい	椎	0	186	32
つい	槌	0	186	32
つい	終	0	186	32
つい	縋	0	186	32
つい	錘	0	186	32
つい	鎚	0	186	32
ついたち	朔	0	186	32
つう	痛	15	186	32
つう	通	15	186	32
つう	桶	0	186	32
つえ	杖	0	186	32
つか	塚	15	186	32
つか	冢	0	186	32
つか	束	0	186	32
つか	柄	0	186	32
つか	閊	0	186	32
つかえ	痞	0	186	32
つかえる	閊	0	186	32
つかさ	主	0	186	32
つかさ	僚	0	186	32
つかさ	司	0	186	32
つかさ	官	0	186	32
つかさ	宰	0	186	32
つかさ	寮	0	186	32
つが	栂	0	186	32
つがい	番	0	186	32
つき	月	15	186	32
つき	付	0	186	32
つき	坏	0	186	32
つき	槻	0	186	32
つき	欟	0	186	32
つき	調	0	186	32
つぎ	次	15	186	32
つぎ	二	0	186	32
つぎ	亜	0	186	32
つぎ	亞	0	186	32
つぎ	嗣	0	186	32
つぎ	弍	0	186	32
つぎ	紹	0	186	32
つく	筑	0	186	32
つくえ	机	15	186	32
つくえ	几	0	186	32
つくだ	佃	0	186	32
つくり	旁	0	186	32
つぐ	二	0	186	32
つぐ	弍	0	186	32
つぐ	承	0	186	32
つぐ	胤	0	186	32
つぐ	頌	0	186	32
つぐみ	鶇	0	186	32
つぐみ	鶫	0	186	32
つけ	漬	0	186	32
つげ	柘	0	186	32
つごもり	晦	0	186	32
つじ	辻	0	186	32
つた	傳	0	186	32
つた	蔦	0	186	32
つた	蘿	0	186	32
つち	土	15	186	32
つち	地	0	186	32
つち	壌	0	186	32
つち	壤	0	186	32
つち	椎	0	186	32
つち	槌	0	186	32
つち	鎚	0	186	32
つちのえ	戊	0	186	32
つちのと	己	0	186	32
つつ	筒	15	186	32
つつ	砲	0	186	32
つつ	銃	0	186	32
つつし	兢	0	186	32
つつみ	堤	15	186	32
つつみ	包	0	186	32
つつみ	塘	0	186	32
つづ	續	0	186	32
つづき	続	0	186	32
つづま	儉	0	186	32
つづみ	鼓	15	186	32
つづみ	皷	0	186	32
つづら	葛	0	186	32
つづり	綴	0	186	32
つて	伝	0	186	32
つて	傳	0	186	32
つと	苞	0	186	32
つとむ	力	0	186	32
つとむ	功	0	186	32
つとむ	努	0	186	32
つとむ	励	0	186	32
つとむ	勉	0	186	32
つとむ	務	0	186	32
つとむ	勤	0	186	32
つとむ	勵	0	186	32
つとむ	勸	0	186	32
つとむ	孜	0	186	32
つとむ	拳	0	186	32
つとむ	魁	0	186	32
つな	綱	15	186	32
つな	紘	0	186	32
つな	維	0	186	32
つなぎ	繋	0	186	32
つね	常	15	186	32
つね	倫	0	186	32
つね	典	0	186	32
つね	凡	0	186	32
つね	庸	0	186	32
つね	恆	0	186	32
つね	恒	0	186	32
つね	毎	0	186	32
つね	矩	0	186	32
つね	経	0	186	32
つね	經	0	186	32
つね	雅	0	186	32
つの	角	15	186	32
つば	唾	0	186	32
つば	鍔	0	186	32
つば	鐔	0	186	32
つばき	唾	0	186	32
つばき	椿	0	186	32
つばくろ	燕	0	186	32
つばさ	翼	15	186	32
つばめ	燕	0	186	32
つぶ	粒	15	186	32
つぶ	顆	0	186	32
つぶて	礫	0	186	32
つぶや	呟	0	186	32
つぶら	円	0	186	32
つぼ	坪	15	186	32
つぼ	坩	0	186	32
つぼ	壷	0	186	32
つぼ	壺	0	186	32
つぼね	局	0	186	32
つぼみ	莟	0	186	32
つぼみ	蕾	0	186	32
つま	妻	15	186	32
つま	嬬	0	186	32
つま	爪	0	186	32
つま	端	0	186	32
つま	褄	0	186	32
つまず	跌	0	186	32
つまず	蹶	0	186	32
つまず	躓	0	186	32
つみ	罪	15	186	32
つむ	錘	15	186	32
つむ	紡	0	186	32
つむぎ	紬	0	186	32
つむじかぜ	颶	0	186	32
つむじかぜ	飃	0	186	32
つむじかぜ	飄	0	186	32
つむじかぜ	飆	0	186	32
つめ	爪	0	186	32
つや	艶	0	186	32
つや	艷	0	186	32
つゆ	露	15	186	32
つゆ	汁	0	186	32
つよ	倔	0	186	32
つよし	侃	0	186	32
つよし	剛	0	186	32
つよし	強	0	186	32
つよし	彊	0	186	32
つよし	彪	0	186	32
つよし	毅	0	186	32
つよし	豪	0	186	32
つら	面	15	186	32
つら	列	0	186	32
つら	行	0	186	32
つら	貫	0	186	32
つら	連	0	186	32
つらつら	倩	0	186	32
つらつら	熟	0	186	32
つり	吊	0	186	32
つり	釣	0	186	32
つる	弦	15	186	32
つる	敦	0	186	32
つる	絃	0	186	32
つる	蔓	0	186	32
つる	鉉	0	186	32
つる	鶴	0	186	32
つるぎ	剣	15	186	32
つるぎ	剱	0	186	32
つるぎ	劍	0	186	32
つるぎ	劒	0	186	32
つるぎ	劔	0	186	32
つるぎ	釼	0	186	32
つるばみ	橡	0	186	32
つれあい	儷	0	186	32
つれあい	逑	0	186	32
つわもの	兵	0	186	32
づ	津	0	186	32
づか	塚	0	186	32
づめ	詰	0	186	32
て	弖	0	186	32
て	手	0	186	32
てい	丁	15	186	32
てい	亭	15	186	32
てい	低	15	186	32
てい	体	15	186	32
てい	停	15	186	32
てい	偵	15	186	32
てい	呈	15	186	32
てい	堤	15	186	32
てい	定	15	186	32
てい	帝	15	186	32
てい	底	15	186	32
てい	庭	15	186	32
てい	廷	15	186	32
てい	弟	15	186	32
てい	抵	15	186	32
てい	提	15	186	32
てい	程	15	186	32
てい	締	15	186	32
てい	艇	15	186	32
てい	訂	15	186	32
てい	貞	15	186	32
てい	逓	15	186	32
てい	邸	15	186	32
てい	剃	0	186	32
てい	剔	0	186	32
てい	叮	0	186	32
てい	啼	0	186	32
てい	嚏	0	186	32
てい	嚔	0	186	32
てい	岻	0	186	32
てい	幀	0	186	32
てい	悌	0	186	32
てい	挺	0	186	32
てい	掟	0	186	32
てい	替	0	186	32
てい	柢	0	186	32
てい	梃	0	186	32
てい	梯	0	186	32
てい	棣	0	186	32
てい	楴	0	186	32
てい	汀	0	186	32
てい	洟	0	186	32
てい	涕	0	186	32
てい	渟	0	186	32
てい	滞	0	186	32
てい	滯	0	186	32
てい	牴	0	186	32
てい	眤	0	186	32
てい	睇	0	186	32
てい	碇	0	186	32
てい	禎	0	186	32
てい	第	0	186	32
てい	綴	0	186	32
てい	羝	0	186	32
てい	蒂	0	186	32
てい	蔕	0	186	32
てい	薙	0	186	32
てい	蟶	0	186	32
てい	裼	0	186	32
てい	觝	0	186	32
てい	詆	0	186	32
てい	諦	0	186	32
てい	蹄	0	186	32
てい	躰	0	186	32
てい	軆	0	186	32
てい	逞	0	186	32
てい	遉	0	186	32
てい	遞	0	186	32
てい	鄭	0	186	32
てい	酊	0	186	32
てい	酲	0	186	32
てい	釘	0	186	32
てい	錣	0	186	32
てい	霆	0	186	32
てい	騁	0	186	32
てい	體	0	186	32
てい	髢	0	186	32
てい	鵜	0	186	32
てい	鼎	0	186	32
てき	摘	15	186	32
てき	敵	15	186	32
てき	滴	15	186	32
てき	的	15	186	32
てき	笛	15	186	32
てき	適	15	186	32
てき	俶	0	186	32
てき	剔	0	186	32
てき	嫡	0	186	32
てき	廸	0	186	32
てき	彳	0	186	32
てき	擢	0	186	32
てき	擲	0	186	32
てき	滌	0	186	32
てき	狄	0	186	32
てき	糴	0	186	32
てき	荻	0	186	32
てき	覿	0	186	32
てき	躑	0	186	32
てき	迪	0	186	32
てき	逖	0	186	32
てき	鏑	0	186	32
てぐるま	輦	0	186	32
てこ	梃	0	186	32
てつ	哲	15	186	32
てつ	徹	15	186	32
てつ	撤	15	186	32
てつ	迭	15	186	32
てつ	鉄	15	186	32
てつ	佚	0	186	32
てつ	咥	0	186	32
てつ	啜	0	186	32
てつ	垤	0	186	32
てつ	姪	0	186	32
てつ	屮	0	186	32
てつ	畷	0	186	32
てつ	綴	0	186	32
てつ	耋	0	186	32
てつ	跌	0	186	32
てつ	輟	0	186	32
てつ	轍	0	186	32
てつ	銕	0	186	32
てつ	錣	0	186	32
てつ	鐡	0	186	32
てつ	鐵	0	186	32
てつ	餮	0	186	32
てのひら	掌	0	186	32
てら	寺	15	186	32
てる	光	0	186	32
てる	明	0	186	32
てる	映	0	186	32
てる	昭	0	186	32
てる	晃	0	186	32
てる	晄	0	186	32
てる	晟	0	186	32
てる	暉	0	186	32
てる	暎	0	186	32
てる	栄	0	186	32
てる	榮	0	186	32
てる	照	0	186	32
てる	燿	0	186	32
てる	耀	0	186	32
てる	英	0	186	32
てる	輝	0	186	32
てん	典	15	186	32
てん	天	15	186	32
てん	展	15	186	32
てん	店	15	186	32
てん	殿	15	186	32
てん	添	15	186	32
てん	点	15	186	32
てん	転	15	186	32
てん	傳	0	186	32
てん	唸	0	186	32
てん	囀	0	186	32
てん	填	0	186	32
てん	壥	0	186	32
てん	奠	0	186	32
てん	巓	0	186	32
てん	廛	0	186	32
てん	忝	0	186	32
てん	恬	0	186	32
てん	椽	0	186	32
てん	槇	0	186	32
てん	槙	0	186	32
てん	殄	0	186	32
てん	沺	0	186	32
てん	沾	0	186	32
てん	甜	0	186	32
てん	甸	0	186	32
てん	畋	0	186	32
てん	癜	0	186	32
てん	癲	0	186	32
てん	碾	0	186	32
てん	篆	0	186	32
てん	簟	0	186	32
てん	纏	0	186	32
てん	纒	0	186	32
てん	腆	0	186	32
てん	覘	0	186	32
てん	諂	0	186	32
てん	貂	0	186	32
てん	貼	0	186	32
てん	躔	0	186	32
てん	輾	0	186	32
てん	轉	0	186	32
てん	辿	0	186	32
てん	鈿	0	186	32
てん	電	0	186	32
てん	霑	0	186	32
てん	靦	0	186	32
てん	顛	0	186	32
てん	騨	0	186	32
てん	鷆	0	186	32
てん	鷏	0	186	32
てん	點	0	186	32
で	弟	15	186	32
で	出	0	186	32
でい	泥	15	186	32
でい	濔	0	186	32
でい	祢	0	186	32
でい	禰	0	186	32
でかぐらむ	瓧	0	186	32
でかめーとる	籵	0	186	32
でかりっとる	竍	0	186	32
でき	溺	0	186	32
でき	滌	0	186	32
でこ	凸	0	186	32
でしぐらむ	瓰	0	186	32
でしりっとる	竕	0	186	32
でつ	捏	0	186	32
でつ	涅	0	186	32
でん	伝	15	186	32
でん	殿	15	186	32
でん	田	15	186	32
でん	電	15	186	32
でん	佃	0	186	32
でん	傳	0	186	32
でん	奠	0	186	32
でん	椽	0	186	32
でん	沺	0	186	32
でん	淀	0	186	32
でん	澱	0	186	32
でん	甸	0	186	32
でん	畋	0	186	32
でん	碾	0	186	32
でん	粘	0	186	32
でん	臀	0	186	32
でん	輾	0	186	32
でん	鈿	0	186	32
でん	黏	0	186	32
と	十	15	186	32
と	吐	15	186	32
と	図	15	186	32
と	土	15	186	32
と	塗	15	186	32
と	度	15	186	32
と	戸	15	186	32
と	斗	15	186	32
と	渡	15	186	32
と	登	15	186	32
と	途	15	186	32
と	都	15	186	32
と	頭	15	186	32
と	与	0	186	32
と	人	0	186	32
と	兎	0	186	32
と	兔	0	186	32
と	兜	0	186	32
と	圖	0	186	32
と	堵	0	186	32
と	外	0	186	32
と	妬	0	186	32
と	屠	0	186	32
と	徒	0	186	32
と	抖	0	186	32
と	曁	0	186	32
と	杜	0	186	32
と	睹	0	186	32
と	砥	0	186	32
と	砺	0	186	32
と	礪	0	186	32
と	緘	0	186	32
と	肚	0	186	32
と	與	0	186	32
と	荼	0	186	32
と	莵	0	186	32
と	菟	0	186	32
と	蚪	0	186	32
と	蠧	0	186	32
と	蠹	0	186	32
と	覩	0	186	32
と	賭	0	186	32
と	跿	0	186	32
と	鍍	0	186	32
と	闍	0	186	32
とい	問	0	186	32
とい	樋	0	186	32
とう	倒	15	186	32
とう	党	15	186	32
とう	冬	15	186	32
とう	凍	15	186	32
とう	刀	15	186	32
とう	到	15	186	32
とう	唐	15	186	32
とう	塔	15	186	32
とう	島	15	186	32
とう	嶋	15	186	32
とう	当	15	186	32
とう	悼	15	186	32
とう	投	15	186	32
とう	搭	15	186	32
とう	東	15	186	32
とう	桃	15	186	32
とう	棟	15	186	32
とう	湯	15	186	32
とう	灯	15	186	32
とう	燈	15	186	32
とう	痘	15	186	32
とう	登	15	186	32
とう	盗	15	186	32
とう	稲	15	186	32
とう	等	15	186	32
とう	筒	15	186	32
とう	答	15	186	32
とう	糖	15	186	32
とう	納	15	186	32
とう	統	15	186	32
とう	討	15	186	32
とう	読	15	186	32
とう	謄	15	186	32
とう	豆	15	186	32
とう	踏	15	186	32
とう	逃	15	186	32
とう	透	15	186	32
とう	道	15	186	32
とう	闘	15	186	32
とう	陶	15	186	32
とう	頭	15	186	32
とう	騰	15	186	32
とう	亠	0	186	32
とう	任	0	186	32
とう	偸	0	186	32
とう	僮	0	186	32
とう	儻	0	186	32
とう	兜	0	186	32
とう	剳	0	186	32
とう	動	0	186	32
とう	叨	0	186	32
とう	同	0	186	32
とう	啅	0	186	32
とう	堂	0	186	32
とう	塘	0	186	32
とう	套	0	186	32
とう	宕	0	186	32
とう	嶌	0	186	32
とう	嶝	0	186	32
とう	幀	0	186	32
とう	幢	0	186	32
とう	恫	0	186	32
とう	慟	0	186	32
とう	抖	0	186	32
とう	掉	0	186	32
とう	掏	0	186	32
とう	搗	0	186	32
とう	搨	0	186	32
とう	撓	0	186	32
とう	撞	0	186	32
とう	擣	0	186	32
とう	斗	0	186	32
とう	朷	0	186	32
とう	桐	0	186	32
とう	档	0	186	32
とう	桶	0	186	32
とう	梼	0	186	32
とう	棠	0	186	32
とう	棹	0	186	32
とう	榻	0	186	32
とう	樋	0	186	32
とう	橙	0	186	32
とう	橦	0	186	32
とう	檮	0	186	32
とう	櫂	0	186	32
とう	沓	0	186	32
とう	洞	0	186	32
とう	涛	0	186	32
とう	淌	0	186	32
とう	淘	0	186	32
とう	溏	0	186	32
とう	滔	0	186	32
とう	滕	0	186	32
とう	潼	0	186	32
とう	濤	0	186	32
とう	當	0	186	32
とう	疼	0	186	32
とう	痛	0	186	32
とう	盜	0	186	32
とう	盪	0	186	32
とう	瞠	0	186	32
とう	瞳	0	186	32
とう	磴	0	186	32
とう	礑	0	186	32
とう	祷	0	186	32
とう	稻	0	186	32
とう	竇	0	186	32
とう	童	0	186	32
とう	箚	0	186	32
とう	籐	0	186	32
とう	籘	0	186	32
とう	粡	0	186	32
とう	絛	0	186	32
とう	綢	0	186	32
とう	綯	0	186	32
とう	縢	0	186	32
とう	纛	0	186	32
とう	罩	0	186	32
とう	胴	0	186	32
とう	艟	0	186	32
とう	苳	0	186	32
とう	荅	0	186	32
とう	荳	0	186	32
とう	萄	0	186	32
とう	董	0	186	32
とう	蕩	0	186	32
とう	薹	0	186	32
とう	藤	0	186	32
とう	蘯	0	186	32
とう	蚪	0	186	32
とう	蝪	0	186	32
とう	螳	0	186	32
とう	蟷	0	186	32
とう	襠	0	186	32
とう	訊	0	186	32
とう	訪	0	186	32
とう	諮	0	186	32
とう	讀	0	186	32
とう	蹈	0	186	32
とう	迯	0	186	32
とう	逗	0	186	32
とう	酘	0	186	32
とう	釖	0	186	32
とう	銅	0	186	32
とう	鍮	0	186	32
とう	鐙	0	186	32
とう	鐺	0	186	32
とう	閙	0	186	32
とう	陦	0	186	32
とう	鞜	0	186	32
とう	鞳	0	186	32
とう	韜	0	186	32
とう	饕	0	186	32
とう	骰	0	186	32
とう	鬥	0	186	32
とう	鬧	0	186	32
とう	鬪	0	186	32
とう	鶇	0	186	32
とう	黨	0	186	32
とう	鼕	0	186	32
とうげ	峠	15	186	32
とうまる	鶤	0	186	32
とうまる	鶸	0	186	32
とお	十	15	186	32
とお	遠	0	186	32
とおる	亨	0	186	32
とおる	享	0	186	32
とおる	亮	0	186	32
とおる	叡	0	186	32
とおる	徹	0	186	32
とおる	暢	0	186	32
とおる	睿	0	186	32
とおる	融	0	186	32
とおる	透	0	186	32
とおる	通	0	186	32
とおる	達	0	186	32
とおる	龍	0	186	32
とが	咎	0	186	32
とが	尤	0	186	32
とが	栂	0	186	32
とが	科	0	186	32
とき	時	15	186	32
とき	凱	0	186	32
とき	刻	0	186	32
とき	季	0	186	32
とき	宗	0	186	32
とき	斉	0	186	32
とき	斎	0	186	32
とき	晨	0	186	32
とき	秋	0	186	32
とき	穐	0	186	32
とき	節	0	186	32
とき	言	0	186	32
とき	辰	0	186	32
とき	閧	0	186	32
とき	鬨	0	186	32
とき	鴇	0	186	32
とき	鴾	0	186	32
とき	齊	0	186	32
とき	齋	0	186	32
とき	龝	0	186	32
とぎ	伽	0	186	32
とく	匿	15	186	32
とく	得	15	186	32
とく	徳	15	186	32
とく	特	15	186	32
とく	督	15	186	32
とく	篤	15	186	32
とく	読	15	186	32
とく	悳	0	186	32
とく	慝	0	186	32
とく	涜	0	186	32
とく	牘	0	186	32
とく	犢	0	186	32
とく	独	0	186	32
とく	獨	0	186	32
とく	禿	0	186	32
とく	竺	0	186	32
とく	纛	0	186	32
とく	讀	0	186	32
とく	髑	0	186	32
とく	黷	0	186	32
とぐら	塒	0	186	32
とげ	刺	0	186	32
とげ	棘	0	186	32
とこ	常	15	186	32
とこ	床	15	186	32
とこ	所	0	186	32
ところ	所	15	186	32
ところ	処	0	186	32
ところ	處	0	186	32
とし	年	15	186	32
とし	俊	0	186	32
とし	利	0	186	32
とし	勇	0	186	32
とし	壽	0	186	32
とし	季	0	186	32
とし	寿	0	186	32
とし	敏	0	186	32
とし	歳	0	186	32
とし	稔	0	186	32
とし	紀	0	186	32
とし	聡	0	186	32
とし	聰	0	186	32
とし	肇	0	186	32
とし	舜	0	186	32
とし	迅	0	186	32
とし	鋭	0	186	32
とし	駿	0	186	32
とせ	年	0	186	32
とち	挧	0	186	32
とち	杤	0	186	32
とち	栃	0	186	32
とち	橡	0	186	32
とつ	凸	15	186	32
とつ	突	15	186	32
とつ	吶	0	186	32
とつ	咄	0	186	32
とつ	柮	0	186	32
とつ	訥	0	186	32
とて	迚	0	186	32
とても	迚	0	186	32
とど	椴	0	186	32
とどけ	届	0	186	32
とどろき	轟	0	186	32
となかい	麋	0	186	32
となり	隣	15	186	32
となり	鄰	0	186	32
との	殿	15	186	32
とばり	帳	0	186	32
とばり	帷	0	186	32
とばり	幃	0	186	32
とばり	幄	0	186	32
とび	鳶	0	186	32
とび	鴟	0	186	32
とび	鵄	0	186	32
とび	鵈	0	186	32
とびら	扉	15	186	32
とびら	闔	0	186	32
とぼそ	枢	0	186	32
とぼそ	樞	0	186	32
とま	泊	0	186	32
とま	篷	0	186	32
とま	苫	0	186	32
とまり	泊	0	186	32
とみ	冨	15	186	32
とみ	富	15	186	32
とみ	美	0	186	32
とみ	頓	0	186	32
とめ	止	0	186	32
とも	供	15	186	32
とも	共	15	186	32
とも	友	15	186	32
とも	与	0	186	32
とも	伴	0	186	32
とも	倫	0	186	32
とも	偕	0	186	32
とも	儔	0	186	32
とも	具	0	186	32
とも	同	0	186	32
とも	奉	0	186	32
とも	智	0	186	32
とも	朋	0	186	32
とも	朝	0	186	32
とも	知	0	186	32
とも	致	0	186	32
とも	與	0	186	32
とも	艫	0	186	32
とも	那	0	186	32
とも	靹	0	186	32
とも	鞆	0	186	32
ともえ	巴	0	186	32
ともがら	們	0	186	32
ともがら	儔	0	186	32
ともがら	儕	0	186	32
ともがら	輩	0	186	32
ともしび	灯	0	186	32
ともしび	燈	0	186	32
ともしび	燭	0	186	32
ともづな	纜	0	186	32
とや	塒	0	186	32
とよ	豊	0	186	32
とよ	豐	0	186	32
とら	乕	0	186	32
とら	寅	0	186	32
とら	彪	0	186	32
とら	虎	0	186	32
とり	鳥	15	186	32
とり	禽	0	186	32
とり	酉	0	186	32
とり	鶏	0	186	32
とり	鷄	0	186	32
とりこ	虜	15	186	32
とりこ	俘	0	186	32
とりこ	擒	0	186	32
とりで	塁	0	186	32
とりで	塞	0	186	32
とりで	壘	0	186	32
とりで	寨	0	186	32
とりで	砦	0	186	32
とろ	瀞	0	186	32
とん	問	15	186	32
とん	団	15	186	32
とん	屯	15	186	32
とん	豚	15	186	32
とん	丼	0	186	32
とん	呑	0	186	32
とん	噸	0	186	32
とん	團	0	186	32
とん	惇	0	186	32
とん	敦	0	186	32
とん	暾	0	186	32
とん	沌	0	186	32
とん	灯	0	186	32
とん	燈	0	186	32
とん	燉	0	186	32
とん	瓲	0	186	32
とん	褪	0	186	32
とん	貪	0	186	32
とん	遁	0	186	32
とん	遯	0	186	32
とん	頓	0	186	32
とん	飩	0	186	32
とんび	鳶	0	186	32
ど	努	15	186	32
ど	土	15	186	32
ど	奴	15	186	32
ど	度	15	186	32
ど	怒	15	186	32
ど	呶	0	186	32
ど	堵	0	186	32
ど	孥	0	186	32
ど	帑	0	186	32
ど	弩	0	186	32
ど	戸	0	186	32
ど	駑	0	186	32
どう	働	15	186	32
どう	動	15	186	32
どう	同	15	186	32
どう	堂	15	186	32
どう	導	15	186	32
どう	洞	15	186	32
どう	童	15	186	32
どう	胴	15	186	32
どう	道	15	186	32
どう	銅	15	186	32
どう	僮	0	186	32
どう	儂	0	186	32
どう	呶	0	186	32
どう	嫐	0	186	32
どう	幢	0	186	32
どう	恫	0	186	32
どう	慟	0	186	32
どう	憧	0	186	32
どう	撓	0	186	32
どう	撞	0	186	32
どう	桐	0	186	32
どう	棠	0	186	32
どう	橈	0	186	32
どう	檸	0	186	32
どう	溏	0	186	32
どう	滕	0	186	32
どう	潼	0	186	32
どう	獰	0	186	32
どう	瑙	0	186	32
どう	瞠	0	186	32
どう	瞳	0	186	32
どう	碯	0	186	32
どう	筒	0	186	32
どう	耨	0	186	32
どう	臑	0	186	32
どう	艟	0	186	32
どう	萄	0	186	32
どう	藤	0	186	32
どう	鐃	0	186	32
どう	閙	0	186	32
どう	鬧	0	186	32
どく	毒	15	186	32
どく	独	15	186	32
どく	読	15	186	32
どく	特	0	186	32
どく	獨	0	186	32
どく	讀	0	186	32
どく	髑	0	186	32
どじょう	鯲	0	186	32
どじょう	鰌	0	186	32
どつ	吶	0	186	32
どつ	肭	0	186	32
どつ	訥	0	186	32
どの	殿	15	186	32
どぶ	溝	0	186	32
ども	共	0	186	32
どら	鐃	0	186	32
どら	鑼	0	186	32
どる	弗	0	186	32
どろ	泥	15	186	32
どん	曇	15	186	32
どん	鈍	15	186	32
どん	丼	0	186	32
どん	呑	0	186	32
どん	壜	0	186	32
どん	嫩	0	186	32
どん	緞	0	186	32
どん	臀	0	186	32
どん	貪	0	186	32
どん	飩	0	186	32
どんぶり	丼	0	186	32
な	南	15	186	32
な	名	15	186	32
な	納	15	186	32
な	菜	15	186	32
な	做	0	186	32
な	儺	0	186	32
な	奈	0	186	32
な	娜	0	186	32
な	拏	0	186	32
な	拿	0	186	32
な	梛	0	186	32
な	茄	0	186	32
な	那	0	186	32
ない	内	15	186	32
ない	乃	0	186	32
ない	廼	0	186	32
ない	迺	0	186	32
なえ	苗	15	186	32
なお	仍	0	186	32
なお	侃	0	186	32
なお	尚	0	186	32
なお	直	0	186	32
なか	中	15	186	32
なか	仲	15	186	32
なか	半	0	186	32
なか	央	0	186	32
なかだち	媒	0	186	32
なから	半	0	186	32
なが	久	0	186	32
なが	修	0	186	32
なが	壽	0	186	32
なが	寿	0	186	32
なが	暢	0	186	32
なが	永	0	186	32
なが	脩	0	186	32
なが	良	0	186	32
なが	長	0	186	32
ながあめ	霖	0	186	32
ながあめ	霪	0	186	32
ながえ	轅	0	186	32
ながむし	豸	0	186	32
ながら	乍	0	186	32
ながれ	流	0	186	32
なぎ	凪	0	186	32
なぎ	梛	0	186	32
なぎ	椥	0	186	32
なぎ	薙	0	186	32
なぎさ	汀	0	186	32
なぎさ	渚	0	186	32
なぎのき	椥	0	186	32
なし	梨	0	186	32
なし	無	0	186	32
なす	茄	0	186	32
なずな	薺	0	186	32
なぞ	謎	0	186	32
なた	屶	0	186	32
なた	鉈	0	186	32
なだ	灘	0	186	32
なっ	納	15	186	32
なつ	夏	15	186	32
なつ	捺	0	186	32
なつめ	棗	0	186	32
など	抔	0	186	32
など	等	0	186	32
なな	七	15	186	32
なに	何	15	186	32
なにがし	某	0	186	32
なの	七	15	186	32
なべ	鍋	0	186	32
なま	生	15	186	32
なます	膾	0	186	32
なます	鱠	0	186	32
なまず	癜	0	186	32
なまず	鯰	0	186	32
なまり	鉛	15	186	32
なまり	訛	0	186	32
なみ	並	15	186	32
なみ	波	15	186	32
なみ	浪	0	186	32
なみ	涛	0	186	32
なみ	濤	0	186	32
なみ	竝	0	186	32
なみだ	涙	15	186	32
なみだ	泪	0	186	32
なみだ	涕	0	186	32
なめしがわ	鞣	0	186	32
なめしがわ	韋	0	186	32
なら	傚	0	186	32
なら	儷	0	186	32
なら	楢	0	186	32
なら	駢	0	186	32
ならび	双	0	186	32
なり	也	0	186	32
なり	作	0	186	32
なり	就	0	186	32
なり	形	0	186	32
なり	成	0	186	32
なり	斉	0	186	32
なり	業	0	186	32
なり	生	0	186	32
なり	鳴	0	186	32
なり	齊	0	186	32
なわ	縄	15	186	32
なわ	苗	15	186	32
なわ	索	0	186	32
なわ	繩	0	186	32
なわて	畷	0	186	32
なん	何	15	186	32
なん	南	15	186	32
なん	男	15	186	32
なん	納	15	186	32
なん	軟	15	186	32
なん	喃	0	186	32
なん	娚	0	186	32
なん	楠	0	186	32
なん	難	0	186	32
なんじ	乃	0	186	32
なんじ	女	0	186	32
なんじ	尓	0	186	32
なんじ	汝	0	186	32
なんじ	爾	0	186	32
に	二	15	186	32
に	仁	15	186	32
に	児	15	186	32
に	荷	15	186	32
に	丹	0	186	32
に	似	0	186	32
に	兒	0	186	32
に	尓	0	186	32
に	尼	0	186	32
に	弍	0	186	32
に	弐	0	186	32
に	煮	0	186	32
に	爾	0	186	32
に	瓊	0	186	32
に	耳	0	186	32
に	膩	0	186	32
に	貮	0	186	32
に	貳	0	186	32
に	轜	0	186	32
に	迩	0	186	32
に	邇	0	186	32
にい	新	15	186	32
にえ	贄	0	186	32
にえ	錵	0	186	32
にお	匂	0	186	32
にお	鳰	0	186	32
におい	匂	0	186	32
におう	匂	0	186	32
にかわ	膠	0	186	32
にき	熟	0	186	32
にぎ	熟	0	186	32
にく	肉	15	186	32
にく	宍	0	186	32
にく	衂	0	186	32
にく	衄	0	186	32
にく	辱	0	186	32
にごりざけ	醪	0	186	32
にし	西	15	186	32
にし	螺	0	186	32
にしき	錦	0	186	32
にしん	鯡	0	186	32
にしん	鰊	0	186	32
にじ	虹	0	186	32
にじゅう	廿	0	186	32
にせ	偽	15	186	32
にせ	偐	0	186	32
にせ	僞	0	186	32
にせ	贋	0	186	32
にち	日	15	186	32
にな	蜷	0	186	32
にな	螺	0	186	32
にゃ	若	0	186	32
にゃく	若	15	186	32
にゃく	弱	0	186	32
にゃく	蒻	0	186	32
にゅ	乳	15	186	32
にゅ	紐	0	186	32
にゅう	乳	15	186	32
にゅう	入	15	186	32
にゅう	柔	15	186	32
にゅう	寧	0	186	32
にゅう	廿	0	186	32
にょ	女	15	186	32
にょ	如	15	186	32
にょう	女	15	186	32
にょう	尿	15	186	32
にょう	仍	0	186	32
にょう	嚀	0	186	32
にょう	捻	0	186	32
にょう	橈	0	186	32
にょう	繞	0	186	32
にょう	聹	0	186	32
にょう	遶	0	186	32
にょう	鐃	0	186	32
にょう	饒	0	186	32
にら	韭	0	186	32
にら	韮	0	186	32
にれ	楡	0	186	32
にわ	庭	15	186	32
にわか	俄	0	186	32
にわたずみ	潦	0	186	32
にわとり	鶏	15	186	32
にわとり	鷄	0	186	32
にん	人	15	186	32
にん	任	15	186	32
にん	妊	15	186	32
にん	忍	15	186	32
にん	認	15	186	32
にん	仁	0	186	32
にん	儿	0	186	32
にん	刃	0	186	32
にん	刄	0	186	32
にん	壬	0	186	32
にん	姙	0	186	32
にん	荵	0	186	32
ぬ	奴	0	186	32
ぬ	怒	0	186	32
ぬ	濡	0	186	32
ぬ	駑	0	186	32
ぬい	縫	0	186	32
ぬいとり	繍	0	186	32
ぬえ	鵺	0	186	32
ぬか	倥	0	186	32
ぬか	粐	0	186	32
ぬか	粳	0	186	32
ぬか	糠	0	186	32
ぬか	額	0	186	32
ぬき	緯	0	186	32
ぬき	貫	0	186	32
ぬけがら	蛻	0	186	32
ぬさ	幣	0	186	32
ぬさ	幤	0	186	32
ぬし	主	15	186	32
ぬす	偸	0	186	32
ぬた	垈	0	186	32
ぬた	汢	0	186	32
ぬなわ	蓴	0	186	32
ぬの	布	15	186	32
ぬま	沼	15	186	32
ぬめ	絖	0	186	32
ぬり	塗	0	186	32
ね	値	15	186	32
ね	根	15	186	32
ね	音	15	186	32
ね	子	0	186	32
ね	寝	0	186	32
ね	嶺	0	186	32
ね	涅	0	186	32
ね	祢	0	186	32
ね	禰	0	186	32
ねい	寧	15	186	32
ねい	佞	0	186	32
ねい	侫	0	186	32
ねい	嚀	0	186	32
ねい	檸	0	186	32
ねい	濘	0	186	32
ねい	聹	0	186	32
ねえ	姉	0	186	32
ねえ	姐	0	186	32
ねがい	願	0	186	32
ねぎ	葱	0	186	32
ねぐら	塒	0	186	32
ねこ	猫	15	186	32
ねじ	螺	0	186	32
ねずみ	鼠	0	186	32
ねずみ	鼡	0	186	32
ねち	涅	0	186	32
ねつ	熱	15	186	32
ねつ	捏	0	186	32
ねや	閨	0	186	32
ねり	練	0	186	32
ねん	年	15	186	32
ねん	念	15	186	32
ねん	然	15	186	32
ねん	燃	15	186	32
ねん	粘	15	186	32
ねん	冉	0	186	32
ねん	唸	0	186	32
ねん	拈	0	186	32
ねん	捻	0	186	32
ねん	撚	0	186	32
ねん	稔	0	186	32
ねん	軟	0	186	32
ねん	輾	0	186	32
ねん	鮎	0	186	32
ねん	黏	0	186	32
ねんごろ	懃	0	186	32
の	埜	15	186	32
の	野	15	186	32
の	乃	0	186	32
の	之	0	186	32
の	乘	0	186	32
の	幅	0	186	32
の	廼	0	186	32
の	箆	0	186	32
の	篦	0	186	32
のう	悩	15	186	32
のう	濃	15	186	32
のう	納	15	186	32
のう	能	15	186	32
のう	脳	15	186	32
のう	農	15	186	32
のう	儂	0	186	32
のう	嚢	0	186	32
のう	嫐	0	186	32
のう	惱	0	186	32
のう	曩	0	186	32
のう	瑙	0	186	32
のう	碯	0	186	32
のう	腦	0	186	32
のう	膿	0	186	32
のう	衲	0	186	32
のが	佚	0	186	32
のが	逋	0	186	32
のが	遯	0	186	32
のき	軒	15	186	32
のき	檐	0	186	32
のき	簷	0	186	32
のぎ	禾	0	186	32
のぎ	芒	0	186	32
のく	耨	0	186	32
のこぎり	鋸	0	186	32
のし	熨	0	186	32
のぞみ	望	0	186	32
のぞむ	望	0	186	32
のち	後	15	186	32
のち	后	0	186	32
のど	吭	0	186	32
のど	咽	0	186	32
のど	喉	0	186	32
のど	頏	0	186	32
のぶ	伸	0	186	32
のぶ	信	0	186	32
のぶ	允	0	186	32
のぶ	叙	0	186	32
のぶ	喜	0	186	32
のぶ	宣	0	186	32
のぶ	展	0	186	32
のぶ	序	0	186	32
のぶ	延	0	186	32
のぶ	惟	0	186	32
のぶ	敍	0	186	32
のぶ	敘	0	186	32
のぶ	暢	0	186	32
のぶ	申	0	186	32
のぶ	諄	0	186	32
のぶ	靖	0	186	32
のぶ	順	0	186	32
のぶ	頌	0	186	32
のぶ	養	0	186	32
のべ	延	0	186	32
のぼり	幟	0	186	32
のぼる	昇	0	186	32
のぼる	登	0	186	32
のみ	已	0	186	32
のみ	蚤	0	186	32
のみ	鐫	0	186	32
のみ	鑿	0	186	32
のり	乗	0	186	32
のり	儀	0	186	32
のり	典	0	186	32
のり	凖	0	186	32
のり	則	0	186	32
のり	宜	0	186	32
のり	宣	0	186	32
のり	度	0	186	32
のり	式	0	186	32
のり	弼	0	186	32
のり	徳	0	186	32
のり	悳	0	186	32
のり	憲	0	186	32
のり	教	0	186	32
のり	朔	0	186	32
のり	法	0	186	32
のり	準	0	186	32
のり	矩	0	186	32
のり	礼	0	186	32
のり	祝	0	186	32
のり	禮	0	186	32
のり	程	0	186	32
のり	節	0	186	32
のり	範	0	186	32
のり	糊	0	186	32
のり	紀	0	186	32
のり	義	0	186	32
のり	能	0	186	32
のり	規	0	186	32
のろ	麕	0	186	32
のろし	烽	0	186	32
のん	嫩	0	186	32
のん	暖	0	186	32
は	刃	15	186	32
は	把	15	186	32
は	歯	15	186	32
は	波	15	186	32
は	派	15	186	32
は	破	15	186	32
は	端	15	186	32
は	羽	15	186	32
は	葉	15	186	32
は	覇	15	186	32
は	刄	0	186	32
は	叭	0	186	32
は	哈	0	186	32
は	坡	0	186	32
は	巴	0	186	32
は	怕	0	186	32
は	播	0	186	32
は	杷	0	186	32
は	爬	0	186	32
は	玻	0	186	32
は	琶	0	186	32
は	碆	0	186	32
は	笆	0	186	32
は	簸	0	186	32
は	耙	0	186	32
は	芭	0	186	32
は	菠	0	186	32
は	葩	0	186	32
は	袙	0	186	32
は	跛	0	186	32
は	陂	0	186	32
は	霸	0	186	32
は	頗	0	186	32
は	騁	0	186	32
は	齒	0	186	32
はい	俳	15	186	32
はい	廃	15	186	32
はい	拝	15	186	32
はい	排	15	186	32
はい	敗	15	186	32
はい	杯	15	186	32
はい	灰	15	186	32
はい	盃	15	186	32
はい	肺	15	186	32
はい	背	15	186	32
はい	輩	15	186	32
はい	配	15	186	32
はい	佩	0	186	32
はい	倍	0	186	32
はい	吠	0	186	32
はい	唄	0	186	32
はい	坏	0	186	32
はい	埴	0	186	32
はい	培	0	186	32
はい	孛	0	186	32
はい	廢	0	186	32
はい	徘	0	186	32
はい	悖	0	186	32
はい	憊	0	186	32
はい	批	0	186	32
はい	拜	0	186	32
はい	擺	0	186	32
はい	旆	0	186	32
はい	沛	0	186	32
はい	派	0	186	32
はい	湃	0	186	32
はい	焙	0	186	32
はい	牌	0	186	32
はい	狽	0	186	32
はい	珮	0	186	32
はい	琲	0	186	32
はい	癈	0	186	32
はい	碚	0	186	32
はい	稗	0	186	32
はい	罷	0	186	32
はい	胚	0	186	32
はい	裴	0	186	32
はい	誹	0	186	32
はい	貝	0	186	32
はい	陪	0	186	32
はい	霈	0	186	32
はいたか	鷂	0	186	32
はえ	椪	0	186	32
はえ	蝿	0	186	32
はえ	蠅	0	186	32
はえ	鮠	0	186	32
はか	墓	15	186	32
はかな	儚	0	186	32
はかま	袴	0	186	32
はかり	權	0	186	32
はかり	秤	0	186	32
はかり	衡	0	186	32
はかりごと	謀	0	186	32
はがね	鋼	15	186	32
はぎ	矧	0	186	32
はぎ	脛	0	186	32
はぎ	萩	0	186	32
はく	伯	15	186	32
はく	博	15	186	32
はく	拍	15	186	32
はく	泊	15	186	32
はく	白	15	186	32
はく	舶	15	186	32
はく	薄	15	186	32
はく	迫	15	186	32
はく	亳	0	186	32
はく	佰	0	186	32
はく	剥	0	186	32
はく	岶	0	186	32
はく	帛	0	186	32
はく	愽	0	186	32
はく	搏	0	186	32
はく	擘	0	186	32
はく	柏	0	186	32
はく	栢	0	186	32
はく	檗	0	186	32
はく	爆	0	186	32
はく	狛	0	186	32
はく	珀	0	186	32
はく	畠	0	186	32
はく	百	0	186	32
はく	箔	0	186	32
はく	粕	0	186	32
はく	膊	0	186	32
はく	蘗	0	186	32
はく	貊	0	186	32
はく	陌	0	186	32
はく	雹	0	186	32
はく	駁	0	186	32
はく	駮	0	186	32
はく	魄	0	186	32
はぐき	齦	0	186	32
はぐさ	莠	0	186	32
はげ	禿	0	186	32
はこ	箱	15	186	32
はこ	函	0	186	32
はこ	凾	0	186	32
はこ	匣	0	186	32
はこ	匳	0	186	32
はこ	奩	0	186	32
はこ	筥	0	186	32
はこ	篋	0	186	32
はさま	迫	0	186	32
はさま	間	0	186	32
はさみ	鋏	0	186	32
はざま	峡	0	186	32
はざま	峽	0	186	32
はざま	硲	0	186	32
はざま	間	0	186	32
はし	橋	15	186	32
はし	端	15	186	32
はし	嘴	0	186	32
はし	梯	0	186	32
はし	箸	0	186	32
はしけ	艀	0	186	32
はしご	梯	0	186	32
はした	端	0	186	32
はしたか	鷂	0	186	32
はしため	婢	0	186	32
はしばみ	榛	0	186	32
はしら	柱	15	186	32
はじ	恥	15	186	32
はじ	端	0	186	32
はじ	耻	0	186	32
はじかみ	椒	0	186	32
はじかみ	薑	0	186	32
はじむ	創	0	186	32
はじめ	一	0	186	32
はじめ	元	0	186	32
はじめ	創	0	186	32
はじめ	哉	0	186	32
はじめ	基	0	186	32
はじめ	夲	0	186	32
はじめ	始	0	186	32
はじめ	孟	0	186	32
はじめ	弌	0	186	32
はじめ	朔	0	186	32
はじめ	本	0	186	32
はじめ	源	0	186	32
はじめ	甫	0	186	32
はじめ	祝	0	186	32
はじめ	素	0	186	32
はじめ	肇	0	186	32
はじめ	首	0	186	32
はす	斜	0	186	32
はす	荷	0	186	32
はす	蓮	0	186	32
はず	弭	0	186	32
はず	筈	0	186	32
はせ	馳	0	186	32
はぜ	枦	0	186	32
はぜ	櫨	0	186	32
はぜ	鯊	0	186	32
はた	旗	15	186	32
はた	機	15	186	32
はた	畑	15	186	32
はた	端	15	186	32
はた	側	0	186	32
はた	傍	0	186	32
はた	圃	0	186	32
はた	将	0	186	32
はた	幡	0	186	32
はた	幢	0	186	32
はた	畠	0	186	32
はた	秦	0	186	32
はた	籏	0	186	32
はたけ	畑	15	186	32
はたけ	圃	0	186	32
はたけ	畠	0	186	32
はたけ	疥	0	186	32
はたち	廿	0	186	32
はたはた	鰰	0	186	32
はたぼこ	幢	0	186	32
はたぼこ	纛	0	186	32
はだ	肌	15	186	32
はだ	秦	0	186	32
はだ	膚	0	186	32
はだえ	膚	0	186	32
はだか	裸	15	186	32
はだし	跣	0	186	32
はち	八	15	186	32
はち	鉢	15	186	32
はち	捌	0	186	32
はち	蜂	0	186	32
はちす	蓮	0	186	32
はっ	法	15	186	32
はつ	初	15	186	32
はつ	発	15	186	32
はつ	鉢	15	186	32
はつ	髪	15	186	32
はつ	伐	0	186	32
はつ	叭	0	186	32
はつ	捌	0	186	32
はつ	撥	0	186	32
はつ	溌	0	186	32
はつ	癶	0	186	32
はつ	發	0	186	32
はつ	秡	0	186	32
はつ	筏	0	186	32
はつ	罰	0	186	32
はつ	罸	0	186	32
はつ	肇	0	186	32
はつ	醗	0	186	32
はつ	釟	0	186	32
はつ	閥	0	186	32
はつ	髮	0	186	32
はて	涯	0	186	32
はと	鳩	0	186	32
はと	鴿	0	186	32
はな	花	15	186	32
はな	華	15	186	32
はな	鼻	15	186	32
はな	塙	0	186	32
はな	端	0	186	32
はなし	話	15	186	32
はなし	咄	0	186	32
はなし	噺	0	186	32
はなし	譚	0	186	32
はなすげ	蕁	0	186	32
はなだ	縹	0	186	32
はなぶさ	英	0	186	32
はなみず	洟	0	186	32
はなむけ	贐	0	186	32
はなむけ	餞	0	186	32
はなわ	塙	0	186	32
はに	埴	0	186	32
はね	羽	15	186	32
はね	翅	0	186	32
はは	母	15	186	32
ははそ	柞	0	186	32
はば	幅	15	186	32
はば	巾	0	186	32
はば	掵	0	186	32
はふり	祝	0	186	32
はま	浜	15	186	32
はま	濱	0	186	32
はまぐり	蛤	0	186	32
はも	鱧	0	186	32
はや	逸	0	186	32
はや	隼	0	186	32
はや	駛	0	186	32
はや	鮠	0	186	32
はやし	林	15	186	32
はやし	囃	0	186	32
はやし	速	0	186	32
はやし	隼	0	186	32
はやし	駿	0	186	32
はやぶさ	隼	0	186	32
はやぶさ	鶻	0	186	32
はら	原	15	186	32
はら	腹	15	186	32
はら	肚	0	186	32
はらわた	腸	0	186	32
はらわた	膓	0	186	32
はり	針	15	186	32
はり	張	0	186	32
はり	播	0	186	32
はり	梁	0	186	32
はり	榛	0	186	32
はり	貼	0	186	32
はり	鍼	0	186	32
はりつけ	磔	0	186	32
はる	春	15	186	32
はる	晴	0	186	32
はる	榛	0	186	32
はる	治	0	186	32
はる	美	0	186	32
はる	迥	0	186	32
はる	陽	0	186	32
はるか	悠	0	186	32
はるか	遙	0	186	32
はれ	晴	0	186	32
はん	伴	15	186	32
はん	凡	15	186	32
はん	判	15	186	32
はん	半	15	186	32
はん	反	15	186	32
はん	坂	15	186	32
はん	帆	15	186	32
はん	搬	15	186	32
はん	板	15	186	32
はん	煩	15	186	32
はん	版	15	186	32
はん	犯	15	186	32
はん	班	15	186	32
はん	畔	15	186	32
はん	範	15	186	32
はん	繁	15	186	32
はん	般	15	186	32
はん	藩	15	186	32
はん	販	15	186	32
はん	阪	15	186	32
はん	頒	15	186	32
はん	飯	15	186	32
はん	叛	0	186	32
はん	幡	0	186	32
はん	扮	0	186	32
はん	拌	0	186	32
はん	攀	0	186	32
はん	斑	0	186	32
はん	旙	0	186	32
はん	旛	0	186	32
はん	槃	0	186	32
はん	樊	0	186	32
はん	氾	0	186	32
はん	汎	0	186	32
はん	泛	0	186	32
はん	潘	0	186	32
はん	燔	0	186	32
はん	番	0	186	32
はん	瘢	0	186	32
はん	磐	0	186	32
はん	礬	0	186	32
はん	笵	0	186	32
はん	絆	0	186	32
はん	繙	0	186	32
はん	翻	0	186	32
はん	胖	0	186	32
はん	膰	0	186	32
はん	范	0	186	32
はん	蕃	0	186	32
はん	蟠	0	186	32
はん	袢	0	186	32
はん	蹣	0	186	32
はん	釆	0	186	32
はん	鈑	0	186	32
はん	鐇	0	186	32
はん	飜	0	186	32
はん	鷭	0	186	32
はんぞう	楾	0	186	32
ば	場	15	186	32
ば	婆	15	186	32
ば	馬	15	186	32
ば	塲	0	186	32
ば	痲	0	186	32
ば	罵	0	186	32
ば	芭	0	186	32
ばあ	婆	0	186	32
ばい	倍	15	186	32
ばい	培	15	186	32
ばい	売	15	186	32
ばい	媒	15	186	32
ばい	梅	15	186	32
ばい	楳	15	186	32
ばい	買	15	186	32
ばい	賠	15	186	32
ばい	陪	15	186	32
ばい	吠	0	186	32
ばい	唄	0	186	32
ばい	枚	0	186	32
ばい	焙	0	186	32
ばい	煤	0	186	32
ばい	狽	0	186	32
ばい	眛	0	186	32
ばい	苺	0	186	32
ばい	莓	0	186	32
ばい	貝	0	186	32
ばい	賣	0	186	32
ばい	霾	0	186	32
ばい	黴	0	186	32
ばかり	計	0	186	32
ばかり	許	0	186	32
ばく	博	15	186	32
ばく	幕	15	186	32
ばく	暴	15	186	32
ばく	漠	15	186	32
ばく	爆	15	186	32
ばく	縛	15	186	32
ばく	麦	15	186	32
ばく	亳	0	186	32
ばく	寞	0	186	32
ばく	愽	0	186	32
ばく	曝	0	186	32
ばく	檗	0	186	32
ばく	瀑	0	186	32
ばく	獏	0	186	32
ばく	璞	0	186	32
ばく	莫	0	186	32
ばく	藐	0	186	32
ばく	蘗	0	186	32
ばく	貊	0	186	32
ばく	貘	0	186	32
ばく	陌	0	186	32
ばく	駁	0	186	32
ばく	驀	0	186	32
ばく	麥	0	186	32
ばち	罰	15	186	32
ばち	撥	0	186	32
ばち	枹	0	186	32
ばち	桴	0	186	32
ばち	秡	0	186	32
ばち	罸	0	186	32
ばつ	伐	15	186	32
ばつ	抜	15	186	32
ばつ	末	15	186	32
ばつ	罰	15	186	32
ばつ	閥	15	186	32
ばつ	拔	0	186	32
ばつ	筏	0	186	32
ばつ	罸	0	186	32
ばつ	袙	0	186	32
ばつ	襪	0	186	32
ばつ	跋	0	186	32
ばつ	靺	0	186	32
ばつ	韈	0	186	32
ばつ	魃	0	186	32
ばなし	話	0	186	32
ばば	婆	0	186	32
ばん	万	15	186	32
ばん	伴	15	186	32
ばん	判	15	186	32
ばん	晩	15	186	32
ばん	板	15	186	32
ばん	番	15	186	32
ばん	盤	15	186	32
ばん	蛮	15	186	32
ばん	卍	0	186	32
ばん	坂	0	186	32
ばん	挽	0	186	32
ばん	播	0	186	32
ばん	旙	0	186	32
ばん	旛	0	186	32
ばん	曼	0	186	32
ばん	槃	0	186	32
ばん	磐	0	186	32
ばん	礬	0	186	32
ばん	絆	0	186	32
ばん	縵	0	186	32
ばん	萬	0	186	32
ばん	蕃	0	186	32
ばん	蟠	0	186	32
ばん	蠻	0	186	32
ばん	蹣	0	186	32
ばん	輓	0	186	32
ばん	鈑	0	186	32
ばん	鑁	0	186	32
ばん	阪	0	186	32
ばん	鷭	0	186	32
ぱい	牌	0	186	32
ひ	卑	15	186	32
ひ	否	15	186	32
ひ	妃	15	186	32
ひ	彼	15	186	32
ひ	悲	15	186	32
ひ	扉	15	186	32
ひ	批	15	186	32
ひ	披	15	186	32
ひ	日	15	186	32
ひ	比	15	186	32
ひ	氷	15	186	32
ひ	沸	15	186	32
ひ	泌	15	186	32
ひ	火	15	186	32
ひ	灯	15	186	32
ひ	燈	15	186	32
ひ	疲	15	186	32
ひ	皮	15	186	32
ひ	碑	15	186	32
ひ	秘	15	186	32
ひ	罷	15	186	32
ひ	肥	15	186	32
ひ	被	15	186	32
ひ	費	15	186	32
ひ	避	15	186	32
ひ	非	15	186	32
ひ	飛	15	186	32
ひ	一	0	186	32
ひ	丕	0	186	32
ひ	俾	0	186	32
ひ	冰	0	186	32
ひ	匕	0	186	32
ひ	匪	0	186	32
ひ	嚊	0	186	32
ひ	妣	0	186	32
ひ	婢	0	186	32
ひ	屁	0	186	32
ひ	干	0	186	32
ひ	庇	0	186	32
ひ	弌	0	186	32
ひ	斐	0	186	32
ひ	暃	0	186	32
ひ	朏	0	186	32
ひ	杼	0	186	32
ひ	枇	0	186	32
ひ	桧	0	186	32
ひ	梭	0	186	32
ひ	榧	0	186	32
ひ	樋	0	186	32
ひ	檜	0	186	32
ひ	毘	0	186	32
ひ	狒	0	186	32
ひ	痞	0	186	32
ひ	痺	0	186	32
ひ	砒	0	186	32
ひ	祕	0	186	32
ひ	秕	0	186	32
ひ	篦	0	186	32
ひ	簸	0	186	32
ひ	粃	0	186	32
ひ	紕	0	186	32
ひ	緋	0	186	32
ひ	羆	0	186	32
ひ	翡	0	186	32
ひ	脾	0	186	32
ひ	腓	0	186	32
ひ	臂	0	186	32
ひ	菲	0	186	32
ひ	蓖	0	186	32
ひ	蜚	0	186	32
ひ	裨	0	186	32
ひ	誹	0	186	32
ひ	譬	0	186	32
ひ	豼	0	186	32
ひ	貔	0	186	32
ひ	賁	0	186	32
ひ	贔	0	186	32
ひ	輓	0	186	32
ひ	轡	0	186	32
ひ	鄙	0	186	32
ひ	陂	0	186	32
ひ	陽	0	186	32
ひ	霏	0	186	32
ひ	鞁	0	186	32
ひ	髀	0	186	32
ひ	鯡	0	186	32
ひ	鵯	0	186	32
ひいき	贔	0	186	32
ひいらぎ	柊	0	186	32
ひうち	燧	0	186	32
ひえ	稗	0	186	32
ひかがみ	膕	0	186	32
ひかり	光	15	186	32
ひかる	光	0	186	32
ひがい	鰉	0	186	32
ひがし	東	15	186	32
ひき	匹	15	186	32
ひき	挽	0	186	32
ひき	曳	0	186	32
ひき	疋	0	186	32
ひき	蟆	0	186	32
ひき	蟇	0	186	32
ひき	逼	0	186	32
ひきがえる	蟇	0	186	32
ひぐま	羆	0	186	32
ひぐらし	蜩	0	186	32
ひげ	髭	0	186	32
ひげ	髯	0	186	32
ひげ	鬚	0	186	32
ひこ	彦	0	186	32
ひこばえ	蘖	0	186	32
ひご	籤	0	186	32
ひさ	久	0	186	32
ひさ	九	0	186	32
ひさ	冨	0	186	32
ひさ	壽	0	186	32
ひさ	央	0	186	32
ひさ	富	0	186	32
ひさ	寿	0	186	32
ひさ	尚	0	186	32
ひさ	弥	0	186	32
ひさ	彌	0	186	32
ひさ	旧	0	186	32
ひさ	舊	0	186	32
ひさぎ	楸	0	186	32
ひさご	匏	0	186	32
ひさご	瓠	0	186	32
ひさご	瓢	0	186	32
ひさし	久	0	186	32
ひさし	九	0	186	32
ひさし	壽	0	186	32
ひさし	寿	0	186	32
ひさし	尚	0	186	32
ひさし	庇	0	186	32
ひさし	廂	0	186	32
ひさし	弥	0	186	32
ひさし	彌	0	186	32
ひさし	恆	0	186	32
ひさし	恒	0	186	32
ひさし	悠	0	186	32
ひさし	永	0	186	32
ひさし	長	0	186	32
ひざ	膝	0	186	32
ひざまず	跪	0	186	32
ひし	菱	0	186	32
ひし	蔆	0	186	32
ひしお	醢	0	186	32
ひしお	醤	0	186	32
ひじ	肘	0	186	32
ひじ	肱	0	186	32
ひじ	臂	0	186	32
ひじり	聖	0	186	32
ひずみ	歪	0	186	32
ひそか	竊	0	186	32
ひた	直	0	186	32
ひたい	額	15	186	32
ひたき	鶲	0	186	32
ひだ	襞	0	186	32
ひだり	左	15	186	32
ひち	篳	0	186	32
ひつ	匹	15	186	32
ひつ	必	15	186	32
ひつ	泌	15	186	32
ひつ	筆	15	186	32
ひつ	匱	0	186	32
ひつ	弼	0	186	32
ひつ	櫃	0	186	32
ひつ	畢	0	186	32
ひつ	疋	0	186	32
ひつ	篳	0	186	32
ひつ	謐	0	186	32
ひつ	蹕	0	186	32
ひつ	逼	0	186	32
ひつぎ	柩	0	186	32
ひつぎ	棺	0	186	32
ひつじ	羊	15	186	32
ひつじ	未	0	186	32
ひつじさる	坤	0	186	32
ひづめ	蹄	0	186	32
ひで	栄	0	186	32
ひで	榮	0	186	32
ひで	秀	0	186	32
ひで	英	0	186	32
ひでり	旱	0	186	32
ひと	一	15	186	32
ひと	人	15	186	32
ひと	仁	0	186	32
ひと	弌	0	186	32
ひと	鈞	0	186	32
ひとえ	単	0	186	32
ひとえ	單	0	186	32
ひとえ	褝	0	186	32
ひとえ	襌	0	186	32
ひとし	仁	0	186	32
ひとし	儔	0	186	32
ひとし	凖	0	186	32
ひとし	同	0	186	32
ひとし	均	0	186	32
ひとし	恆	0	186	32
ひとし	恒	0	186	32
ひとし	整	0	186	32
ひとし	斉	0	186	32
ひとし	斎	0	186	32
ひとし	準	0	186	32
ひとし	等	0	186	32
ひとし	齊	0	186	32
ひとし	齋	0	186	32
ひとみ	眸	0	186	32
ひとみ	睛	0	186	32
ひとみ	瞳	0	186	32
ひとや	獄	0	186	32
ひな	鄙	0	186	32
ひな	雛	0	186	32
ひのえ	丙	0	186	32
ひのき	桧	0	186	32
ひのき	檜	0	186	32
ひのと	丁	0	186	32
ひび	皸	0	186	32
ひび	皹	0	186	32
ひび	罅	0	186	32
ひびき	響	0	186	32
ひま	暇	15	186	32
ひま	閑	0	186	32
ひま	隙	0	186	32
ひめ	姫	15	186	32
ひめ	媛	0	186	32
ひも	紐	0	186	32
ひも	綬	0	186	32
ひもと	繙	0	186	32
ひもの	鱶	0	186	32
ひもろぎ	胙	0	186	32
ひもろぎ	膰	0	186	32
ひゃく	百	15	186	32
ひゃく	劈	0	186	32
ひゃく	擘	0	186	32
ひゃく	柏	0	186	32
ひゃく	栢	0	186	32
ひゃく	珀	0	186	32
ひや	冷	0	186	32
ひゅう	彪	0	186	32
ひゅう	皀	0	186	32
ひゅう	驫	0	186	32
ひょう	俵	15	186	32
ひょう	兵	15	186	32
ひょう	拍	15	186	32
ひょう	標	15	186	32
ひょう	氷	15	186	32
ひょう	漂	15	186	32
ひょう	票	15	186	32
ひょう	表	15	186	32
ひょう	評	15	186	32
ひょう	冫	0	186	32
ひょう	冰	0	186	32
ひょう	凭	0	186	32
ひょう	剽	0	186	32
ひょう	娉	0	186	32
ひょう	嫖	0	186	32
ひょう	平	0	186	32
ひょう	彪	0	186	32
ひょう	慓	0	186	32
ひょう	憑	0	186	32
ひょう	殍	0	186	32
ひょう	瓢	0	186	32
ひょう	秤	0	186	32
ひょう	縹	0	186	32
ひょう	苹	0	186	32
ひょう	萍	0	186	32
ひょう	豹	0	186	32
ひょう	雹	0	186	32
ひょう	飃	0	186	32
ひょう	飄	0	186	32
ひょう	飆	0	186	32
ひょう	馮	0	186	32
ひょう	驃	0	186	32
ひょう	髟	0	186	32
ひょう	鮃	0	186	32
ひょう	鰾	0	186	32
ひょく	愎	0	186	32
ひよ	鵯	0	186	32
ひよこ	雛	0	186	32
ひよどり	鵯	0	186	32
ひら	平	15	186	32
ひら	枚	0	186	32
ひら	片	0	186	32
ひらき	開	0	186	32
ひらく	啓	0	186	32
ひらめ	鮃	0	186	32
ひる	昼	15	186	32
ひる	午	0	186	32
ひる	晝	0	186	32
ひる	蒜	0	186	32
ひる	蛭	0	186	32
ひれ	鰭	0	186	32
ひろ	博	0	186	32
ひろ	啓	0	186	32
ひろ	大	0	186	32
ひろ	太	0	186	32
ひろ	宏	0	186	32
ひろ	宥	0	186	32
ひろ	寛	0	186	32
ひろ	尋	0	186	32
ひろ	展	0	186	32
ひろ	広	0	186	32
ひろ	廣	0	186	32
ひろ	弘	0	186	32
ひろ	恕	0	186	32
ひろ	愽	0	186	32
ひろ	拡	0	186	32
ひろ	擴	0	186	32
ひろ	普	0	186	32
ひろ	洋	0	186	32
ひろ	洪	0	186	32
ひろ	浩	0	186	32
ひろ	碩	0	186	32
ひろ	祐	0	186	32
ひろ	紘	0	186	32
ひろ	絋	0	186	32
ひろ	裕	0	186	32
ひろし	博	0	186	32
ひろし	啓	0	186	32
ひろし	大	0	186	32
ひろし	宏	0	186	32
ひろし	寛	0	186	32
ひろし	尋	0	186	32
ひろし	広	0	186	32
ひろし	廣	0	186	32
ひろし	弘	0	186	32
ひろし	愽	0	186	32
ひろし	拡	0	186	32
ひろし	擴	0	186	32
ひろし	普	0	186	32
ひろし	汎	0	186	32
ひろし	洋	0	186	32
ひろし	洸	0	186	32
ひろし	浩	0	186	32
ひろし	湖	0	186	32
ひろし	滉	0	186	32
ひろし	煕	0	186	32
ひろし	熈	0	186	32
ひろし	熙	0	186	32
ひろし	紘	0	186	32
ひろし	絋	0	186	32
ひろし	裕	0	186	32
ひろし	鴻	0	186	32
ひろむ	弘	0	186	32
ひろむ	裕	0	186	32
ひわ	鶸	0	186	32
ひん	品	15	186	32
ひん	浜	15	186	32
ひん	貧	15	186	32
ひん	賓	15	186	32
ひん	頻	15	186	32
ひん	嬪	0	186	32
ひん	彬	0	186	32
ひん	擯	0	186	32
ひん	斌	0	186	32
ひん	梹	0	186	32
ひん	檳	0	186	32
ひん	殯	0	186	32
ひん	濱	0	186	32
ひん	瀕	0	186	32
ひん	牝	0	186	32
ひん	禀	0	186	32
ひん	秉	0	186	32
ひん	稟	0	186	32
ひん	繽	0	186	32
ひん	蘋	0	186	32
ひん	顰	0	186	32
ひん	鬢	0	186	32
び	備	15	186	32
び	尾	15	186	32
び	微	15	186	32
び	美	15	186	32
び	鼻	15	186	32
び	味	0	186	32
び	婢	0	186	32
び	媚	0	186	32
び	寐	0	186	32
び	嵋	0	186	32
び	弥	0	186	32
び	弭	0	186	32
び	彌	0	186	32
び	未	0	186	32
び	枇	0	186	32
び	梶	0	186	32
び	毘	0	186	32
び	濔	0	186	32
び	瀰	0	186	32
び	琵	0	186	32
び	眉	0	186	32
び	糒	0	186	32
び	糜	0	186	32
び	縻	0	186	32
び	薇	0	186	32
び	被	0	186	32
び	靡	0	186	32
び	鞴	0	186	32
び	麋	0	186	32
びた	鐚	0	186	32
びゃく	白	15	186	32
びゃく	佰	0	186	32
びゃく	闢	0	186	32
びゅう	繆	0	186	32
びゅう	謬	0	186	32
びょう	平	15	186	32
びょう	描	15	186	32
びょう	猫	15	186	32
びょう	病	15	186	32
びょう	秒	15	186	32
びょう	苗	15	186	32
びょう	妙	0	186	32
びょう	屏	0	186	32
びょう	廟	0	186	32
びょう	杪	0	186	32
びょう	渺	0	186	32
びょう	瓶	0	186	32
びょう	眇	0	186	32
びょう	緲	0	186	32
びょう	藐	0	186	32
びょう	鋲	0	186	32
びょう	錨	0	186	32
びん	便	15	186	32
びん	敏	15	186	32
びん	瓶	15	186	32
びん	貧	15	186	32
びん	壜	0	186	32
びん	岷	0	186	32
びん	愍	0	186	32
びん	憫	0	186	32
びん	旻	0	186	32
びん	梹	0	186	32
びん	檳	0	186	32
びん	泯	0	186	32
びん	秤	0	186	32
びん	紊	0	186	32
びん	緡	0	186	32
びん	罎	0	186	32
びん	罠	0	186	32
びん	閔	0	186	32
びん	鬢	0	186	32
びん	黽	0	186	32
ふ	不	15	186	32
ふ	付	15	186	32
ふ	冨	15	186	32
ふ	夫	15	186	32
ふ	婦	15	186	32
ふ	富	15	186	32
ふ	布	15	186	32
ふ	府	15	186	32
ふ	怖	15	186	32
ふ	扶	15	186	32
ふ	敷	15	186	32
ふ	普	15	186	32
ふ	歩	15	186	32
ふ	浮	15	186	32
ふ	父	15	186	32
ふ	符	15	186	32
ふ	腐	15	186	32
ふ	膚	15	186	32
ふ	譜	15	186	32
ふ	負	15	186	32
ふ	賦	15	186	32
ふ	赴	15	186	32
ふ	附	15	186	32
ふ	風	15	186	32
ふ	二	0	186	32
ふ	仆	0	186	32
ふ	伏	0	186	32
ふ	俘	0	186	32
ふ	俛	0	186	32
ふ	俯	0	186	32
ふ	偃	0	186	32
ふ	傅	0	186	32
ふ	否	0	186	32
ふ	咐	0	186	32
ふ	坿	0	186	32
ふ	埠	0	186	32
ふ	孚	0	186	32
ふ	孵	0	186	32
ふ	封	0	186	32
ふ	峯	0	186	32
ふ	峰	0	186	32
ふ	巫	0	186	32
ふ	弍	0	186	32
ふ	拊	0	186	32
ふ	撫	0	186	32
ふ	斑	0	186	32
ふ	斧	0	186	32
ふ	枹	0	186	32
ふ	柎	0	186	32
ふ	桴	0	186	32
ふ	榑	0	186	32
ふ	殍	0	186	32
ふ	溥	0	186	32
ふ	甫	0	186	32
ふ	畉	0	186	32
ふ	罘	0	186	32
ふ	脯	0	186	32
ふ	腑	0	186	32
ふ	舗	0	186	32
ふ	艀	0	186	32
ふ	芙	0	186	32
ふ	苻	0	186	32
ふ	蒲	0	186	32
ふ	蜉	0	186	32
ふ	補	0	186	32
ふ	訃	0	186	32
ふ	誣	0	186	32
ふ	諷	0	186	32
ふ	賻	0	186	32
ふ	趺	0	186	32
ふ	跋	0	186	32
ふ	蹈	0	186	32
ふ	輔	0	186	32
ふ	郛	0	186	32
ふ	釜	0	186	32
ふ	釡	0	186	32
ふ	鋪	0	186	32
ふ	阜	0	186	32
ふ	鮒	0	186	32
ふ	鳧	0	186	32
ふ	鳬	0	186	32
ふ	麩	0	186	32
ふ	麸	0	186	32
ふ	黼	0	186	32
ふぃーと	呎	0	186	32
ふいご	鞴	0	186	32
ふいごう	鞴	0	186	32
ふう	冨	15	186	32
ふう	夫	15	186	32
ふう	富	15	186	32
ふう	封	15	186	32
ふう	風	15	186	32
ふう	楓	0	186	32
ふう	殕	0	186	32
ふう	瘋	0	186	32
ふう	罘	0	186	32
ふう	覆	0	186	32
ふう	諷	0	186	32
ふう	負	0	186	32
ふえ	笛	15	186	32
ふえ	鰾	0	186	32
ふえ	龠	0	186	32
ふか	鱶	0	186	32
ふき	苳	0	186	32
ふき	葺	0	186	32
ふき	蕗	0	186	32
ふく	伏	15	186	32
ふく	副	15	186	32
ふく	幅	15	186	32
ふく	復	15	186	32
ふく	服	15	186	32
ふく	福	15	186	32
ふく	腹	15	186	32
ふく	複	15	186	32
ふく	覆	15	186	32
ふく	匐	0	186	32
ふく	愎	0	186	32
ふく	箙	0	186	32
ふく	蔔	0	186	32
ふく	蝠	0	186	32
ふく	蝮	0	186	32
ふく	袱	0	186	32
ふく	輹	0	186	32
ふく	輻	0	186	32
ふく	馥	0	186	32
ふく	鰒	0	186	32
ふくべ	瓢	0	186	32
ふくろ	袋	15	186	32
ふくろ	嚢	0	186	32
ふくろう	梟	0	186	32
ふぐ	鰒	0	186	32
ふご	畚	0	186	32
ふさ	房	15	186	32
ふさ	惣	0	186	32
ふさ	絃	0	186	32
ふさ	総	0	186	32
ふさ	總	0	186	32
ふさ	英	0	186	32
ふし	節	15	186	32
ふし	臥	0	186	32
ふじ	藤	0	186	32
ふすま	衾	0	186	32
ふすま	襖	0	186	32
ふすま	麩	0	186	32
ふすま	麸	0	186	32
ふせご	篝	0	186	32
ふた	二	15	186	32
ふた	双	15	186	32
ふた	弍	0	186	32
ふた	盖	0	186	32
ふた	葢	0	186	32
ふた	蓋	0	186	32
ふた	雙	0	186	32
ふたつ	貳	0	186	32
ふだ	札	15	186	32
ふち	縁	15	186	32
ふち	淵	0	186	32
ふち	渊	0	186	32
ふち	渕	0	186	32
ふち	潭	0	186	32
ふつ	払	15	186	32
ふつ	沸	15	186	32
ふつ	仏	0	186	32
ふつ	佛	0	186	32
ふつ	弗	0	186	32
ふつ	彿	0	186	32
ふつ	怫	0	186	32
ふつ	拂	0	186	32
ふつ	祓	0	186	32
ふつ	秡	0	186	32
ふつ	髴	0	186	32
ふつ	黻	0	186	32
ふで	筆	15	186	32
ふところ	懐	15	186	32
ふところ	懷	0	186	32
ふとし	太	0	186	32
ふな	舟	15	186	32
ふな	船	15	186	32
ふな	舩	0	186	32
ふな	鮒	0	186	32
ふなばた	舷	0	186	32
ふね	舟	15	186	32
ふね	船	15	186	32
ふね	舩	0	186	32
ふびと	史	0	186	32
ふみ	文	15	186	32
ふみ	典	0	186	32
ふみ	史	0	186	32
ふみ	書	0	186	32
ふみ	籍	0	186	32
ふみ	踏	0	186	32
ふもと	梺	0	186	32
ふもと	麓	0	186	32
ふゆ	冬	15	186	32
ふり	降	0	186	32
ふる	古	0	186	32
ふるい	篩	0	186	32
ふん	分	15	186	32
ふん	噴	15	186	32
ふん	墳	15	186	32
ふん	奮	15	186	32
ふん	憤	15	186	32
ふん	粉	15	186	32
ふん	紛	15	186	32
ふん	雰	15	186	32
ふん	刎	0	186	32
ふん	吩	0	186	32
ふん	吻	0	186	32
ふん	忿	0	186	32
ふん	扮	0	186	32
ふん	枌	0	186	32
ふん	氛	0	186	32
ふん	汾	0	186	32
ふん	濆	0	186	32
ふん	焚	0	186	32
ふん	糞	0	186	32
ふん	芬	0	186	32
ふんどし	褌	0	186	32
ぶ	不	15	186	32
ぶ	侮	15	186	32
ぶ	分	15	186	32
ぶ	奉	15	186	32
ぶ	武	15	186	32
ぶ	歩	15	186	32
ぶ	無	15	186	32
ぶ	舞	15	186	32
ぶ	部	15	186	32
ぶ	務	0	186	32
ぶ	嘸	0	186	32
ぶ	夫	0	186	32
ぶ	巫	0	186	32
ぶ	廡	0	186	32
ぶ	悔	0	186	32
ぶ	憮	0	186	32
ぶ	捕	0	186	32
ぶ	撫	0	186	32
ぶ	无	0	186	32
ぶ	浮	0	186	32
ぶ	父	0	186	32
ぶ	簿	0	186	32
ぶ	罘	0	186	32
ぶ	艀	0	186	32
ぶ	苻	0	186	32
ぶ	葡	0	186	32
ぶ	蒲	0	186	32
ぶ	蕪	0	186	32
ぶ	蜉	0	186	32
ぶ	補	0	186	32
ぶ	誣	0	186	32
ぶ	豊	0	186	32
ぶ	豐	0	186	32
ぶ	錻	0	186	32
ぶ	鳧	0	186	32
ぶ	鳬	0	186	32
ぶ	鵐	0	186	32
ぶ	鵡	0	186	32
ぶく	伏	0	186	32
ぶく	服	0	186	32
ぶく	茯	0	186	32
ぶた	豚	15	186	32
ぶち	斑	0	186	32
ぶち	渕	0	186	32
ぶち	駁	0	186	32
ぶつ	仏	15	186	32
ぶつ	物	15	186	32
ぶつ	佛	0	186	32
ぶつ	勿	0	186	32
ぶと	蚋	0	186	32
ぶよ	蚋	0	186	32
ぶり	鰤	0	186	32
ぶりき	錻	0	186	32
ぶん	分	15	186	32
ぶん	文	15	186	32
ぶん	聞	15	186	32
ぶん	刎	0	186	32
ぶん	吻	0	186	32
ぶん	汾	0	186	32
ぶん	紊	0	186	32
ぶん	蚊	0	186	32
ぶん	馼	0	186	32
へ	屁	0	186	32
へ	戸	0	186	32
へ	經	0	186	32
へ	綜	0	186	32
へ	舳	0	186	32
へ	辺	0	186	32
へ	邉	0	186	32
へ	邊	0	186	32
へい	丙	15	186	32
へい	並	15	186	32
へい	併	15	186	32
へい	兵	15	186	32
へい	塀	15	186	32
へい	幣	15	186	32
へい	平	15	186	32
へい	弊	15	186	32
へい	柄	15	186	32
へい	病	15	186	32
へい	閉	15	186	32
へい	陛	15	186	32
へい	俾	0	186	32
へい	坪	0	186	32
へい	垪	0	186	32
へい	娉	0	186	32
へい	嬖	0	186	32
へい	屏	0	186	32
へい	幤	0	186	32
へい	并	0	186	32
へい	敝	0	186	32
へい	斃	0	186	32
へい	泙	0	186	32
へい	炳	0	186	32
へい	瓶	0	186	32
へい	睥	0	186	32
へい	砒	0	186	32
へい	秉	0	186	32
へい	竝	0	186	32
へい	箆	0	186	32
へい	篦	0	186	32
へい	絣	0	186	32
へい	聘	0	186	32
へい	苹	0	186	32
へい	萍	0	186	32
へい	蔽	0	186	32
へい	薜	0	186	32
へい	評	0	186	32
へい	迸	0	186	32
へい	閇	0	186	32
へい	餅	0	186	32
へい	餠	0	186	32
へい	鮃	0	186	32
へき	壁	15	186	32
へき	癖	15	186	32
へき	僻	0	186	32
へき	劈	0	186	32
へき	擘	0	186	32
へき	璧	0	186	32
へき	甓	0	186	32
へき	碧	0	186	32
へき	薜	0	186	32
へき	襞	0	186	32
へき	躄	0	186	32
へき	辟	0	186	32
へき	闢	0	186	32
へき	霹	0	186	32
へくとぐらむ	瓸	0	186	32
へくとめーとる	粨	0	186	32
へくとりっとる	竡	0	186	32
へさき	舳	0	186	32
へそ	臍	0	186	32
へた	蔕	0	186	32
へち	丿	0	186	32
へつ	丿	0	186	32
へつ	暼	0	186	32
へつ	瞥	0	186	32
へつ	鼈	0	186	32
へび	蛇	15	186	32
へら	箆	0	186	32
へら	篦	0	186	32
へり	縁	0	186	32
へん	偏	15	186	32
へん	変	15	186	32
へん	片	15	186	32
へん	編	15	186	32
へん	辺	15	186	32
へん	返	15	186	32
へん	遍	15	186	32
へん	卞	0	186	32
へん	扁	0	186	32
へん	抃	0	186	32
へん	汳	0	186	32
へん	篇	0	186	32
へん	翩	0	186	32
へん	胼	0	186	32
へん	蝙	0	186	32
へん	褊	0	186	32
へん	諚	0	186	32
へん	諞	0	186	32
へん	變	0	186	32
へん	貶	0	186	32
へん	辮	0	186	32
へん	邉	0	186	32
へん	邊	0	186	32
へん	駢	0	186	32
へん	騙	0	186	32
べ	辺	15	186	32
べ	邉	0	186	32
べ	邊	0	186	32
べ	部	0	186	32
べい	米	15	186	32
べい	皿	0	186	32
べい	袂	0	186	32
べき	冖	0	186	32
べき	冪	0	186	32
べき	巾	0	186	32
べき	幎	0	186	32
べき	汨	0	186	32
べき	羃	0	186	32
べき	覓	0	186	32
べつ	別	15	186	32
べつ	捌	0	186	32
べつ	瞥	0	186	32
べつ	蔑	0	186	32
べつ	襪	0	186	32
べつ	韈	0	186	32
べつ	鼈	0	186	32
べに	紅	15	186	32
べん	便	15	186	32
べん	勉	15	186	32
べん	俛	0	186	32
べん	免	0	186	32
べん	冕	0	186	32
べん	卞	0	186	32
べん	娩	0	186	32
べん	宀	0	186	32
べん	弁	0	186	32
べん	抃	0	186	32
べん	汳	0	186	32
べん	瓣	0	186	32
べん	眄	0	186	32
べん	辧	0	186	32
べん	辨	0	186	32
べん	辮	0	186	32
べん	辯	0	186	32
べん	釆	0	186	32
べん	鞭	0	186	32
べん	駢	0	186	32
べん	麪	0	186	32
べん	麺	0	186	32
べん	黽	0	186	32
ぺいじ	頁	0	186	32
ぺんす	片	0	186	32
ぺーじ	頁	0	186	32
ほ	保	15	186	32
ほ	帆	15	186	32
ほ	捕	15	186	32
ほ	歩	15	186	32
ほ	浦	15	186	32
ほ	火	15	186	32
ほ	穂	15	186	32
ほ	舗	15	186	32
ほ	補	15	186	32
ほ	鋪	15	186	32
ほ	匍	0	186	32
ほ	哺	0	186	32
ほ	圃	0	186	32
ほ	埔	0	186	32
ほ	堡	0	186	32
ほ	布	0	186	32
ほ	溥	0	186	32
ほ	父	0	186	32
ほ	甫	0	186	32
ほ	畆	0	186	32
ほ	畝	0	186	32
ほ	穗	0	186	32
ほ	脯	0	186	32
ほ	舖	0	186	32
ほ	菩	0	186	32
ほ	葆	0	186	32
ほ	葡	0	186	32
ほ	蒲	0	186	32
ほ	讚	0	186	32
ほ	輔	0	186	32
ほ	逋	0	186	32
ほ	餔	0	186	32
ほ	鯆	0	186	32
ほ	黼	0	186	32
ほい	焙	0	186	32
ほい	陪	0	186	32
ほう	俸	15	186	32
ほう	倣	15	186	32
ほう	包	15	186	32
ほう	報	15	186	32
ほう	奉	15	186	32
ほう	宝	15	186	32
ほう	封	15	186	32
ほう	峯	15	186	32
ほう	峰	15	186	32
ほう	崩	15	186	32
ほう	抱	15	186	32
ほう	放	15	186	32
ほう	方	15	186	32
ほう	法	15	186	32
ほう	泡	15	186	32
ほう	砲	15	186	32
ほう	縫	15	186	32
ほう	胞	15	186	32
ほう	芳	15	186	32
ほう	褒	15	186	32
ほう	訪	15	186	32
ほう	豊	15	186	32
ほう	邦	15	186	32
ほう	飽	15	186	32
ほう	保	0	186	32
ほう	傍	0	186	32
ほう	剖	0	186	32
ほう	勹	0	186	32
ほう	匏	0	186	32
ほう	匚	0	186	32
ほう	呆	0	186	32
ほう	咆	0	186	32
ほう	垉	0	186	32
ほう	堋	0	186	32
ほう	堡	0	186	32
ほう	妨	0	186	32
ほう	娉	0	186	32
ほう	寳	0	186	32
ほう	寶	0	186	32
ほう	幇	0	186	32
ほう	庖	0	186	32
ほう	弸	0	186	32
ほう	彭	0	186	32
ほう	彷	0	186	32
ほう	怦	0	186	32
ほう	抔	0	186	32
ほう	抛	0	186	32
ほう	捧	0	186	32
ほう	朋	0	186	32
ほう	枋	0	186	32
ほう	棒	0	186	32
ほう	棚	0	186	32
ほう	榜	0	186	32
ほう	泙	0	186	32
ほう	滂	0	186	32
ほう	澎	0	186	32
ほう	炮	0	186	32
ほう	烹	0	186	32
ほう	烽	0	186	32
ほう	焙	0	186	32
ほう	琺	0	186	32
ほう	疱	0	186	32
ほう	皰	0	186	32
ほう	硼	0	186	32
ほう	磅	0	186	32
ほう	篷	0	186	32
ほう	紡	0	186	32
ほう	絣	0	186	32
ほう	繃	0	186	32
ほう	膨	0	186	32
ほう	舫	0	186	32
ほう	苞	0	186	32
ほう	萌	0	186	32
ほう	萠	0	186	32
ほう	葆	0	186	32
ほう	蒡	0	186	32
ほう	蓬	0	186	32
ほう	蔀	0	186	32
ほう	蚫	0	186	32
ほう	蜂	0	186	32
ほう	袍	0	186	32
ほう	褓	0	186	32
ほう	襃	0	186	32
ほう	謗	0	186	32
ほう	豐	0	186	32
ほう	迸	0	186	32
ほう	逢	0	186	32
ほう	部	0	186	32
ほう	鉋	0	186	32
ほう	鋒	0	186	32
ほう	靤	0	186	32
ほう	鞄	0	186	32
ほう	髣	0	186	32
ほう	髱	0	186	32
ほう	魴	0	186	32
ほう	鮑	0	186	32
ほう	鳳	0	186	32
ほう	鴇	0	186	32
ほう	鵬	0	186	32
ほう	麭	0	186	32
ほうき	帚	0	186	32
ほうき	箒	0	186	32
ほうき	菷	0	186	32
ほお	朴	0	186	32
ほお	頬	0	186	32
ほおじろ	鵐	0	186	32
ほか	外	15	186	32
ほか	他	0	186	32
ほか	佗	0	186	32
ほく	北	15	186	32
ほく	卜	0	186	32
ほく	攴	0	186	32
ほく	攵	0	186	32
ほく	殕	0	186	32
ほく	濮	0	186	32
ほく	蔔	0	186	32
ほく	袱	0	186	32
ほく	蹼	0	186	32
ほくそ	樮	0	186	32
ほくろ	黶	0	186	32
ほこ	矛	15	186	32
ほこ	戈	0	186	32
ほこ	戟	0	186	32
ほこ	殳	0	186	32
ほこ	釶	0	186	32
ほこ	鉾	0	186	32
ほこさき	鋒	0	186	32
ほこら	祠	0	186	32
ほこり	埃	0	186	32
ほし	星	15	186	32
ほしい	糒	0	186	32
ほしいい	糒	0	186	32
ほしいまま	恣	0	186	32
ほしいまま	擅	0	186	32
ほしいまま	縦	0	186	32
ほしいまま	肆	0	186	32
ほじし	脯	0	186	32
ほそ	細	0	186	32
ほぞ	臍	0	186	32
ほた	榾	0	186	32
ほたる	蛍	15	186	32
ほたる	螢	0	186	32
ほだ	榾	0	186	32
ほだし	絆	0	186	32
ほっ	法	15	186	32
ほつ	発	15	186	32
ほつ	勃	0	186	32
ほつ	払	0	186	32
ほつ	拂	0	186	32
ほつ	渤	0	186	32
ほつ	發	0	186	32
ほとけ	仏	15	186	32
ほとけ	佛	0	186	32
ほとり	畔	0	186	32
ほとり	陲	0	186	32
ほど	程	15	186	32
ほね	骨	15	186	32
ほね	骼	0	186	32
ほのお	炎	15	186	32
ほのお	焔	0	186	32
ほのか	仄	0	186	32
ほばしら	檣	0	186	32
ほほ	頬	0	186	32
ほぼ	略	0	186	32
ほぼ	畧	0	186	32
ほぼ	粗	0	186	32
ほま	譽	0	186	32
ほまれ	誉	0	186	32
ほむら	炎	0	186	32
ほら	洞	15	186	32
ほり	堀	15	186	32
ほり	壕	0	186	32
ほり	濠	0	186	32
ほろ	幌	0	186	32
ほろ	袰	0	186	32
ほん	反	15	186	32
ほん	奔	15	186	32
ほん	本	15	186	32
ほん	翻	15	186	32
ほん	叛	0	186	32
ほん	品	0	186	32
ほん	夲	0	186	32
ほん	幡	0	186	32
ほん	犇	0	186	32
ほん	畚	0	186	32
ほん	笨	0	186	32
ほん	繙	0	186	32
ほん	賁	0	186	32
ほん	飜	0	186	32
ぼ	募	15	186	32
ぼ	墓	15	186	32
ぼ	慕	15	186	32
ぼ	暮	15	186	32
ぼ	模	15	186	32
ぼ	母	15	186	32
ぼ	簿	15	186	32
ぼ	姆	0	186	32
ぼ	姥	0	186	32
ぼ	媽	0	186	32
ぼ	懋	0	186	32
ぼ	戊	0	186	32
ぼ	拇	0	186	32
ぼ	摸	0	186	32
ぼ	牡	0	186	32
ぼ	獏	0	186	32
ぼ	糢	0	186	32
ぼ	菩	0	186	32
ぼ	謨	0	186	32
ぼう	乏	15	186	32
ぼう	亡	15	186	32
ぼう	傍	15	186	32
ぼう	冒	15	186	32
ぼう	剖	15	186	32
ぼう	坊	15	186	32
ぼう	妄	15	186	32
ぼう	妨	15	186	32
ぼう	帽	15	186	32
ぼう	忘	15	186	32
ぼう	忙	15	186	32
ぼう	房	15	186	32
ぼう	暴	15	186	32
ぼう	望	15	186	32
ぼう	某	15	186	32
ぼう	棒	15	186	32
ぼう	紡	15	186	32
ぼう	肪	15	186	32
ぼう	膨	15	186	32
ぼう	謀	15	186	32
ぼう	貿	15	186	32
ぼう	防	15	186	32
ぼう	儚	0	186	32
ぼう	冐	0	186	32
ぼう	勗	0	186	32
ぼう	卯	0	186	32
ぼう	厖	0	186	32
ぼう	厶	0	186	32
ぼう	呆	0	186	32
ぼう	夘	0	186	32
ぼう	尨	0	186	32
ぼう	惘	0	186	32
ぼう	懋	0	186	32
ぼう	戊	0	186	32
ぼう	拇	0	186	32
ぼう	旁	0	186	32
ぼう	旄	0	186	32
ぼう	昴	0	186	32
ぼう	桙	0	186	32
ぼう	楙	0	186	32
ぼう	榜	0	186	32
ぼう	檬	0	186	32
ぼう	氓	0	186	32
ぼう	滂	0	186	32
ぼう	牟	0	186	32
ぼう	牡	0	186	32
ぼう	瑁	0	186	32
ぼう	甍	0	186	32
ぼう	畆	0	186	32
ぼう	畝	0	186	32
ぼう	皃	0	186	32
ぼう	眸	0	186	32
ぼう	矛	0	186	32
ぼう	繆	0	186	32
ぼう	网	0	186	32
ぼう	罔	0	186	32
ぼう	耄	0	186	32
ぼう	膀	0	186	32
ぼう	芒	0	186	32
ぼう	茅	0	186	32
ぼう	茆	0	186	32
ぼう	茫	0	186	32
ぼう	莽	0	186	32
ぼう	萌	0	186	32
ぼう	萠	0	186	32
ぼう	蒡	0	186	32
ぼう	虻	0	186	32
ぼう	蚌	0	186	32
ぼう	蟒	0	186	32
ぼう	蠎	0	186	32
ぼう	袤	0	186	32
ぼう	謗	0	186	32
ぼう	貌	0	186	32
ぼう	鉾	0	186	32
ぼう	鋩	0	186	32
ぼう	髦	0	186	32
ぼう	鴾	0	186	32
ぼう	黽	0	186	32
ぼく	僕	15	186	32
ぼく	墨	15	186	32
ぼく	撲	15	186	32
ぼく	木	15	186	32
ぼく	朴	15	186	32
ぼく	牧	15	186	32
ぼく	目	15	186	32
ぼく	乏	0	186	32
ぼく	卜	0	186	32
ぼく	攴	0	186	32
ぼく	攵	0	186	32
ぼく	曝	0	186	32
ぼく	樸	0	186	32
ぼく	殕	0	186	32
ぼく	濮	0	186	32
ぼく	睦	0	186	32
ぼく	穆	0	186	32
ぼく	蹼	0	186	32
ぼく	鶩	0	186	32
ぼこ	凹	0	186	32
ぼたん	釦	0	186	32
ぼたん	鈕	0	186	32
ぼっ	坊	15	186	32
ぼっ	没	0	186	32
ぼつ	没	15	186	32
ぼつ	勃	0	186	32
ぼつ	孛	0	186	32
ぼつ	悖	0	186	32
ぼつ	歿	0	186	32
ぼつ	沒	0	186	32
ぼつ	渤	0	186	32
ぼら	鯔	0	186	32
ぼら	鰡	0	186	32
ぼん	凡	15	186	32
ぼん	煩	15	186	32
ぼん	盆	15	186	32
ぼん	悗	0	186	32
ぼん	梵	0	186	32
ぼん	犯	0	186	32
ぼん	飯	0	186	32
ぽん	椪	0	186	32
ぽんど	听	0	186	32
ぽんど	磅	0	186	32
ま	摩	15	186	32
ま	目	15	186	32
ま	真	15	186	32
ま	磨	15	186	32
ま	間	15	186	32
ま	馬	15	186	32
ま	魔	15	186	32
ま	麻	15	186	32
ま	万	0	186	32
ま	俟	0	186	32
ま	卷	0	186	32
ま	嘛	0	186	32
ま	痲	0	186	32
ま	眞	0	186	32
ま	碼	0	186	32
ま	茉	0	186	32
ま	萬	0	186	32
ま	蟆	0	186	32
ま	蟇	0	186	32
ま	麼	0	186	32
まい	埋	15	186	32
まい	妹	15	186	32
まい	枚	15	186	32
まい	毎	15	186	32
まい	米	15	186	32
まい	舞	15	186	32
まい	売	0	186	32
まい	昧	0	186	32
まい	瑁	0	186	32
まい	眛	0	186	32
まい	苺	0	186	32
まい	莓	0	186	32
まい	賣	0	186	32
まい	迷	0	186	32
まい	邁	0	186	32
まいない	賂	0	186	32
まいる	哩	0	186	32
まえ	前	15	186	32
まが	禍	0	186	32
まがき	籬	0	186	32
まき	巻	15	186	32
まき	牧	15	186	32
まき	薪	15	186	32
まき	卷	0	186	32
まき	槇	0	186	32
まき	槙	0	186	32
まき	眞	0	186	32
まき	蒔	0	186	32
まく	幕	15	186	32
まく	膜	15	186	32
まく	寞	0	186	32
まく	莫	0	186	32
まく	藐	0	186	32
まくら	枕	0	186	32
まぐさ	秣	0	186	32
まぐろ	鮪	0	186	32
まげ	髷	0	186	32
まこと	誠	15	186	32
まこと	亮	0	186	32
まこと	信	0	186	32
まこと	允	0	186	32
まこと	実	0	186	32
まこと	實	0	186	32
まこと	恂	0	186	32
まこと	慎	0	186	32
まこと	洵	0	186	32
まこと	淳	0	186	32
まこと	眞	0	186	32
まこと	真	0	186	32
まこと	節	0	186	32
まこと	詢	0	186	32
まこと	諄	0	186	32
まこと	諒	0	186	32
まご	孫	15	186	32
まさ	正	15	186	32
まさ	允	0	186	32
まさ	匡	0	186	32
まさ	将	0	186	32
まさ	將	0	186	32
まさ	当	0	186	32
まさ	応	0	186	32
まさ	應	0	186	32
まさ	政	0	186	32
まさ	方	0	186	32
まさ	昌	0	186	32
まさ	柾	0	186	32
まさ	橸	0	186	32
まさ	理	0	186	32
まさ	當	0	186	32
まさ	眞	0	186	32
まさ	真	0	186	32
まさ	端	0	186	32
まさ	誠	0	186	32
まさ	諒	0	186	32
まさ	雅	0	186	32
まさかり	鉞	0	186	32
まさき	柾	0	186	32
まさし	匡	0	186	32
まさし	政	0	186	32
まさし	昌	0	186	32
まさし	正	0	186	32
まさし	雅	0	186	32
まさる	優	0	186	32
まさる	克	0	186	32
まさる	勝	0	186	32
まさる	卓	0	186	32
まさる	多	0	186	32
まさる	夛	0	186	32
まさる	嶢	0	186	32
まさる	捷	0	186	32
まさる	昌	0	186	32
まさる	潤	0	186	32
まさる	賢	0	186	32
まし	増	0	186	32
ましら	猿	0	186	32
ます	升	15	186	32
ます	加	0	186	32
ます	増	0	186	32
ます	斗	0	186	32
ます	枡	0	186	32
ます	桝	0	186	32
ます	殖	0	186	32
ます	益	0	186	32
ます	舛	0	186	32
ます	鱒	0	186	32
ますます	益	0	186	32
また	又	15	186	32
また	亦	0	186	32
また	俣	0	186	32
また	叉	0	186	32
また	復	0	186	32
また	股	0	186	32
また	胯	0	186	32
まだら	斑	0	186	32
まだら	駁	0	186	32
まち	町	15	186	32
まち	街	15	186	32
まち	待	0	186	32
まち	甼	0	186	32
まち	襠	0	186	32
まつ	抹	15	186	32
まつ	末	15	186	32
まつ	松	15	186	32
まつ	枩	0	186	32
まつ	沫	0	186	32
まつ	秣	0	186	32
まつ	茉	0	186	32
まつ	靺	0	186	32
まつげ	睫	0	186	32
まつり	祭	0	186	32
まつりごと	政	15	186	32
まて	蟶	0	186	32
まで	迄	0	186	32
まと	的	15	186	32
まとい	纏	0	186	32
まとい	纒	0	186	32
まど	窓	15	186	32
まど	窗	0	186	32
まどか	円	0	186	32
まどか	団	0	186	32
まどか	圓	0	186	32
まどか	團	0	186	32
まな	愛	0	186	32
まないた	俎	0	186	32
まないた	爼	0	186	32
まなこ	眼	15	186	32
まなじり	眥	0	186	32
まなじり	眦	0	186	32
まなじり	睚	0	186	32
まなぶ	学	0	186	32
まぶし	蔟	0	186	32
まぶた	瞼	0	186	32
まぼろし	幻	15	186	32
まま	侭	0	186	32
まま	儘	0	186	32
まま	圸	0	186	32
まま	墹	0	186	32
まま	壗	0	186	32
まま	継	0	186	32
まま	繼	0	186	32
まみ	猯	0	186	32
まむし	蝮	0	186	32
まめ	豆	15	186	32
まもり	守	0	186	32
まもる	守	0	186	32
まもる	衛	0	186	32
まもる	護	0	186	32
まもる	鎮	0	186	32
まゆ	繭	15	186	32
まゆ	眉	0	186	32
まゆずみ	黛	0	186	32
まゆみ	檀	0	186	32
まり	椀	0	186	32
まり	毬	0	186	32
まり	鞠	0	186	32
まる	丸	15	186	32
まる	円	0	186	32
まれ	希	0	186	32
まれ	稀	0	186	32
まれ	罕	0	186	32
まろ	丸	0	186	32
まろ	麿	0	186	32
まわ	囘	0	186	32
まん	万	15	186	32
まん	慢	15	186	32
まん	満	15	186	32
まん	漫	15	186	32
まん	卍	0	186	32
まん	幔	0	186	32
まん	幡	0	186	32
まん	懣	0	186	32
まん	曼	0	186	32
まん	滿	0	186	32
まん	瞞	0	186	32
まん	縵	0	186	32
まん	萬	0	186	32
まん	蔓	0	186	32
まん	謾	0	186	32
まん	蹣	0	186	32
まん	鏝	0	186	32
まん	饅	0	186	32
まん	鬘	0	186	32
まん	鰻	0	186	32
まんじ	卍	0	186	32
み	三	15	186	32
み	味	15	186	32
み	実	15	186	32
み	未	15	186	32
み	身	15	186	32
み	魅	15	186	32
み	壬	0	186	32
み	寐	0	186	32
み	實	0	186	32
み	嵋	0	186	32
み	己	0	186	32
み	巳	0	186	32
み	弥	0	186	32
み	彌	0	186	32
み	御	0	186	32
み	微	0	186	32
み	深	0	186	32
み	眉	0	186	32
み	箕	0	186	32
み	美	0	186	32
み	見	0	186	32
み	親	0	186	32
み	躬	0	186	32
みお	澪	0	186	32
みか	瓶	0	186	32
みか	甕	0	186	32
みかど	帝	0	186	32
みき	幹	15	186	32
みぎ	右	15	186	32
みぎり	砌	0	186	32
みぎわ	汀	0	186	32
みくじ	籤	0	186	32
みこ	巫	0	186	32
みこと	命	0	186	32
みこと	尊	0	186	32
みことのり	詔	15	186	32
みことのり	勅	0	186	32
みことのり	敕	0	186	32
みさお	操	15	186	32
みさお	節	0	186	32
みさき	岬	15	186	32
みさご	鶚	0	186	32
みささぎ	陵	15	186	32
みず	水	15	186	32
みず	瑞	0	186	32
みずうみ	湖	15	186	32
みずかき	蹼	0	186	32
みずち	蛟	0	186	32
みずのえ	壬	0	186	32
みずのと	癸	0	186	32
みずら	髻	0	186	32
みずら	鬟	0	186	32
みせ	店	15	186	32
みせ	肆	0	186	32
みせ	舗	0	186	32
みせ	鋪	0	186	32
みそか	晦	0	186	32
みそぎ	禊	0	186	32
みぞ	溝	15	186	32
みぞ	渠	0	186	32
みぞれ	霙	0	186	32
みだ	亂	0	186	32
みだ	紜	0	186	32
みだり	漫	0	186	32
みち	道	15	186	32
みち	倫	0	186	32
みち	充	0	186	32
みち	塗	0	186	32
みち	廸	0	186	32
みち	径	0	186	32
みち	徑	0	186	32
みち	教	0	186	32
みち	方	0	186	32
みち	行	0	186	32
みち	路	0	186	32
みち	迪	0	186	32
みち	途	0	186	32
みち	逕	0	186	32
みち	通	0	186	32
みつ	密	15	186	32
みつ	三	0	186	32
みつ	充	0	186	32
みつ	光	0	186	32
みつ	樒	0	186	32
みつ	櫁	0	186	32
みつ	満	0	186	32
みつ	滿	0	186	32
みつ	蜜	0	186	32
みつぎ	貢	0	186	32
みつぐ	貢	0	186	32
みつる	充	0	186	32
みつる	光	0	186	32
みつる	満	0	186	32
みつる	滿	0	186	32
みつる	碩	0	186	32
みてぐら	幣	0	186	32
みてぐら	幤	0	186	32
みどり	緑	15	186	32
みどり	碧	0	186	32
みどり	翆	0	186	32
みどり	翠	0	186	32
みな	皆	15	186	32
みな	僉	0	186	32
みな	咸	0	186	32
みなしご	孤	0	186	32
みなと	港	15	186	32
みなと	湊	0	186	32
みなみ	南	15	186	32
みなもと	源	15	186	32
みね	峯	15	186	32
みね	峰	15	186	32
みね	岑	0	186	32
みね	嶺	0	186	32
みの	箕	0	186	32
みの	簑	0	186	32
みの	簔	0	186	32
みの	蓑	0	186	32
みのり	稔	0	186	32
みのる	実	0	186	32
みのる	年	0	186	32
みのる	登	0	186	32
みのる	稔	0	186	32
みのる	穣	0	186	32
みのる	穰	0	186	32
みのる	酉	0	186	32
みみ	耳	15	186	32
みゃく	脈	15	186	32
みゃく	羃	0	186	32
みゃく	脉	0	186	32
みや	宮	15	186	32
みやこ	都	15	186	32
みやこ	京	0	186	32
みやこ	亰	0	186	32
みやつこ	造	0	186	32
みやび	雅	0	186	32
みゆき	幸	0	186	32
みょう	名	15	186	32
みょう	命	15	186	32
みょう	妙	15	186	32
みょう	明	15	186	32
みょう	冥	0	186	32
みょう	暝	0	186	32
みょう	猫	0	186	32
みょう	苗	0	186	32
みょう	茗	0	186	32
みりぐらむ	瓱	0	186	32
みりめーとる	粍	0	186	32
みりりっとる	竓	0	186	32
みりん	醂	0	186	32
みん	民	15	186	32
みん	眠	15	186	32
みん	岷	0	186	32
みん	憫	0	186	32
みん	旻	0	186	32
みん	明	0	186	32
みん	罠	0	186	32
みん	閔	0	186	32
む	六	15	186	32
む	務	15	186	32
む	夢	15	186	32
む	武	15	186	32
む	無	15	186	32
む	牟	15	186	32
む	矛	15	186	32
む	謀	15	186	32
む	霧	15	186	32
む	廡	0	186	32
む	无	0	186	32
む	梦	0	186	32
む	楙	0	186	32
む	罔	0	186	32
む	舞	0	186	32
む	鵡	0	186	32
むい	六	15	186	32
むかい	向	0	186	32
むかい	迎	0	186	32
むかえ	迎	0	186	32
むかし	昔	15	186	32
むかばき	縢	0	186	32
むぎ	麦	15	186	32
むぎ	麥	0	186	32
むぎこ	麪	0	186	32
むぎこ	麺	0	186	32
むく	椋	0	186	32
むくいぬ	尨	0	186	32
むくげ	槿	0	186	32
むくろ	躯	0	186	32
むくろ	骸	0	186	32
むぐら	葎	0	186	32
むこ	婿	15	186	32
むこ	壻	0	186	32
むこ	聟	0	186	32
むこう	向	0	186	32
むさぼ	貪	0	186	32
むさぼ	饕	0	186	32
むし	虫	15	186	32
むし	蟲	0	186	32
むしば	齲	0	186	32
むしる	毟	0	186	32
むしろ	筵	0	186	32
むしろ	莚	0	186	32
むしろ	蓆	0	186	32
むじな	狢	0	186	32
むじな	貉	0	186	32
むすび	結	0	186	32
むすめ	娘	15	186	32
むすめ	女	0	186	32
むすめ	嬢	0	186	32
むすめ	孃	0	186	32
むだ	冗	0	186	32
むだ	贅	0	186	32
むち	笞	0	186	32
むち	鞭	0	186	32
むつ	六	0	186	32
むつ	睦	0	186	32
むつみ	睦	0	186	32
むつゆび	跂	0	186	32
むな	棟	15	186	32
むな	胸	15	186	32
むながい	鞅	0	186	32
むね	宗	15	186	32
むね	旨	15	186	32
むね	棟	15	186	32
むね	胸	15	186	32
むね	致	0	186	32
むべ	宜	0	186	32
むら	村	15	186	32
むら	群	15	186	32
むら	屯	0	186	32
むら	斑	0	186	32
むら	羣	0	186	32
むら	邑	0	186	32
むら	邨	0	186	32
むらさき	紫	15	186	32
むらじ	連	0	186	32
むれ	群	0	186	32
むろ	室	15	186	32
むろ	榁	0	186	32
め	女	15	186	32
め	目	15	186	32
め	芽	15	186	32
め	雌	15	186	32
め	牝	0	186	32
め	瑪	0	186	32
め	眼	0	186	32
め	碼	0	186	32
め	米	0	186	32
め	萌	0	186	32
め	萠	0	186	32
め	馬	0	186	32
めい	名	15	186	32
めい	命	15	186	32
めい	明	15	186	32
めい	盟	15	186	32
めい	迷	15	186	32
めい	銘	15	186	32
めい	鳴	15	186	32
めい	冥	0	186	32
めい	姪	0	186	32
めい	暝	0	186	32
めい	榠	0	186	32
めい	溟	0	186	32
めい	瞑	0	186	32
めい	茗	0	186	32
めい	螟	0	186	32
めい	謎	0	186	32
めい	酩	0	186	32
めかけ	妾	0	186	32
めぐみ	恩	0	186	32
めぐみ	恵	0	186	32
めぐみ	惠	0	186	32
めぐみ	愛	0	186	32
めぐみ	萌	0	186	32
めぐみ	萠	0	186	32
めぐむ	徳	0	186	32
めぐむ	恵	0	186	32
めぐむ	悳	0	186	32
めぐる	圍	0	186	32
めし	飯	15	186	32
めしい	盲	0	186	32
めす	雌	15	186	32
めす	牝	0	186	32
めつ	滅	15	186	32
めどき	筮	0	186	32
めどぎ	蓍	0	186	32
めばる	鮴	0	186	32
めん	免	15	186	32
めん	綿	15	186	32
めん	面	15	186	32
めん	俛	0	186	32
めん	冕	0	186	32
めん	宀	0	186	32
めん	棉	0	186	32
めん	湎	0	186	32
めん	眄	0	186	32
めん	眠	0	186	32
めん	瞑	0	186	32
めん	緜	0	186	32
めん	緬	0	186	32
めん	麪	0	186	32
めん	麺	0	186	32
めん	黽	0	186	32
めーとる	米	0	186	32
も	喪	15	186	32
も	模	15	186	32
も	茂	15	186	32
も	藻	15	186	32
も	募	0	186	32
も	姆	0	186	32
も	媽	0	186	32
も	摸	0	186	32
も	最	0	186	32
も	母	0	186	32
も	糢	0	186	32
も	裳	0	186	32
も	謨	0	186	32
も	面	0	186	32
も	麼	0	186	32
もう	亡	15	186	32
もう	妄	15	186	32
もう	望	15	186	32
もう	毛	15	186	32
もう	猛	15	186	32
もう	盲	15	186	32
もう	網	15	186	32
もう	耗	15	186	32
もう	孟	0	186	32
もう	帽	0	186	32
もう	惘	0	186	32
もう	曚	0	186	32
もう	朦	0	186	32
もう	檬	0	186	32
もう	濛	0	186	32
もう	瑁	0	186	32
もう	矇	0	186	32
もう	网	0	186	32
もう	罔	0	186	32
もう	耄	0	186	32
もう	艨	0	186	32
もう	莽	0	186	32
もう	萌	0	186	32
もう	萠	0	186	32
もう	蒙	0	186	32
もう	髦	0	186	32
もう	魍	0	186	32
もうけ	儲	0	186	32
もうし	申	0	186	32
もえ	萌	0	186	32
もえ	萠	0	186	32
もがさ	疱	0	186	32
もがさ	痘	0	186	32
もがり	殯	0	186	32
もく	木	15	186	32
もく	目	15	186	32
もく	黙	15	186	32
もく	墨	0	186	32
もく	杢	0	186	32
もく	沐	0	186	32
もく	牧	0	186	32
もく	苜	0	186	32
もく	默	0	186	32
もぐさ	艾	0	186	32
もじ	綟	0	186	32
もじり	綟	0	186	32
もず	鴃	0	186	32
もず	鵙	0	186	32
もたい	甕	0	186	32
もち	以	0	186	32
もち	勿	0	186	32
もち	持	0	186	32
もち	望	0	186	32
もち	檍	0	186	32
もち	糯	0	186	32
もち	茂	0	186	32
もち	須	0	186	32
もち	餅	0	186	32
もち	餠	0	186	32
もち	黐	0	186	32
もちごめ	糯	0	186	32
もっこ	畚	0	186	32
もっこ	簣	0	186	32
もつ	物	15	186	32
もつ	沒	0	186	32
もつ	没	0	186	32
もつ	縺	0	186	32
もと	下	15	186	32
もと	元	15	186	32
もと	基	15	186	32
もと	本	15	186	32
もと	原	0	186	32
もと	固	0	186	32
もと	太	0	186	32
もと	夲	0	186	32
もと	始	0	186	32
もと	幹	0	186	32
もと	故	0	186	32
もと	源	0	186	32
もと	素	0	186	32
もと	職	0	186	32
もと	許	0	186	32
もと	貭	0	186	32
もと	質	0	186	32
もとい	基	15	186	32
もとどり	髻	0	186	32
もとむ	求	0	186	32
もとむ	須	0	186	32
もどき	擬	0	186	32
もぬけ	蛻	0	186	32
もの	物	15	186	32
もの	者	15	186	32
ものいみ	斎	0	186	32
ものいみ	齋	0	186	32
もみ	樅	0	186	32
もみ	籾	0	186	32
もみ	紅	0	186	32
もみ	蟐	0	186	32
もも	桃	15	186	32
もも	百	0	186	32
もも	股	0	186	32
もも	腿	0	186	32
もも	髀	0	186	32
もや	靄	0	186	32
もらい	貰	0	186	32
もり	森	15	186	32
もり	傅	0	186	32
もり	守	0	186	32
もり	杜	0	186	32
もり	盛	0	186	32
もり	銛	0	186	32
もろ	両	0	186	32
もろ	師	0	186	32
もろ	衆	0	186	32
もろ	諸	0	186	32
もろこし	唐	0	186	32
もろみ	醪	0	186	32
もろもろ	庶	0	186	32
もろもろ	諸	0	186	32
もん	問	15	186	32
もん	文	15	186	32
もん	紋	15	186	32
もん	聞	15	186	32
もん	門	15	186	32
もん	們	0	186	32
もん	悶	0	186	32
もん	懣	0	186	32
もん	捫	0	186	32
もんめ	匁	15	186	32
や	八	15	186	32
や	埜	15	186	32
や	夜	15	186	32
や	家	15	186	32
や	屋	15	186	32
や	矢	15	186	32
や	野	15	186	32
や	乎	0	186	32
や	也	0	186	32
や	冶	0	186	32
や	哉	0	186	32
や	弥	0	186	32
や	彌	0	186	32
や	揶	0	186	32
や	椰	0	186	32
や	爺	0	186	32
や	箭	0	186	32
や	耶	0	186	32
や	谷	0	186	32
や	輻	0	186	32
や	邪	0	186	32
や	鵺	0	186	32
やいと	灸	0	186	32
やいば	刃	0	186	32
やいば	刄	0	186	32
やか	宅	0	186	32
やかた	舘	0	186	32
やかた	館	0	186	32
やから	族	0	186	32
やから	輩	0	186	32
やが	軈	0	186	32
やがて	軈	0	186	32
やき	焼	0	186	32
やく	厄	15	186	32
やく	役	15	186	32
やく	疫	15	186	32
やく	益	15	186	32
やく	約	15	186	32
やく	薬	15	186	32
やく	訳	15	186	32
やく	躍	15	186	32
やく	亦	0	186	32
やく	奕	0	186	32
やく	扼	0	186	32
やく	籥	0	186	32
やく	葯	0	186	32
やく	藥	0	186	32
やく	譯	0	186	32
やく	軛	0	186	32
やく	鑰	0	186	32
やく	阨	0	186	32
やく	龠	0	186	32
やぐら	楼	0	186	32
やぐら	樓	0	186	32
やぐら	櫓	0	186	32
やけ	宅	0	186	32
やさ	優	0	186	32
やしき	邸	0	186	32
やしろ	社	15	186	32
やじり	鏃	0	186	32
やす	保	0	186	32
やす	妥	0	186	32
やす	安	0	186	32
やす	寧	0	186	32
やす	康	0	186	32
やす	庸	0	186	32
やす	恭	0	186	32
やす	悌	0	186	32
やす	易	0	186	32
やす	晏	0	186	32
やす	楊	0	186	32
やす	泰	0	186	32
やす	穏	0	186	32
やす	穩	0	186	32
やす	資	0	186	32
やす	那	0	186	32
やす	靖	0	186	32
やす	養	0	186	32
やすし	保	0	186	32
やすし	安	0	186	32
やすし	寧	0	186	32
やすし	康	0	186	32
やすし	恭	0	186	32
やすし	悌	0	186	32
やすし	易	0	186	32
やすし	泰	0	186	32
やすし	靖	0	186	32
やすり	鑢	0	186	32
やせ	痩	0	186	32
やち	萢	0	186	32
やっこ	奴	0	186	32
やつ	八	0	186	32
やつ	奴	0	186	32
やつがれ	僕	0	186	32
やとい	雇	0	186	32
やど	宿	15	186	32
やど	舎	0	186	32
やな	梁	0	186	32
やな	簗	0	186	32
やなぎ	柳	15	186	32
やなぎ	楊	0	186	32
やに	脂	0	186	32
やぶ	籔	0	186	32
やぶ	薮	0	186	32
やぶ	藪	0	186	32
やま	山	15	186	32
やま	岾	0	186	32
やまい	病	15	186	32
やまい	疚	0	186	32
やまい	疾	0	186	32
やまいぬ	豺	0	186	32
やまと	倭	0	186	32
やみ	闇	0	186	32
やもお	鰥	0	186	32
やもめ	孀	0	186	32
やもめ	寡	0	186	32
やもめ	鰥	0	186	32
やや	稍	0	186	32
やや	良	0	186	32
やり	槍	0	186	32
やり	鎗	0	186	32
やり	鑓	0	186	32
やわ	雍	0	186	32
やーど	碼	0	186	32
ゆ	愉	15	186	32
ゆ	油	15	186	32
ゆ	湯	15	186	32
ゆ	由	15	186	32
ゆ	癒	15	186	32
ゆ	諭	15	186	32
ゆ	輸	15	186	32
ゆ	遊	15	186	32
ゆ	兪	0	186	32
ゆ	喩	0	186	32
ゆ	愈	0	186	32
ゆ	揄	0	186	32
ゆ	柚	0	186	32
ゆ	楡	0	186	32
ゆ	渝	0	186	32
ゆ	瑜	0	186	32
ゆ	瘉	0	186	32
ゆ	腴	0	186	32
ゆ	臾	0	186	32
ゆ	萸	0	186	32
ゆ	蛹	0	186	32
ゆ	蝓	0	186	32
ゆ	融	0	186	32
ゆ	裕	0	186	32
ゆ	覦	0	186	32
ゆ	諛	0	186	32
ゆ	踊	0	186	32
ゆ	踰	0	186	32
ゆ	踴	0	186	32
ゆ	逾	0	186	32
ゆ	雍	0	186	32
ゆい	唯	15	186	32
ゆい	由	15	186	32
ゆい	遺	15	186	32
ゆい	惟	0	186	32
ゆい	結	0	186	32
ゆい	維	0	186	32
ゆう	優	15	186	32
ゆう	勇	15	186	32
ゆう	友	15	186	32
ゆう	右	15	186	32
ゆう	夕	15	186	32
ゆう	幽	15	186	32
ゆう	悠	15	186	32
ゆう	憂	15	186	32
ゆう	有	15	186	32
ゆう	猶	15	186	32
ゆう	由	15	186	32
ゆう	融	15	186	32
ゆう	裕	15	186	32
ゆう	誘	15	186	32
ゆう	遊	15	186	32
ゆう	郵	15	186	32
ゆう	雄	15	186	32
ゆう	佑	0	186	32
ゆう	侑	0	186	32
ゆう	又	0	186	32
ゆう	囿	0	186	32
ゆう	宥	0	186	32
ゆう	尤	0	186	32
ゆう	幼	0	186	32
ゆう	悒	0	186	32
ゆう	揖	0	186	32
ゆう	攸	0	186	32
ゆう	柚	0	186	32
ゆう	楢	0	186	32
ゆう	油	0	186	32
ゆう	涌	0	186	32
ゆう	游	0	186	32
ゆう	湧	0	186	32
ゆう	熊	0	186	32
ゆう	犹	0	186	32
ゆう	猷	0	186	32
ゆう	用	0	186	32
ゆう	疣	0	186	32
ゆう	祐	0	186	32
ゆう	肬	0	186	32
ゆう	莠	0	186	32
ゆう	蕕	0	186	32
ゆう	蚰	0	186	32
ゆう	蝣	0	186	32
ゆう	邑	0	186	32
ゆう	酉	0	186	32
ゆう	釉	0	186	32
ゆう	鮪	0	186	32
ゆう	黝	0	186	32
ゆう	鼬	0	186	32
ゆえ	故	15	186	32
ゆか	床	15	186	32
ゆか	牀	0	186	32
ゆかり	縁	0	186	32
ゆき	雪	15	186	32
ゆき	之	0	186	32
ゆき	倖	0	186	32
ゆき	如	0	186	32
ゆき	幸	0	186	32
ゆき	征	0	186	32
ゆき	膤	0	186	32
ゆき	至	0	186	32
ゆき	致	0	186	32
ゆき	行	0	186	32
ゆき	裄	0	186	32
ゆき	運	0	186	32
ゆぎ	靫	0	186	32
ゆぎ	靭	0	186	32
ゆぎ	靱	0	186	32
ゆく	巽	0	186	32
ゆす	梼	0	186	32
ゆず	柚	0	186	32
ゆず	梼	0	186	32
ゆず	讓	0	186	32
ゆずりは	杠	0	186	32
ゆずる	謙	0	186	32
ゆずる	譲	0	186	32
ゆた	豐	0	186	32
ゆたか	優	0	186	32
ゆたか	冨	0	186	32
ゆたか	富	0	186	32
ゆたか	寛	0	186	32
ゆたか	泰	0	186	32
ゆたか	浩	0	186	32
ゆたか	碩	0	186	32
ゆたか	穣	0	186	32
ゆたか	穰	0	186	32
ゆたか	裕	0	186	32
ゆたか	豊	0	186	32
ゆだめ	檠	0	186	32
ゆはず	弭	0	186	32
ゆばり	尿	0	186	32
ゆばり	溲	0	186	32
ゆび	指	15	186	32
ゆみ	弓	15	186	32
ゆめ	夢	15	186	32
ゆめ	梦	0	186	32
ゆり	岼	0	186	32
ゆり	閖	0	186	32
よ	与	15	186	32
よ	世	15	186	32
よ	予	15	186	32
よ	代	15	186	32
よ	余	15	186	32
よ	四	15	186	32
よ	夜	15	186	32
よ	誉	15	186	32
よ	預	15	186	32
よ	丗	0	186	32
よ	仍	0	186	32
よ	仗	0	186	32
よ	俶	0	186	32
よ	倚	0	186	32
よ	唹	0	186	32
よ	歟	0	186	32
よ	淤	0	186	32
よ	畭	0	186	32
よ	節	0	186	32
よ	舁	0	186	32
よ	與	0	186	32
よ	蕷	0	186	32
よ	譽	0	186	32
よ	讀	0	186	32
よ	豫	0	186	32
よ	輿	0	186	32
よ	酊	0	186	32
よ	酩	0	186	32
よ	醉	0	186	32
よ	醺	0	186	32
よ	飫	0	186	32
よ	餘	0	186	32
よい	宵	15	186	32
よい	酔	0	186	32
よう	八	15	186	32
よう	容	15	186	32
よう	幼	15	186	32
よう	庸	15	186	32
よう	揚	15	186	32
よう	揺	15	186	32
よう	擁	15	186	32
よう	曜	15	186	32
よう	様	15	186	32
よう	洋	15	186	32
よう	溶	15	186	32
よう	用	15	186	32
よう	窯	15	186	32
よう	羊	15	186	32
よう	腰	15	186	32
よう	葉	15	186	32
よう	要	15	186	32
よう	謡	15	186	32
よう	踊	15	186	32
よう	陽	15	186	32
よう	養	15	186	32
よう	佯	0	186	32
よう	俑	0	186	32
よう	傭	0	186	32
よう	勇	0	186	32
よう	厭	0	186	32
よう	咬	0	186	32
よう	壅	0	186	32
よう	夭	0	186	32
よう	央	0	186	32
よう	妖	0	186	32
よう	姚	0	186	32
よう	孕	0	186	32
よう	幺	0	186	32
よう	廱	0	186	32
よう	影	0	186	32
よう	徭	0	186	32
よう	恙	0	186	32
よう	慂	0	186	32
よう	慵	0	186	32
よう	拗	0	186	32
よう	搖	0	186	32
よう	昜	0	186	32
よう	暘	0	186	32
よう	曄	0	186	32
よう	杳	0	186	32
よう	楊	0	186	32
よう	楪	0	186	32
よう	榕	0	186	32
よう	榮	0	186	32
よう	樣	0	186	32
よう	殀	0	186	32
よう	永	0	186	32
よう	沃	0	186	32
よう	涌	0	186	32
よう	湧	0	186	32
よう	漾	0	186	32
よう	瀁	0	186	32
よう	煬	0	186	32
よう	熔	0	186	32
よう	燿	0	186	32
よう	珱	0	186	32
よう	瑤	0	186	32
よう	瑶	0	186	32
よう	瓔	0	186	32
よう	甬	0	186	32
よう	痒	0	186	32
よう	瘍	0	186	32
よう	癢	0	186	32
よう	癰	0	186	32
よう	秧	0	186	32
よう	穃	0	186	32
よう	窈	0	186	32
よう	窕	0	186	32
よう	窰	0	186	32
よう	纓	0	186	32
よう	耀	0	186	32
よう	膺	0	186	32
よう	蓉	0	186	32
よう	蛹	0	186	32
よう	蝿	0	186	32
よう	蠅	0	186	32
よう	謠	0	186	32
よう	踴	0	186	32
よう	遙	0	186	32
よう	遥	0	186	32
よう	邀	0	186	32
よう	郢	0	186	32
よう	鎔	0	186	32
よう	雍	0	186	32
よう	靨	0	186	32
よう	鷂	0	186	32
よう	鷹	0	186	32
よく	抑	15	186	32
よく	欲	15	186	32
よく	浴	15	186	32
よく	翌	15	186	32
よく	翼	15	186	32
よく	峪	0	186	32
よく	弋	0	186	32
よく	慾	0	186	32
よく	杙	0	186	32
よく	檍	0	186	32
よく	沃	0	186	32
よく	翊	0	186	32
よこ	横	15	186	32
よこいと	緯	0	186	32
よこぎ	軫	0	186	32
よこしま	邪	0	186	32
よし	由	15	186	32
よし	伊	0	186	32
よし	佳	0	186	32
よし	允	0	186	32
よし	克	0	186	32
よし	凱	0	186	32
よし	厳	0	186	32
よし	叔	0	186	32
よし	吉	0	186	32
よし	善	0	186	32
よし	喜	0	186	32
よし	嘉	0	186	32
よし	因	0	186	32
よし	好	0	186	32
よし	嬉	0	186	32
よし	孝	0	186	32
よし	宜	0	186	32
よし	巌	0	186	32
よし	巖	0	186	32
よし	巽	0	186	32
よし	幸	0	186	32
よし	彦	0	186	32
よし	恕	0	186	32
よし	愛	0	186	32
よし	慶	0	186	32
よし	憙	0	186	32
よし	敬	0	186	32
よし	斐	0	186	32
よし	昌	0	186	32
よし	是	0	186	32
よし	欣	0	186	32
よし	欽	0	186	32
よし	淑	0	186	32
よし	煕	0	186	32
よし	熈	0	186	32
よし	熙	0	186	32
よし	祥	0	186	32
よし	祿	0	186	32
よし	禄	0	186	32
よし	禎	0	186	32
よし	節	0	186	32
よし	美	0	186	32
よし	義	0	186	32
よし	能	0	186	32
よし	至	0	186	32
よし	良	0	186	32
よし	芳	0	186	32
よし	葦	0	186	32
よし	葭	0	186	32
よし	蘆	0	186	32
よし	誼	0	186	32
よし	譱	0	186	32
よし	賀	0	186	32
よし	麗	0	186	32
よしみ	嘉	0	186	32
よしみ	好	0	186	32
よしみ	誼	0	186	32
よすが	縁	0	186	32
よだれ	涎	0	186	32
よつ	四	0	186	32
よど	淀	0	186	32
よど	澱	0	186	32
よね	米	0	186	32
よほろ	丁	0	186	32
よぼろ	丁	0	186	32
よみ	読	0	186	32
よめ	嫁	15	186	32
よめ	娵	0	186	32
よもぎ	艾	0	186	32
よもぎ	蒿	0	186	32
よもぎ	蓬	0	186	32
より	因	0	186	32
より	寄	0	186	32
より	由	0	186	32
より	職	0	186	32
より	自	0	186	32
より	順	0	186	32
より	頼	0	186	32
よりどころ	拠	0	186	32
よる	夜	15	186	32
よろい	冑	0	186	32
よろい	甲	0	186	32
よろい	鎧	0	186	32
よろこ	僖	0	186	32
よろず	万	0	186	32
よろず	萬	0	186	32
よわい	齒	0	186	32
よわい	齡	0	186	32
よわい	齢	0	186	32
よん	四	15	186	32
ら	羅	15	186	32
ら	裸	15	186	32
ら	喇	0	186	32
ら	拉	0	186	32
ら	瘰	0	186	32
ら	等	0	186	32
ら	蘿	0	186	32
ら	螺	0	186	32
ら	蠡	0	186	32
ら	邏	0	186	32
ら	鑼	0	186	32
ら	騾	0	186	32
らい	来	15	186	32
らい	礼	15	186	32
らい	雷	15	186	32
らい	頼	15	186	32
らい	來	0	186	32
らい	儡	0	186	32
らい	徠	0	186	32
らい	擂	0	186	32
らい	櫑	0	186	32
らい	瀬	0	186	32
らい	癘	0	186	32
らい	磊	0	186	32
らい	禮	0	186	32
らい	籟	0	186	32
らい	糲	0	186	32
らい	罍	0	186	32
らい	耒	0	186	32
らい	莱	0	186	32
らい	蕾	0	186	32
らい	藾	0	186	32
らい	蠡	0	186	32
らい	賚	0	186	32
らい	麗	0	186	32
らく	楽	15	186	32
らく	絡	15	186	32
らく	落	15	186	32
らく	酪	15	186	32
らく	咯	0	186	32
らく	樂	0	186	32
らく	洛	0	186	32
らく	烙	0	186	32
らく	犖	0	186	32
らく	珞	0	186	32
らく	駱	0	186	32
らち	喇	0	186	32
らち	埒	0	186	32
らち	埓	0	186	32
らっ	拉	0	186	32
らつ	剌	0	186	32
らつ	喇	0	186	32
らつ	埒	0	186	32
らつ	埓	0	186	32
らつ	拉	0	186	32
らつ	溂	0	186	32
らつ	辣	0	186	32
らん	乱	15	186	32
らん	卵	15	186	32
らん	欄	15	186	32
らん	濫	15	186	32
らん	覧	15	186	32
らん	亂	0	186	32
らん	儖	0	186	32
らん	婪	0	186	32
らん	嬾	0	186	32
らん	嵐	0	186	32
らん	巒	0	186	32
らん	懶	0	186	32
らん	攬	0	186	32
らん	欒	0	186	32
らん	欖	0	186	32
らん	瀾	0	186	32
らん	燗	0	186	32
らん	爛	0	186	32
らん	籃	0	186	32
らん	繿	0	186	32
らん	纜	0	186	32
らん	藍	0	186	32
らん	蘭	0	186	32
らん	襤	0	186	32
らん	襴	0	186	32
らん	覽	0	186	32
らん	醂	0	186	32
らん	鑾	0	186	32
らん	闌	0	186	32
らん	鸞	0	186	32
り	利	15	186	32
り	吏	15	186	32
り	履	15	186	32
り	理	15	186	32
り	痢	15	186	32
り	裏	15	186	32
り	里	15	186	32
り	離	15	186	32
り	俐	0	186	32
り	俚	0	186	32
り	厘	0	186	32
り	哩	0	186	32
り	悧	0	186	32
り	李	0	186	32
り	梨	0	186	32
り	浬	0	186	32
り	漓	0	186	32
り	犁	0	186	32
り	犂	0	186	32
り	狸	0	186	32
り	璃	0	186	32
り	籬	0	186	32
り	罹	0	186	32
り	莅	0	186	32
り	莉	0	186	32
り	蜊	0	186	32
り	蠡	0	186	32
り	裡	0	186	32
り	詈	0	186	32
り	貍	0	186	32
り	釐	0	186	32
り	驪	0	186	32
り	鯉	0	186	32
りき	力	15	186	32
りき	仂	0	186	32
りき	篥	0	186	32
りく	陸	15	186	32
りく	六	0	186	32
りく	勠	0	186	32
りく	戮	0	186	32
りく	淕	0	186	32
りち	律	15	186	32
りち	篥	0	186	32
りっとる	立	0	186	32
りつ	律	15	186	32
りつ	率	15	186	32
りつ	立	15	186	32
りつ	慄	0	186	32
りつ	栗	0	186	32
りつ	竪	0	186	32
りつ	篥	0	186	32
りつ	葎	0	186	32
りゃく	略	15	186	32
りゃく	掠	0	186	32
りゃく	擽	0	186	32
りゃく	暦	0	186	32
りゃく	畧	0	186	32
りゃく	鬲	0	186	32
りゅう	柳	15	186	32
りゅう	流	15	186	32
りゅう	留	15	186	32
りゅう	硫	15	186	32
りゅう	立	15	186	32
りゅう	竜	15	186	32
りゅう	粒	15	186	32
りゅう	隆	15	186	32
りゅう	龍	15	186	32
りゅう	劉	0	186	32
りゅう	嚠	0	186	32
りゅう	壟	0	186	32
りゅう	嶐	0	186	32
りゅう	旒	0	186	32
りゅう	榴	0	186	32
りゅう	溜	0	186	32
りゅう	澑	0	186	32
りゅう	瀏	0	186	32
りゅう	琉	0	186	32
りゅう	瑠	0	186	32
りゅう	璢	0	186	32
りゅう	畄	0	186	32
りゅう	瘤	0	186	32
りゅう	窿	0	186	32
りゅう	竪	0	186	32
りゅう	笠	0	186	32
りゅう	苙	0	186	32
りゅう	鉚	0	186	32
りゅう	鏐	0	186	32
りゅう	霤	0	186	32
りゅう	餾	0	186	32
りょ	慮	15	186	32
りょ	旅	15	186	32
りょ	虜	15	186	32
りょ	侶	0	186	32
りょ	呂	0	186	32
りょ	梠	0	186	32
りょ	櫚	0	186	32
りょ	絽	0	186	32
りょ	膂	0	186	32
りょ	臚	0	186	32
りょ	鑢	0	186	32
りょ	閭	0	186	32
りょう	両	15	186	32
りょう	了	15	186	32
りょう	僚	15	186	32
りょう	寮	15	186	32
りょう	料	15	186	32
りょう	梁	15	186	32
りょう	涼	15	186	32
りょう	漁	15	186	32
りょう	猟	15	186	32
りょう	療	15	186	32
りょう	糧	15	186	32
りょう	良	15	186	32
りょう	量	15	186	32
りょう	陵	15	186	32
りょう	霊	15	186	32
りょう	領	15	186	32
りょう	亮	0	186	32
りょう	令	0	186	32
りょう	倆	0	186	32
りょう	兩	0	186	32
りょう	凉	0	186	32
りょう	凌	0	186	32
りょう	喨	0	186	32
りょう	寥	0	186	32
りょう	崚	0	186	32
りょう	嶺	0	186	32
りょう	廖	0	186	32
りょう	怜	0	186	32
りょう	撩	0	186	32
りょう	暸	0	186	32
りょう	椋	0	186	32
りょう	楞	0	186	32
りょう	燎	0	186	32
りょう	獵	0	186	32
りょう	瞭	0	186	32
りょう	稜	0	186	32
りょう	竜	0	186	32
りょう	粮	0	186	32
りょう	粱	0	186	32
りょう	綾	0	186	32
りょう	繚	0	186	32
りょう	聆	0	186	32
りょう	聊	0	186	32
りょう	苓	0	186	32
りょう	菱	0	186	32
りょう	蓼	0	186	32
りょう	蔆	0	186	32
りょう	裲	0	186	32
りょう	諒	0	186	32
りょう	踉	0	186	32
りょう	輌	0	186	32
りょう	輛	0	186	32
りょう	遼	0	186	32
りょう	鍄	0	186	32
りょう	鐐	0	186	32
りょう	隴	0	186	32
りょう	靈	0	186	32
りょう	鬣	0	186	32
りょう	魎	0	186	32
りょう	鷯	0	186	32
りょう	龍	0	186	32
りょく	力	15	186	32
りょく	緑	15	186	32
りょく	仂	0	186	32
りょく	朸	0	186	32
りん	倫	15	186	32
りん	厘	15	186	32
りん	林	15	186	32
りん	臨	15	186	32
りん	輪	15	186	32
りん	鈴	15	186	32
りん	隣	15	186	32
りん	侖	0	186	32
りん	凛	0	186	32
りん	凜	0	186	32
りん	吝	0	186	32
りん	廩	0	186	32
りん	悋	0	186	32
りん	懍	0	186	32
りん	棆	0	186	32
りん	淋	0	186	32
りん	淪	0	186	32
りん	燐	0	186	32
りん	琳	0	186	32
りん	痳	0	186	32
りん	禀	0	186	32
りん	稟	0	186	32
りん	綸	0	186	32
りん	綾	0	186	32
りん	菻	0	186	32
りん	藺	0	186	32
りん	躙	0	186	32
りん	躪	0	186	32
りん	鄰	0	186	32
りん	醂	0	186	32
りん	霖	0	186	32
りん	鱗	0	186	32
りん	麟	0	186	32
る	流	15	186	32
る	留	15	186	32
る	僂	0	186	32
る	婁	0	186	32
る	屡	0	186	32
る	廬	0	186	32
る	琉	0	186	32
る	瑠	0	186	32
る	璢	0	186	32
る	畄	0	186	32
る	瘻	0	186	32
る	盧	0	186	32
る	縷	0	186	32
る	褸	0	186	32
る	輅	0	186	32
る	鏤	0	186	32
るい	塁	15	186	32
るい	涙	15	186	32
るい	累	15	186	32
るい	類	15	186	32
るい	壘	0	186	32
るい	泪	0	186	32
るい	瘰	0	186	32
るい	縲	0	186	32
るい	羸	0	186	32
るい	耒	0	186	32
るい	誄	0	186	32
るーぶる	畄	0	186	32
るーぶる	留	0	186	32
れい	令	15	186	32
れい	例	15	186	32
れい	冷	15	186	32
れい	励	15	186	32
れい	戻	15	186	32
れい	礼	15	186	32
れい	鈴	15	186	32
れい	隷	15	186	32
れい	零	15	186	32
れい	霊	15	186	32
れい	麗	15	186	32
れい	齢	15	186	32
れい	伶	0	186	32
れい	儷	0	186	32
れい	勵	0	186	32
れい	唳	0	186	32
れい	囹	0	186	32
れい	嶺	0	186	32
れい	怜	0	186	32
れい	捩	0	186	32
れい	櫺	0	186	32
れい	澪	0	186	32
れい	犁	0	186	32
れい	犂	0	186	32
れい	玲	0	186	32
れい	癘	0	186	32
れい	砺	0	186	32
れい	礪	0	186	32
れい	禮	0	186	32
れい	糲	0	186	32
れい	綟	0	186	32
れい	羚	0	186	32
れい	聆	0	186	32
れい	苓	0	186	32
れい	茘	0	186	32
れい	莉	0	186	32
れい	藜	0	186	32
れい	蛉	0	186	32
れい	蛎	0	186	32
れい	蠡	0	186	32
れい	蠣	0	186	32
れい	醴	0	186	32
れい	隸	0	186	32
れい	靈	0	186	32
れい	領	0	186	32
れい	驪	0	186	32
れい	鱧	0	186	32
れい	鴒	0	186	32
れい	黎	0	186	32
れい	齡	0	186	32
れき	暦	15	186	32
れき	歴	15	186	32
れき	檪	0	186	32
れき	櫟	0	186	32
れき	櫪	0	186	32
れき	瀝	0	186	32
れき	癧	0	186	32
れき	礫	0	186	32
れき	轢	0	186	32
れき	轣	0	186	32
れき	靂	0	186	32
れき	鬲	0	186	32
れっ	列	0	186	32
れつ	列	15	186	32
れつ	劣	15	186	32
れつ	烈	15	186	32
れつ	裂	15	186	32
れつ	冽	0	186	32
れつ	埒	0	186	32
れつ	埓	0	186	32
れつ	洌	0	186	32
れん	廉	15	186	32
れん	恋	15	186	32
れん	練	15	186	32
れん	連	15	186	32
れん	錬	15	186	32
れん	匳	0	186	32
れん	嗹	0	186	32
れん	奩	0	186	32
れん	憐	0	186	32
れん	戀	0	186	32
れん	攣	0	186	32
れん	斂	0	186	32
れん	楝	0	186	32
れん	漣	0	186	32
れん	濂	0	186	32
れん	瀲	0	186	32
れん	煉	0	186	32
れん	簾	0	186	32
れん	縺	0	186	32
れん	聨	0	186	32
れん	聯	0	186	32
れん	臉	0	186	32
れん	臠	0	186	32
れん	蓮	0	186	32
れん	輦	0	186	32
れん	鎌	0	186	32
れん	鏈	0	186	32
れん	鰊	0	186	32
ろ	炉	15	186	32
ろ	路	15	186	32
ろ	露	15	186	32
ろ	呂	0	186	32
ろ	廬	0	186	32
ろ	枦	0	186	32
ろ	櫓	0	186	32
ろ	櫚	0	186	32
ろ	櫨	0	186	32
ろ	滷	0	186	32
ろ	漏	0	186	32
ろ	濾	0	186	32
ろ	瀘	0	186	32
ろ	爐	0	186	32
ろ	盧	0	186	32
ろ	絽	0	186	32
ろ	臚	0	186	32
ろ	舮	0	186	32
ろ	艪	0	186	32
ろ	艫	0	186	32
ろ	芦	0	186	32
ろ	蕗	0	186	32
ろ	蘆	0	186	32
ろ	虜	0	186	32
ろ	賂	0	186	32
ろ	輅	0	186	32
ろ	轤	0	186	32
ろ	鈩	0	186	32
ろ	鑪	0	186	32
ろ	顱	0	186	32
ろ	驢	0	186	32
ろ	髏	0	186	32
ろ	魯	0	186	32
ろ	鱸	0	186	32
ろ	鷺	0	186	32
ろ	鹵	0	186	32
ろう	労	15	186	32
ろう	廊	15	186	32
ろう	朗	15	186	32
ろう	楼	15	186	32
ろう	浪	15	186	32
ろう	漏	15	186	32
ろう	糧	15	186	32
ろう	老	15	186	32
ろう	郎	15	186	32
ろう	露	15	186	32
ろう	僂	0	186	32
ろう	勞	0	186	32
ろう	咾	0	186	32
ろう	哢	0	186	32
ろう	壟	0	186	32
ろう	婁	0	186	32
ろう	弄	0	186	32
ろう	拉	0	186	32
ろう	撈	0	186	32
ろう	朖	0	186	32
ろう	朧	0	186	32
ろう	柆	0	186	32
ろう	梁	0	186	32
ろう	楞	0	186	32
ろう	榔	0	186	32
ろう	槞	0	186	32
ろう	樓	0	186	32
ろう	滝	0	186	32
ろう	潦	0	186	32
ろう	瀧	0	186	32
ろう	牢	0	186	32
ろう	狼	0	186	32
ろう	琅	0	186	32
ろう	瑯	0	186	32
ろう	瓏	0	186	32
ろう	瘻	0	186	32
ろう	癆	0	186	32
ろう	稜	0	186	32
ろう	篭	0	186	32
ろう	簍	0	186	32
ろう	籠	0	186	32
ろう	粮	0	186	32
ろう	聾	0	186	32
ろう	臈	0	186	32
ろう	臘	0	186	32
ろう	良	0	186	32
ろう	莨	0	186	32
ろう	薐	0	186	32
ろう	蘢	0	186	32
ろう	蝋	0	186	32
ろう	螂	0	186	32
ろう	螻	0	186	32
ろう	褸	0	186	32
ろう	踉	0	186	32
ろう	醪	0	186	32
ろう	鏤	0	186	32
ろう	鑞	0	186	32
ろう	陋	0	186	32
ろう	隴	0	186	32
ろう	髏	0	186	32
ろく	六	15	186	32
ろく	緑	15	186	32
ろく	録	15	186	32
ろく	仂	0	186	32
ろく	勒	0	186	32
ろく	朸	0	186	32
ろく	漉	0	186	32
ろく	碌	0	186	32
ろく	祿	0	186	32
ろく	禄	0	186	32
ろく	肋	0	186	32
ろく	轆	0	186	32
ろく	陸	0	186	32
ろく	鹿	0	186	32
ろく	麓	0	186	32
ろん	論	15	186	32
ろん	乱	0	186	32
ろん	亂	0	186	32
ろん	侖	0	186	32
ろん	崘	0	186	32
ろん	崙	0	186	32
わ	和	15	186	32
わ	話	15	186	32
わ	輪	15	186	32
わ	侘	0	186	32
わ	倭	0	186	32
わ	吾	0	186	32
わ	哇	0	186	32
わ	啝	0	186	32
わ	我	0	186	32
わ	環	0	186	32
わ	窩	0	186	32
わ	窪	0	186	32
わ	萵	0	186	32
わ	蛙	0	186	32
わい	賄	15	186	32
わい	匯	0	186	32
わい	歪	0	186	32
わい	淮	0	186	32
わい	猥	0	186	32
わい	矮	0	186	32
わい	穢	0	186	32
わい	薈	0	186	32
わい	隈	0	186	32
わか	稚	0	186	32
わか	穉	0	186	32
わか	若	0	186	32
わが	我	15	186	32
わが	吾	0	186	32
わき	別	0	186	32
わき	脇	0	186	32
わき	腋	0	186	32
わく	惑	15	186	32
わく	枠	15	186	32
わく	或	0	186	32
わく	蠖	0	186	32
わけ	訳	15	186	32
わけ	譯	0	186	32
わげ	鬟	0	186	32
わざ	技	15	186	32
わざ	業	15	186	32
わざ	態	0	186	32
わざ	術	0	186	32
わざおぎ	俳	0	186	32
わざおぎ	倡	0	186	32
わざわい	厄	0	186	32
わざわい	殃	0	186	32
わざわい	禍	0	186	32
わし	儂	0	186	32
わし	鷲	0	186	32
わず	纔	0	186	32
わた	綿	15	186	32
わた	棉	0	186	32
わた	絋	0	186	32
わた	絮	0	186	32
わた	緜	0	186	32
わた	腸	0	186	32
わた	膓	0	186	32
わたくし	私	15	186	32
わたし	私	0	186	32
わたり	亘	0	186	32
わたり	済	0	186	32
わたり	渡	0	186	32
わたる	亘	0	186	32
わたる	亙	0	186	32
わたる	弥	0	186	32
わたる	渉	0	186	32
わだち	轍	0	186	32
わつ	斡	0	186	32
わな	罠	0	186	32
わに	鰐	0	186	32
わび	侘	0	186	32
わび	詫	0	186	32
わら	稿	0	186	32
わら	藁	0	186	32
わらじ	鞋	0	186	32
わらび	蕨	0	186	32
わらべ	童	15	186	32
わらべ	僮	0	186	32
わらわ	妾	0	186	32
わらわ	童	0	186	32
わり	割	15	186	32
わる	悪	0	186	32
われ	我	15	186	32
われ	吾	0	186	32
われ	朕	0	186	32
わん	湾	15	186	32
わん	腕	15	186	32
わん	弯	0	186	32
わん	彎	0	186	32
わん	椀	0	186	32
わん	灣	0	186	32
わん	碗	0	186	32
わん	綰	0	186	32
わん	蜿	0	186	32
わん	豌	0	186	32
んど	人	0	186	32
