stem_offset	yomi	candidate	freq	left_connection_id	right_connection_id	yomi_len	candidate_len
592838656	、	、	1000	232	281	1	1
592314369	、	、	999	232	281	1	1
591396866	、	、	997	232	281	1	1
589824003	、	、	994	232	281	1	1
588251140	、	、	992	232	281	1	1
580386821	、	、	978	232	281	1	1
577896454	、	、	974	232	281	1	1
576847879	、	、	973	232	281	1	1
576716808	、	、	972	232	281	1	1
576192521	、	、	971	232	281	1	1
562298890	、	、	948	232	281	1	1
561905675	、	、	947	232	281	1	1
560201740	、	、	944	232	281	1	1
558891021	、	、	942	232	281	1	1
557580302	、	、	940	232	281	1	1
556269583	、	、	938	232	281	1	1
556138512	、	、	938	232	281	1	1
554827793	、	、	935	232	281	1	1
554696722	、	、	935	232	281	1	1
553254931	、	、	933	232	281	1	1
551813140	、	、	930	232	281	1	1
551026709	、	、	929	232	281	1	1
550502422	、	、	928	232	281	1	1
549978135	、	、	927	232	281	1	1
548667416	、	、	925	232	281	1	1
545521689	、	、	920	232	281	1	1
545259546	、	、	919	232	281	1	1
545128475	、	、	919	232	281	1	1
542507036	、	、	915	232	281	1	1
539099165	、	、	909	232	281	1	1
538705950	、	、	908	232	281	1	1
537919519	、	、	907	232	281	1	1
533856288	、	、	900	232	281	1	1
533463073	、	、	899	232	281	1	1
533332002	、	、	899	232	281	1	1
532283427	、	、	897	232	281	1	1
530317348	、	、	894	232	281	1	1
525729829	、	、	886	232	281	1	1
525336614	、	、	886	232	281	1	1
523108391	、	、	882	232	281	1	1
517931048	、	、	873	232	281	1	1
517144617	、	、	872	232	281	1	1
515047466	、	、	868	232	281	1	1
513736747	、	、	866	232	281	1	1
511770668	、	、	863	232	281	1	1
511115309	、	、	862	232	281	1	1
499974190	、	、	843	232	281	1	1
499580975	、	、	842	232	281	1	1
497483824	、	、	839	232	281	1	1
495648817	、	、	836	232	281	1	1
495124530	、	、	835	232	281	1	1
488177715	、	、	823	232	281	1	1
485556276	、	、	819	232	281	1	1
484900917	、	、	817	232	281	1	1
482803766	、	、	814	232	281	1	1
482148407	、	、	813	232	281	1	1
481099832	、	、	811	232	281	1	1
479920185	、	、	809	232	281	1	1
479395898	、	、	808	232	281	1	1
478871611	、	、	807	232	281	1	1
478609468	、	、	807	232	281	1	1
477036605	、	、	804	232	281	1	1
475594814	、	、	802	232	281	1	1
471662655	、	、	795	232	281	1	1
471007296	、	、	794	232	281	1	1
468648001	、	、	790	232	281	1	1
463667266	、	、	782	232	281	1	1
463011907	、	、	781	232	281	1	1
462618692	、	、	780	232	281	1	1
462487621	、	、	780	232	281	1	1
461963334	、	、	779	232	281	1	1
458162247	、	、	772	232	281	1	1
456720456	、	、	770	232	281	1	1
451084361	、	、	760	232	281	1	1
450560074	、	、	760	232	281	1	1
449773643	、	、	758	232	281	1	1
448462924	、	、	756	232	281	1	1
447283277	、	、	754	232	281	1	1
442433614	、	、	746	232	281	1	1
440074319	、	、	742	232	281	1	1
437452880	、	、	737	232	281	1	1
437190737	、	、	737	232	281	1	1
436797522	、	、	736	232	281	1	1
436535379	、	、	736	232	281	1	1
436011092	、	、	735	232	281	1	1
435355733	、	、	734	232	281	1	1
435224662	、	、	734	232	281	1	1
427360343	、	、	720	232	281	1	1
424476760	、	、	716	232	281	1	1
421199961	、	、	710	232	281	1	1
417661018	、	、	704	232	281	1	1
414646363	、	、	699	232	281	1	1
414253148	、	、	698	232	281	1	1
413728861	、	、	697	232	281	1	1
413597790	、	、	697	232	281	1	1
408485983	、	、	689	232	281	1	1
407175264	、	、	686	232	281	1	1
406257761	、	、	685	232	281	1	1
404553826	、	、	682	232	281	1	1
400883811	、	、	676	232	281	1	1
400621668	、	、	675	232	281	1	1
395772005	、	、	667	232	281	1	1
391839846	、	、	660	232	281	1	1
390135911	、	、	658	232	281	1	1
387907688	、	、	654	232	281	1	1
384106601	、	、	647	232	281	1	1
381354090	、	、	643	232	281	1	1
380698731	、	、	642	232	281	1	1
363397228	、	、	612	232	281	1	1
361824365	、	、	610	232	281	1	1
359596142	、	、	606	232	281	1	1
356057199	、	、	600	232	281	1	1
350552176	、	、	591	232	281	1	1
350290033	、	、	590	232	281	1	1
348192882	、	、	587	232	281	1	1
347144307	、	、	585	232	281	1	1
345440372	、	、	582	232	281	1	1
342425717	、	、	577	232	281	1	1
342032502	、	、	576	232	281	1	1
341639287	、	、	576	232	281	1	1
337707128	、	、	569	232	281	1	1
336134265	、	、	566	232	281	1	1
321847418	、	、	542	232	281	1	1
320929915	、	、	541	232	281	1	1
311230588	、	、	524	232	281	1	1
306380925	、	、	516	232	281	1	1
305463422	、	、	515	232	281	1	1
302841983	、	、	510	232	281	1	1
291045504	、	、	490	232	281	1	1
286720129	、	、	483	232	281	1	1
286457986	、	、	483	232	281	1	1
280690819	、	、	473	232	281	1	1
275185796	、	、	464	232	281	1	1
269418629	、	、	454	232	281	1	1
252117126	、	、	425	232	281	1	1
239534215	、	、	404	232	281	1	1
236519560	、	、	398	232	281	1	1
236126345	、	、	398	232	281	1	1
232456330	、	、	392	232	281	1	1
232063115	、	、	391	232	281	1	1
231145612	、	、	389	232	281	1	1
229703821	、	、	387	232	281	1	1
225378446	、	、	380	232	281	1	1
223281295	、	、	376	232	281	1	1
221446288	、	、	373	232	281	1	1
218169489	、	、	368	232	281	1	1
217645202	、	、	367	232	281	1	1
204144787	、	、	344	232	281	1	1
199032980	、	、	335	232	281	1	1
193659029	、	、	326	232	281	1	1
186843286	、	、	315	232	281	1	1
175177879	、	、	295	232	281	1	1
174129304	、	、	293	232	281	1	1
173736089	、	、	293	232	281	1	1
173342874	、	、	292	232	281	1	1
172425371	、	、	290	232	281	1	1
172294300	、	、	290	232	281	1	1
171376797	、	、	289	232	281	1	1
169410718	、	、	285	232	281	1	1
168493215	、	、	284	232	281	1	1
167444640	、	、	282	232	281	1	1
167051425	、	、	281	232	281	1	1
163119266	、	、	275	232	281	1	1
161153187	、	、	271	232	281	1	1
159318180	、	、	268	232	281	1	1
158400677	、	、	267	232	281	1	1
156827814	、	、	264	232	281	1	1
151453863	、	、	255	232	281	1	1
149356712	、	、	251	232	281	1	1
135332009	、	、	228	232	281	1	1
133628074	、	、	225	232	281	1	1
132710571	、	、	223	232	281	1	1
131924140	、	、	222	232	281	1	1
130613421	、	、	220	232	281	1	1
129958062	、	、	219	232	281	1	1
129826991	、	、	218	232	281	1	1
128385200	、	、	216	232	281	1	1
127336625	、	、	214	232	281	1	1
126419122	、	、	213	232	281	1	1
124453043	、	、	209	232	281	1	1
124321972	、	、	209	232	281	1	1
122749109	、	、	207	232	281	1	1
119210166	、	、	201	232	281	1	1
118292663	、	、	199	232	281	1	1
117375160	、	、	197	232	281	1	1
116326585	、	、	196	232	281	1	1
112001210	、	、	188	232	281	1	1
111083707	、	、	187	232	281	1	1
105447612	、	、	177	232	281	1	1
104399037	、	、	176	232	281	1	1
104267966	、	、	175	232	281	1	1
103874751	、	、	175	232	281	1	1
103481536	、	、	174	232	281	1	1
100204737	、	、	169	232	281	1	1
97321154	、	、	164	232	281	1	1
96534723	、	、	162	232	281	1	1
96403652	、	、	162	232	281	1	1
96272581	、	、	162	232	281	1	1
92340422	、	、	155	232	281	1	1
91816135	、	、	154	232	281	1	1
91160776	、	、	153	232	281	1	1
90767561	、	、	153	232	281	1	1
90243274	、	、	152	232	281	1	1
85655755	、	、	144	232	281	1	1
84345036	、	、	142	232	281	1	1
84082893	、	、	141	232	281	1	1
79888590	、	、	134	232	281	1	1
79102159	、	、	133	232	281	1	1
78840016	、	、	132	232	281	1	1
77922513	、	、	131	232	281	1	1
76087506	、	、	128	232	281	1	1
71106771	、	、	119	232	281	1	1
68616404	、	、	115	232	281	1	1
68092117	、	、	114	232	281	1	1
67043542	、	、	113	232	281	1	1
60227799	、	、	101	232	281	1	1
57475288	、	、	96	232	281	1	1
57082073	、	、	96	232	281	1	1
54984922	、	、	92	232	281	1	1
50266331	、	、	84	232	281	1	1
48824540	、	、	82	232	281	1	1
47382749	、	、	79	232	281	1	1
47120606	、	、	79	232	281	1	1
40567007	、	、	68	232	281	1	1
40435936	、	、	68	232	281	1	1
40304865	、	、	67	232	281	1	1
33095906	、	、	55	232	281	1	1
32178403	、	、	54	232	281	1	1
28115172	、	、	47	232	281	1	1
26542309	、	、	44	232	281	1	1
25886950	、	、	43	232	281	1	1
25362663	、	、	42	232	281	1	1
24576232	、	、	41	232	281	1	1
23527657	、	、	39	232	281	1	1
23265514	、	、	39	232	281	1	1
18940139	、	、	31	232	281	1	1
18153708	、	、	30	232	281	1	1
14614765	、	、	24	232	281	1	1
14221550	、	、	23	232	281	1	1
13304047	、	、	22	232	281	1	1
11600112	、	、	19	232	281	1	1
5570801	、	、	9	232	281	1	1
3997938	、	、	6	232	281	1	1
555614451	。	。	937	231	280	1	1
548274420	。	。	924	231	280	1	1
543162613	。	。	916	231	280	1	1
540803318	。	。	912	231	280	1	1
540672247	。	。	912	231	280	1	1
532152568	。	。	897	231	280	1	1
529137913	。	。	892	231	280	1	1
526123258	。	。	887	231	280	1	1
523501819	。	。	883	231	280	1	1
523370748	。	。	882	231	280	1	1
519176445	。	。	875	231	280	1	1
514130174	。	。	867	231	280	1	1
513474815	。	。	866	231	280	1	1
513343744	。	。	865	231	280	1	1
509804801	。	。	859	231	280	1	1
485425410	。	。	818	231	280	1	1
484770051	。	。	817	231	280	1	1
471138564	。	。	794	231	280	1	1
463536389	。	。	781	231	280	1	1
462225670	。	。	779	231	280	1	1
455147783	。	。	767	231	280	1	1
451739912	。	。	761	231	280	1	1
449118473	。	。	757	231	280	1	1
448856330	。	。	757	231	280	1	1
445055243	。	。	750	231	280	1	1
444137740	。	。	749	231	280	1	1
444006669	。	。	748	231	280	1	1
439943438	。	。	742	231	280	1	1
437059855	。	。	737	231	280	1	1
434045200	。	。	732	231	280	1	1
432472337	。	。	729	231	280	1	1
427229458	。	。	720	231	280	1	1
425394451	。	。	717	231	280	1	1
414384404	。	。	698	231	280	1	1
409272597	。	。	690	231	280	1	1
403636502	。	。	680	231	280	1	1
403505431	。	。	680	231	280	1	1
389742872	。	。	657	231	280	1	1
383058201	。	。	646	231	280	1	1
375849242	。	。	633	231	280	1	1
371523867	。	。	626	231	280	1	1
371130652	。	。	626	231	280	1	1
368247069	。	。	621	231	280	1	1
368115998	。	。	620	231	280	1	1
364052767	。	。	614	231	280	1	1
358416672	。	。	604	231	280	1	1
352780577	。	。	595	231	280	1	1
348848418	。	。	588	231	280	1	1
345833763	。	。	583	231	280	1	1
344654116	。	。	581	231	280	1	1
344523045	。	。	581	231	280	1	1
340328742	。	。	574	231	280	1	1
326697255	。	。	551	231	280	1	1
323289384	。	。	545	231	280	1	1
314769705	。	。	530	231	280	1	1
297861418	。	。	502	231	280	1	1
296419627	。	。	500	231	280	1	1
296288556	。	。	499	231	280	1	1
293536045	。	。	495	231	280	1	1
282132782	。	。	475	231	280	1	1
281084207	。	。	474	231	280	1	1
280166704	。	。	472	231	280	1	1
277807409	。	。	468	231	280	1	1
271909170	。	。	458	231	280	1	1
254869811	。	。	429	231	280	1	1
251330868	。	。	423	231	280	1	1
249233717	。	。	420	231	280	1	1
247005494	。	。	416	231	280	1	1
243335479	。	。	410	231	280	1	1
226951480	。	。	382	231	280	1	1
215679289	。	。	363	231	280	1	1
206897466	。	。	348	231	280	1	1
200737083	。	。	338	231	280	1	1
199557436	。	。	336	231	280	1	1
188416317	。	。	317	231	280	1	1
174784830	。	。	294	231	280	1	1
171639103	。	。	289	231	280	1	1
170328384	。	。	287	231	280	1	1
167969089	。	。	283	231	280	1	1
167575874	。	。	282	231	280	1	1
166658371	。	。	281	231	280	1	1
164823364	。	。	278	231	280	1	1
163512645	。	。	275	231	280	1	1
163250502	。	。	275	231	280	1	1
162857287	。	。	274	231	280	1	1
150274376	。	。	253	231	280	1	1
104137033	。	。	175	231	280	1	1
88015178	。	。	148	231	280	1	1
87490891	。	。	147	231	280	1	1
86966604	。	。	146	231	280	1	1
84214093	。	。	142	231	280	1	1
80806222	。	。	136	231	280	1	1
78577999	。	。	132	231	280	1	1
73204048	。	。	123	231	280	1	1
70713681	。	。	119	231	280	1	1
70189394	。	。	118	231	280	1	1
68747603	。	。	115	231	280	1	1
52101460	。	。	87	231	280	1	1
32702805	。	。	55	231	280	1	1
22741334	。	。	38	231	280	1	1
20644183	。	。	34	231	280	1	1
20119896	。	。	33	231	280	1	1
19726681	。	。	33	231	280	1	1
18678106	。	。	31	231	280	1	1
17498459	。	。	29	231	280	1	1
12910940	。	。	21	231	280	1	1
12124509	。	。	20	231	280	1	1
341573982	あいかわらず	相変わらず	576	193	61	6	5
180486495	あいだ	間	304	190	37	3	1
180355424	あいだ	間	304	190	37	3	1
467272033	あいて	相手	788	198	101	3	2
467140962	あいて	相手	787	198	101	3	2
179044707	あお	青	302	199	78	2	1
282853732	あか	赤	477	199	76	2	1
183632229	あかじ	赤字	309	190	37	3	2
233963878	あかちゃん	赤ちゃん	394	191	44	5	4
233832807	あかちゃん	赤ちゃん	394	191	44	5	4
233701736	あかちゃん	赤ちゃん	394	191	44	5	4
233570665	あかちゃん	赤ちゃん	393	191	44	5	4
408682858	あき	秋	689	190	37	2	1
408551787	あき	秋	689	190	37	2	1
408420716	あき	秋	688	190	37	2	1
341442925	あきらか	明らか	575	200	120	4	3
332398958	あくせす	アクセス	560	198	101	4	4
233439599	あけ	開け	393	197	95	2	2
233308528	あけ	開け	393	197	95	2	2
233177457	あけ	開け	393	197	95	2	2
178913650	あけ	開け	301	197	141	2	2
178782579	あけ	開け	301	197	141	2	2
178651508	あけ	開け	301	197	141	2	2
282722677	あげ	上げ	476	197	95	2	2
282591606	あげ	上げ	476	197	95	2	2
282460535	あげ	上げ	476	197	95	2	2
178520440	あげ	あげ	301	197	95	2	2
178389369	あげ	あげ	300	197	95	2	2
178258298	あげ	あげ	300	197	95	2	2
532218235	あさ	朝	897	190	37	2	1
433586556	あし	足	731	190	37	2	1
552403325	あした	明日	931	190	37	3	2
552272254	あした	明日	931	190	37	3	2
445251967	あじ	味	751	190	37	2	1
445120896	あじ	味	750	190	37	2	1
401473921	あじあ	アジア	677	192	45	3	3
552141186	あす	明日	931	190	37	2	2
552010115	あす	明日	931	190	37	2	2
282329476	あせ	汗	476	190	37	2	1
282198405	あせ	汗	476	190	37	2	1
350749062	あそび	遊び	591	190	37	3	2
178127239	あそん	遊ん	300	197	163	3	2
177996168	あたえ	与え	300	197	95	3	2
177865097	あたえ	与え	300	197	95	3	2
177734026	あたえ	与え	299	197	95	3	2
467009931	あたま	頭	787	190	37	3	1
466878860	あたま	頭	787	190	37	3	1
466747789	あたま	頭	787	190	37	3	1
466616718	あたま	頭	787	190	37	3	1
177602959	あたらし	新し	299	199	77	4	2
177471888	あっ	あっ	299	197	164	2	2
177340817	あっ	あっ	299	197	164	2	2
282067346	あつい	暑い	475	199	152	3	2
177209747	あつさ	暑さ	298	199	282	3	2
177078676	あつさ	暑さ	298	199	282	3	2
176947605	あつさ	暑さ	298	199	282	3	2
176816534	あつさ	暑さ	298	199	282	3	2
182452631	あつめ	集め	307	197	95	3	2
182321560	あつめ	集め	307	197	95	3	2
182190489	あつめ	集め	307	197	95	3	2
183501210	あつりょく	圧力	309	190	37	5	2
183370139	あつりょく	圧力	309	190	37	5	2
183239068	あつりょく	圧力	309	190	37	5	2
183107997	あつりょく	圧力	308	190	37	5	2
176685470	あて	あて	298	197	95	2	2
176554399	あて	あて	297	197	95	2	2
176423328	あて	当て	297	197	95	2	2
176292257	あて	当て	297	197	95	2	2
485491106	あと	あと	818	193	63	2	2
421134755	あと	後	710	190	37	2	1
421003684	あと	後	710	190	37	2	1
420872613	あどれす	アドレス	709	190	37	4	4
307102118	あな	穴	518	190	37	2	1
306971047	あな	穴	517	190	37	2	1
306839976	あな	穴	517	190	37	2	1
518259113	あなた	あなた	874	191	42	3	3
518128042	あなた	あなた	873	191	42	3	3
517996971	あなた	あなた	873	191	42	3	3
233046444	あに	兄	393	191	42	2	1
232915373	あに	兄	392	191	42	2	1
232784302	あに	兄	392	191	42	2	1
281936303	あね	姉	475	191	42	2	1
281805232	あね	姉	475	191	42	2	1
281674161	あね	姉	475	191	42	2	1
281543090	あぱーと	アパート	474	190	37	4	4
281412019	あぱーと	アパート	474	190	37	4	4
281280948	あぱーと	アパート	474	190	37	4	4
281149877	あぱーと	アパート	474	190	37	4	4
176161206	あび	浴び	297	197	95	2	2
176030135	あび	浴び	296	197	95	2	2
175899064	あふりか	アフリカ	296	192	45	4	4
175767993	あぷりけーしょん	アプリケーション	296	190	37	8	8
175636922	あぷりけーしょん	アプリケーション	296	190	37	8	8
175505851	あぽろ	アポロ	296	190	37	3	3
475267516	あまりに	あまりに	801	193	259	4	4
502268349	あめ	雨	847	190	37	2	1
502137278	あめ	雨	847	190	37	2	1
384434623	あめりか	アメリカ	648	192	45	4	4
175374784	あらた	新た	295	200	120	3	2
175243713	あらた	新た	295	200	120	3	2
175112642	あり	あり	295	197	162	2	2
444989891	ありがとう	ありがとう	750	195	66	5	5
444858820	ありがとう	ありがとう	750	195	66	5	5
444727749	ありがとう	ありがとう	750	195	66	5	5
296354246	あります	あります	499	197	145	4	4
296223175	あります	あります	499	39	145	4	4
540737992	ある	ある	912	39	161	2	2
540606921	ある	ある	911	197	161	2	2
458293706	ある	ある	773	197	161	2	2
174981579	あれこれ	あれこれ	295	193	51	4	4
232653260	あわせ	合わせ	392	197	141	3	3
232522189	あわせ	合わせ	392	197	141	3	3
359268814	あんけーと	アンケート	606	198	101	5	5
359137743	あんけーと	アンケート	605	198	101	5	5
365298128	あんしん	安心	616	198	101	4	2
314573265	あんな	あんな	530	200	125	3	3
442302930	い	い	746	26	152	1	1
385286611	い	い	649	26	152	1	1
336003540	い	い	566	26	152	1	1
322372053	い	い	543	26	152	1	1
315294166	い	い	531	26	152	1	1
309264855	い	い	521	26	152	1	1
301138392	い	い	507	26	152	1	1
296026585	い	い	499	26	152	1	1
282919386	い	い	477	26	152	1	1
260768219	い	い	439	26	152	1	1
222101980	い	い	374	26	152	1	1
184484317	い	い	311	26	152	1	1
180814302	い	い	304	26	152	1	1
179372511	い	い	302	26	152	1	1
179110368	い	い	302	26	152	1	1
177668577	い	い	299	26	152	1	1
174850530	い	い	294	197	95	1	1
160891363	い	い	271	26	152	1	1
91029988	い	い	153	26	152	1	1
51839461	い	い	87	26	152	1	1
48693734	い	い	82	26	152	1	1
25231847	い	い	42	26	152	1	1
485360104	いい	いい	818	199	152	2	2
38207977	いい	いい	64	199	152	2	2
38076906	いい	良い	64	199	152	2	2
281018859	いう	言う	474	197	161	2	2
174719468	いう	いう	294	197	161	2	2
444596717	いえ	家	749	190	37	2	1
444465646	いえ	家	749	190	37	2	1
444334575	いえ	家	749	190	37	2	1
232391152	いえ	いえ	391	195	66	2	2
174588401	いえ	いえ	294	197	94	2	2
174457330	いえ	いえ	294	197	94	2	2
280887795	いおん	イオン	473	190	37	3	3
280756724	いおん	イオン	473	190	37	3	3
455999989	いか	以下	769	190	37	2	2
455868918	いか	以下	768	190	37	2	2
455737847	いかが	いかが	768	200	120	3	3
455606776	いかが	いかが	768	200	120	3	3
232260089	いきおい	勢い	391	193	63	4	2
526189050	いく	行く	887	197	161	2	2
526057979	いく	行く	887	197	161	2	2
408289788	いくら	いくら	688	190	37	3	3
232129021	いけ	池	391	190	37	2	1
341311998	いけん	意見	575	198	101	3	2
341180927	いけん	意見	575	198	101	3	2
280625664	いこう	以降	473	190	37	3	2
280494593	いこう	以降	473	190	37	3	2
280363522	いこう	以降	472	190	37	3	2
231997955	いご	以後	391	190	37	2	2
231866884	いご	以後	391	190	37	2	2
231735813	いご	以後	390	190	37	2	2
174326278	いざ	いざ	294	193	61	2	2
231604743	いしき	意識	390	198	101	3	2
231473672	いしき	意識	390	198	101	3	2
231342601	いしき	意識	390	198	101	3	2
384303626	いじょう	以上	648	229	39	4	2
384172555	いじょう	以上	648	229	39	4	2
280232460	いずれ	いずれ	472	190	37	3	3
497156621	いぜん	以前	838	190	37	3	2
497025550	いぜん	以前	838	190	37	3	2
496894479	いぜん	以前	838	190	37	3	2
496763408	いぜん	以前	837	190	37	3	2
174195217	いぜん	依然	293	193	47	3	2
174064146	いぜん	依然	293	193	47	3	2
280101395	いそがしい	忙しい	472	199	152	5	3
231211540	いそがしく	忙しく	390	199	173	5	3
231080469	いそがしく	忙しく	389	199	173	5	3
230949398	いぞん	依存	389	198	101	3	2
230818327	いぞん	依存	389	198	101	3	2
465895960	いた	いた	785	65	151	2	2
393937433	いた	いた	664	65	151	2	2
388039194	いた	いた	654	65	151	2	2
286196251	いた	いた	482	65	151	2	2
270991900	いた	いた	457	65	151	2	2
73597469	いた	いた	124	65	151	2	2
69927454	いた	いた	117	65	151	2	2
19857951	いた	いた	33	65	151	2	2
230687264	いたみ	痛み	389	190	37	3	2
230556193	いたみ	痛み	388	190	37	3	2
173933090	いたりあ	イタリア	293	192	45	4	4
350618147	いちおう	一応	591	193	58	4	2
350487076	いちおう	一応	591	193	58	4	2
173802021	いちがつ	１月	293	190	80	4	2
173670950	いちがつ	１月	292	190	80	4	2
173539879	いちがつ	１月	292	190	80	4	2
173408808	いちじ	一時	292	177	80	3	2
173277737	いちじ	一時	292	177	80	3	2
509608490	いちど	一度	859	177	80	3	2
433455659	いちば	市場	731	190	37	3	2
433324588	いちば	市場	730	190	37	3	2
433193517	いちば	市場	730	190	37	3	2
525926958	いちばん	一番	887	193	63	4	2
466485807	いちぶ	一部	786	177	80	3	2
466354736	いちぶ	一部	786	177	80	3	2
173146673	いっ	行っ	292	197	164	2	2
173015602	いっ	行っ	291	197	164	2	2
172884531	いっ	言っ	291	197	164	2	2
172753460	いっ	言っ	291	197	164	2	2
393347637	いっさい	一切	663	193	63	4	2
350356022	いっしゅん	一瞬	590	190	37	5	2
350224951	いっしゅん	一瞬	590	190	37	5	2
408158776	いっしょ	一緒	688	198	101	4	2
332268089	いったい	一体	560	177	80	4	2
322044474	いって	言って	543	197	180	3	3
321913403	いって	言って	543	197	180	3	3
321782332	いって	言って	542	197	180	3	3
172622397	いって	言って	291	197	206	3	3
172491326	いって	言って	290	197	206	3	3
172360255	いって	言って	290	197	206	3	3
444203584	いっぱい	いっぱい	749	200	120	4	4
384041537	いっぽう	一方	647	190	37	4	2
383910466	いっぽう	一方	647	190	37	4	2
408027715	いつ	いつ	688	190	38	2	2
172229188	いて	いて	290	197	206	2	2
172098117	いて	いて	290	197	206	2	2
230425158	いてん	移転	388	198	101	3	2
171967047	いでんし	遺伝子	290	190	37	4	3
171835976	いでんし	遺伝子	289	190	37	4	3
171704905	いでんし	遺伝子	289	190	37	4	3
230294090	いと	糸	388	190	37	2	1
279970379	いどう	移動	472	198	101	3	2
409010764	いない	いない	689	65	155	3	3
226427469	いない	いない	381	65	155	3	3
171573838	いない	いない	289	197	155	3	3
279839311	いなか	田舎	472	190	37	3	2
279708240	いなか	田舎	471	190	37	3	2
279577169	いぬ	犬	471	190	37	2	1
279446098	いぬ	犬	471	190	37	2	1
279315027	いぬ	犬	471	190	37	2	1
279183956	いぬ	犬	470	190	37	2	1
279052885	いね	稲	470	190	37	2	1
278921814	いね	稲	470	190	37	2	1
278790743	いね	稲	470	190	37	2	1
278659672	いのち	命	470	190	37	3	1
230163033	いはん	違反	388	198	101	3	2
341049946	いべんと	イベント	575	190	37	4	4
278528603	いほう	違法	469	200	120	3	2
171442780	いほう	違法	289	190	37	3	2
551879261	いま	今	930	193	63	2	1
551748190	いま	今	930	193	63	2	1
551617119	いま	今	930	193	63	2	1
171311712	いま	いま	288	193	63	2	2
449249889	いました	いました	757	65	151	4	4
449380962	います	います	758	65	145	3	3
131662435	います	います	222	241	145	3	3
376439396	いみ	意味	634	198	101	2	2
376308325	いみ	意味	634	198	101	2	2
171180646	いみん	移民	288	198	101	3	2
278397543	いめーじ	イメージ	469	198	101	4	4
278266472	いめーじ	イメージ	469	198	101	4	4
278135401	いもうと	妹	469	191	42	4	1
278004330	いもうと	妹	468	191	42	4	1
277873259	いもうと	妹	468	191	42	4	1
517866092	いや	いや	873	195	66	2	2
230031981	いや	嫌	388	200	120	2	1
229900910	いよく	意欲	387	190	37	3	2
229769839	いよく	意欲	387	190	37	3	2
229638768	いらい	以来	387	190	37	3	2
229507697	いらい	以来	387	190	37	3	2
171049586	いり	入り	288	198	101	2	2
170918515	いりぐち	入り口	288	190	37	4	3
170787444	いりぐち	入り口	288	190	37	4	3
170656373	いりぐち	入り口	287	190	37	4	3
513213046	いる	いる	865	65	161	2	2
466027127	いる	いる	786	65	161	2	2
449512056	いる	いる	758	65	161	2	2
435094137	いる	いる	733	65	161	2	2
426312314	いる	いる	719	65	161	2	2
409141883	いる	いる	690	65	161	2	2
404685436	いる	いる	682	65	161	2	2
398131837	いる	いる	671	65	161	2	2
394068606	いる	いる	664	65	161	2	2
371393151	いる	いる	626	65	161	2	2
321979008	いる	いる	543	65	161	2	2
321061505	いる	いる	541	65	161	2	2
317391490	いる	いる	535	65	161	2	2
297206403	いる	いる	501	65	161	2	2
286327428	いる	いる	482	65	161	2	2
277742213	いる	いる	468	197	161	2	2
271123078	いる	いる	457	65	161	2	2
226558599	いる	いる	382	65	161	2	2
200868488	いる	いる	338	65	161	2	2
187630217	いる	いる	316	65	161	2	2
172556938	いる	いる	291	65	161	2	2
170590859	いる	いる	287	65	161	2	2
168624780	いる	いる	284	65	161	2	2
162988685	いる	いる	274	65	161	2	2
159187598	いる	いる	268	65	161	2	2
149488271	いる	いる	252	65	161	2	2
129041040	いる	いる	217	65	161	2	2
124191377	いる	いる	209	65	161	2	2
103613074	いる	いる	174	65	161	2	2
100074131	いる	いる	168	65	161	2	2
96666260	いる	いる	163	65	161	2	2
95879829	いる	いる	161	65	161	2	2
87622294	いる	いる	147	65	161	2	2
86573719	いる	いる	146	65	161	2	2
86442648	いる	いる	145	65	161	2	2
77005465	いる	いる	129	65	161	2	2
73728666	いる	いる	124	65	161	2	2
70582939	いる	いる	119	65	161	2	2
70058652	いる	いる	118	65	161	2	2
52363933	いる	いる	88	65	161	2	2
49218206	いる	いる	83	65	161	2	2
47252127	いる	いる	79	65	161	2	2
30343840	いる	いる	51	65	161	2	2
29033121	いる	いる	48	65	161	2	2
28246690	いる	いる	47	65	161	2	2
25756323	いる	いる	43	65	161	2	2
23397028	いる	いる	39	65	161	2	2
19989157	いる	いる	33	65	161	2	2
277611174	いれ	入れ	468	197	95	2	2
277480103	いれ	入れ	468	197	95	2	2
277349032	いれ	入れ	467	197	95	2	2
170525353	いれて	入れて	287	197	206	3	3
170394282	いれる	入れる	287	197	161	3	3
170263211	いれる	入れる	287	197	161	3	3
359006892	いろ	色	605	190	37	2	1
358875821	いろ	色	605	190	37	2	1
358744750	いろ	色	605	190	37	2	1
475136687	いろいろ	いろいろ	801	200	123	4	4
229376688	いんしょう	印象	386	190	37	5	2
229245617	いんしょう	印象	386	190	37	5	2
78709426	う	う	132	51	147	1	1
170132147	ういるす	ウイルス	286	190	37	4	4
170001076	ういるす	ウイルス	286	190	37	4	4
169870005	ういるす	ウイルス	286	190	37	4	4
577569462	うえ	上	974	190	37	2	1
577438391	うえ	上	974	190	37	2	1
577307320	うえ	上	973	190	37	2	1
169738937	うえ	うえ	286	190	37	2	2
169607866	うかべ	浮かべ	286	197	141	3	3
169476795	うかべ	浮かべ	285	197	141	3	3
169345724	うかべ	浮かべ	285	197	141	3	3
169214653	うかん	浮かん	285	197	163	3	3
169083582	うかん	浮かん	285	197	163	3	3
168952511	うきぼり	浮き彫り	284	198	101	4	4
578749120	うけ	受け	976	197	95	2	2
578618049	うけ	受け	976	197	95	2	2
168821442	うけいれ	受け入れ	284	197	95	4	4
168690371	うけいれ	受け入れ	284	197	95	4	4
168559300	うけて	受けて	284	197	206	3	3
168428229	うけて	受けて	284	197	206	3	3
570491590	うごき	動き	962	190	37	3	2
570360519	うごき	動き	962	190	37	3	2
570229448	うごき	動き	961	190	37	3	2
168297161	うごき	動き	283	197	162	3	2
168166090	うごき	動き	283	197	162	3	2
168035019	うごき	動き	283	197	162	3	2
167903948	うごく	動く	283	197	161	3	2
167772877	うさぎ	ウサギ	282	190	37	3	3
167641806	うさぎ	ウサギ	282	190	37	3	3
332137167	うし	牛	560	190	37	2	1
332006096	うし	牛	560	190	37	2	1
485229265	うしろ	後ろ	818	190	37	3	2
485098194	うしろ	後ろ	818	190	37	3	2
484967123	うしろ	後ろ	818	190	37	3	2
167510740	うすい	薄い	282	199	152	3	2
167379669	うすく	薄く	282	199	173	3	2
167248598	うすく	薄く	282	199	173	3	2
229114583	うず	渦	386	190	37	2	1
228983512	うず	渦	386	190	37	2	1
228852441	うそ	うそ	386	190	37	2	2
502006490	うた	歌	846	190	37	2	1
228721371	うたがい	疑い	385	190	37	4	2
228590300	うたがい	疑い	385	190	37	4	2
228459229	うたがい	疑い	385	190	37	4	2
167117534	うち	うち	281	191	42	2	2
166986463	うち	うち	281	191	42	2	2
166855392	うっ	売っ	281	197	164	2	2
166724321	うっ	売っ	281	197	164	2	2
166593250	うった	売った	281	197	151	3	3
166462179	うつくしさ	美しさ	280	199	282	5	3
166331108	うつくしさ	美しさ	280	199	282	5	3
166200037	うつくしさ	美しさ	280	199	282	5	3
166068966	うつくしさ	美しさ	280	199	282	5	3
165937895	うつくしさ	美しさ	279	199	282	5	3
433062632	うで	腕	730	190	37	2	1
432931561	うで	腕	730	190	37	2	1
455475946	うま	馬	768	190	37	2	1
455344875	うま	馬	768	190	37	2	1
455213804	うま	馬	767	190	37	2	1
296092397	うま	うま	499	199	76	2	2
295961326	うま	うま	499	199	76	2	2
555549423	うまい	うまい	937	199	152	3	3
376177392	うまれ	生まれ	634	197	94	3	3
376046321	うまれ	生まれ	634	197	94	3	3
540476146	うみ	海	911	190	37	2	1
540345075	うみ	海	911	190	37	2	1
540214004	うみ	海	911	190	37	2	1
165806837	うむ	有無	279	190	37	2	2
165675766	うむ	有無	279	190	37	2	2
165544695	うむ	有無	279	190	37	2	2
165413624	うめ	埋め	279	197	95	2	2
165282553	うめ	埋め	278	197	95	2	2
165151482	うめ	埋め	278	197	95	2	2
165020411	うりあげだか	売上高	278	190	37	6	3
164889340	うりあげだか	売上高	278	190	37	6	3
164758269	うる	売る	277	197	161	2	2
164627198	うれ	売れ	277	197	141	2	2
164496127	うれ	売れ	277	197	141	2	2
444072704	うれしい	うれしい	749	199	152	4	4
277218049	うわさ	噂	467	198	101	3	1
484836098	うん	うん	817	195	66	2	2
484705027	うん	うん	817	195	66	2	2
484573956	うん	うん	817	195	66	2	2
420741893	うんえい	運営	709	198	101	4	2
420610822	うんえい	運営	709	198	101	4	2
375915271	うんてん	運転	634	198	101	4	2
466223880	うんどう	運動	786	198	101	4	2
466092809	うんどう	運動	786	198	101	4	2
358613770	うんめい	運命	604	190	37	4	2
358482699	うんめい	運命	604	190	37	4	2
314442508	うんよう	運用	530	198	101	4	2
548078349	え	絵	924	190	37	1	1
547947278	え	絵	924	190	37	1	1
164365071	え	得	277	197	95	1	1
164234000	え	得	277	197	95	1	1
164102929	え	得	276	197	95	1	1
163971858	え	得	276	197	95	1	1
575472403	えいが	映画	970	190	37	3	2
575341332	えいが	映画	970	190	37	3	2
559088405	えいきょう	影響	943	198	101	5	2
558957334	えいきょう	影響	942	198	101	5	2
163840791	えいこく	英国	276	190	37	4	2
563151640	えいご	英語	949	190	37	3	2
563020569	えいご	英語	949	190	37	3	2
562889498	えいご	英語	949	190	37	3	2
484442907	えいぞう	映像	817	190	37	4	2
163709724	えがい	描い	276	197	164	3	2
163578653	えがい	描い	275	197	164	3	2
517735198	えがお	笑顔	873	190	37	3	2
517604127	えがお	笑顔	873	190	37	3	2
517473056	えがお	笑顔	872	190	37	3	2
163447585	えがく	描く	275	197	161	3	2
540082978	えき	駅	911	190	37	2	1
517341987	えきまえ	駅前	872	190	37	4	2
517210916	えきまえ	駅前	872	190	37	4	2
163316517	えじぷと	エジプト	275	192	45	4	4
163185446	えた	得た	275	197	151	2	2
277087015	えだ	枝	467	190	37	2	1
276955944	えだ	枝	467	190	37	2	1
276824873	えだ	枝	466	190	37	2	1
163054378	えて	得て	275	197	206	2	2
162923307	えて	得て	274	197	206	2	2
162792236	えない	得ない	274	197	155	3	3
501875501	えねるぎー	エネルギー	846	190	37	5	5
501744430	えねるぎー	エネルギー	846	190	37	5	5
162661167	えらん	選ん	274	197	163	3	2
162530096	えらん	選ん	274	197	163	3	2
162399025	えれべーたー	エレベーター	273	190	37	6	6
162267954	えれべーたー	エレベーター	273	190	37	6	6
162136883	えれべーたー	エレベーター	273	190	37	6	6
162005812	えれべーたー	エレベーター	273	190	37	6	6
180224821	えんじん	エンジン	304	190	37	4	4
180093750	えんじん	エンジン	303	190	37	4	4
161874743	えんだか	円高	273	190	37	4	2
161743672	えんだか	円高	272	190	37	4	2
161612601	えんだか	円高	272	190	37	4	2
228328250	おうえん	応援	385	198	101	4	2
161481531	おうしゅう	欧州	272	190	37	5	2
161350460	おうべい	欧米	272	190	37	4	2
331875133	おうぼ	応募	559	198	101	3	2
331744062	おうぼ	応募	559	198	101	3	2
161219391	おえ	終え	271	197	94	2	2
161088320	おえ	終え	271	197	94	2	2
160957249	おえ	終え	271	197	94	2	2
160826178	おお	多	271	199	78	2	1
160695107	おお	多	271	199	78	2	1
532087620	おおい	多い	897	199	152	3	2
179438405	おおき	大き	302	199	77	3	2
179307334	おおき	大き	302	199	77	3	2
443941703	おおきい	大きい	748	199	152	4	3
525796168	おおく	多く	886	193	63	3	2
525665097	おおく	多く	886	193	63	3	2
525534026	おおく	多く	886	193	63	3	2
525402955	おおく	多く	886	199	173	3	2
525271884	おおく	多く	886	199	173	3	2
525140813	おおく	多く	885	199	173	3	2
160564046	おおさか	大阪	270	192	45	4	2
160432975	おおて	大手	270	190	37	3	2
182059856	おおはば	大幅	307	200	120	4	2
181928785	おおはば	大幅	306	200	120	4	2
228197202	おかあさん	お母さん	384	191	44	5	4
228066131	おかあさん	お母さん	384	191	44	5	4
227935060	おかあさん	お母さん	384	191	44	5	4
227803989	おかあさん	お母さん	384	191	44	5	4
227672918	おかげ	おかげ	384	190	37	3	3
443810647	おかね	お金	748	190	37	3	2
443679576	おかね	お金	748	190	37	3	2
443548505	おかね	お金	748	190	37	3	2
182977370	おき	起き	308	197	95	2	2
182846299	おき	起き	308	197	95	2	2
160301916	おきなわ	沖縄	270	192	45	4	2
276693853	おく	奥	466	190	37	2	1
227541854	おくさん	奥さん	383	191	44	4	3
227410783	おくさん	奥さん	383	191	44	4	3
227279712	おくさん	奥さん	383	191	44	4	3
181797729	おくれ	遅れ	306	197	94	3	2
181666658	おくれ	遅れ	306	197	94	3	2
160170851	おけ	おけ	270	197	141	2	2
160039780	おさえ	抑え	269	197	95	3	2
159908709	おさえ	抑え	269	197	95	3	2
276562790	おしえ	教え	466	197	95	3	2
276431719	おせわ	お世話	466	198	100	3	3
159777640	おせわに	お世話に	269	198	259	4	4
159646569	おせわに	お世話に	269	198	259	4	4
159515498	おせわに	お世話に	269	198	259	4	4
159384427	おせわに	お世話に	268	198	259	4	4
227148652	おせん	汚染	383	198	101	3	2
227017581	おせん	汚染	382	198	101	3	2
226886510	おそい	遅い	382	199	152	3	2
159253359	おそらく	おそらく	268	193	58	4	4
331613040	おたがい	お互い	559	193	63	4	3
331481969	おたがい	お互い	559	193	63	4	3
226755442	おち	落ち	382	197	94	2	2
226624371	おち	落ち	382	197	94	2	2
350094196	おちゃ	お茶	590	190	37	3	2
349963125	おちゃ	お茶	590	190	37	3	2
159122294	おって	追って	268	197	206	3	3
276300663	おっと	夫	466	190	37	3	1
276169592	おっと	夫	465	190	37	3	1
276038521	おっと	夫	465	190	37	3	1
275907450	おっと	夫	465	190	37	3	1
432800635	おと	音	730	190	37	2	1
432669564	おと	音	729	190	37	2	1
432538493	おと	音	729	190	37	2	1
181404542	おとうと	弟	305	191	42	4	1
181273471	おとうと	弟	305	191	42	4	1
181142400	おとうと	弟	305	191	42	4	1
484311937	おとこ	男	816	190	37	3	1
484180866	おとこ	男	816	190	37	3	1
484049795	おとこ	男	816	190	37	3	1
275776388	おに	鬼	465	190	37	2	1
275645317	おに	鬼	464	190	37	2	1
275514246	おに	鬼	464	190	37	2	1
518980487	おねがい	お願い	875	198	100	4	3
340919176	おねがい	お願い	575	198	100	4	3
340788105	おねがい	お願い	574	198	100	4	3
275383178	おぼえ	覚え	464	197	95	3	2
275252107	おぼえ	覚え	464	197	95	3	2
226493324	おぼえて	覚えて	382	197	180	4	3
226362253	おぼえて	覚えて	381	197	180	4	3
375784334	おもいます	思います	633	197	145	5	4
375653263	おもいます	思います	633	197	145	5	4
432407440	おもう	思う	729	197	161	3	2
358351761	おもしろい	面白い	604	199	152	5	3
158991250	おもっ	思っ	268	197	164	3	2
158860179	おもっ	思っ	267	197	164	3	2
455082900	おもった	思った	767	197	151	4	3
465961877	おもって	思って	785	197	180	4	3
465830806	おもって	思って	785	197	180	4	3
375522199	おや	親	633	191	42	2	1
226231192	おやこ	親子	381	190	37	3	2
517079961	および	及び	872	197	162	3	2
158729114	おらんだ	オランダ	267	192	45	4	4
226100123	おりんぴっく	オリンピック	381	190	37	6	6
225969052	おりんぴっく	オリンピック	381	190	37	6	6
158598045	おわっ	終わっ	267	197	164	3	3
158466974	おわっ	終わっ	267	197	164	3	3
275121055	おわり	終わり	464	190	37	3	3
274989984	おわり	終わり	463	190	37	3	3
158335905	おわり	終わり	267	197	162	3	3
158204834	おわり	終わり	266	197	162	3	3
465699747	おんがく	音楽	785	190	37	4	2
314311588	おんせん	温泉	530	190	37	4	2
314180517	おんせん	温泉	529	190	37	4	2
393216934	おんな	女	663	190	37	3	1
365167527	おんなのこ	女の子	615	190	37	5	3
365036456	おんなのこ	女の子	615	190	37	5	3
364905385	おんなのこ	女の子	615	190	37	5	3
364774314	おんなのこ	女の子	615	190	37	5	3
158073771	おーすとらりあ	オーストラリア	266	192	45	7	7
314049452	おーぷん	オープン	529	198	101	4	4
313918381	おーぷん	オープン	529	198	101	4	4
557319086	か	か	940	166	230	1	1
416482223	か	か	702	166	230	1	1
375718832	か	か	633	166	230	1	1
369820593	か	か	623	166	230	1	1
238093234	か	か	401	166	230	1	1
195494835	か	か	329	166	230	1	1
157942708	かい	書い	266	197	164	2	2
157811637	かい	書い	266	197	164	2	2
364643254	かいいん	会員	615	190	41	4	2
364512183	かいいん	会員	614	190	41	4	2
393085880	かいがい	海外	663	190	37	4	2
525009849	かいしゃ	会社	885	190	37	4	2
524878778	かいしゃ	会社	885	190	37	4	2
524747707	かいしゃ	会社	885	190	37	4	2
483918780	かお	顔	816	190	37	2	1
483787709	かお	顔	816	190	37	2	1
225838014	かおり	香り	380	190	37	3	2
225706943	かおり	香り	380	190	37	3	2
157680576	かおり	香り	265	197	162	3	2
157549505	かおり	香り	265	197	162	3	2
454951874	かかく	価格	767	190	37	3	2
454820803	かかく	価格	767	190	37	3	2
454689732	かかく	価格	766	190	37	3	2
454558661	かかく	価格	766	190	37	3	2
225575878	かぎ	鍵	380	190	37	2	1
225444807	かぎ	鍵	380	190	37	2	1
313787336	かくしゅ	各種	529	190	37	4	2
313656265	かくじつ	確実	529	200	120	4	2
313525194	かくじつ	確実	528	200	120	4	2
313394123	かくじつ	確実	528	200	120	4	2
331350988	かくにん	確認	558	198	101	4	2
331219917	かくにん	確認	558	198	101	4	2
157418446	かけ	かけ	265	197	95	2	2
157287375	かけ	かけ	265	197	95	2	2
157156304	かけ	かけ	265	197	141	2	2
157025233	かけ	かけ	264	197	141	2	2
225313746	かけて	かけて	380	197	180	3	3
225182675	かげ	影	379	190	37	2	1
225051604	かげ	影	379	190	37	2	1
375391189	かこ	過去	633	190	37	2	2
375260118	かこ	過去	632	190	37	2	2
224920535	かず	数	379	190	37	2	1
224789464	かず	数	379	190	37	2	1
224658393	かず	数	378	190	37	2	1
224527322	かずおおく	数多く	378	190	37	5	3
274858971	かずかず	数々	463	193	63	4	2
156894172	かせい	火星	264	190	37	3	2
274727901	かぜ	風邪	463	190	37	2	2
224396254	かぜ	風	378	190	37	2	1
224265183	かぜ	風	378	190	37	2	1
224134112	かぜ	風	378	190	37	2	1
407897057	かぞく	家族	688	190	41	3	2
407765986	かぞく	家族	687	190	41	3	2
224003043	かた	肩	377	190	37	2	1
223871972	かた	肩	377	190	37	2	1
432276453	かたち	形	729	190	37	3	1
432145382	かたち	形	728	190	37	3	1
432014311	かたち	形	728	190	37	3	1
223740904	かだい	課題	377	190	37	3	2
223609833	かだい	課題	377	190	37	3	2
223478762	かだい	課題	376	190	37	3	2
223347691	かだい	課題	376	190	37	3	2
331088876	かち	価値	558	190	37	2	2
330957805	かち	価値	558	190	37	2	2
330826734	かち	価値	558	190	37	2	2
223216623	かち	勝ち	376	190	37	2	2
156763120	かち	勝ち	264	197	162	2	2
223085553	かっこう	格好	376	200	120	4	2
222954482	かっこう	格好	376	200	120	4	2
222823411	かっこう	格好	375	200	120	4	2
222692340	かっこう	格好	375	200	120	4	2
274596853	かって	勝手	463	200	120	3	2
274465782	かって	勝手	462	200	120	3	2
156632055	かつて	かつて	264	193	61	3	3
156500984	かつて	かつて	263	193	61	3	3
349832185	かつどう	活動	590	198	101	4	2
349701114	かつどう	活動	589	198	101	4	2
156369915	かつどう	活動	263	190	37	4	2
156238844	かつどう	活動	263	190	37	4	2
274334717	かてい	家庭	462	190	37	3	2
274203646	かてい	家庭	462	190	37	3	2
156107775	かてい	過程	263	190	37	3	2
155976704	かてい	過程	263	190	37	3	2
155845633	かてい	過程	262	190	37	3	2
355533826	かな	かな	599	166	267	2	2
547816451	かなり	かなり	924	193	123	3	3
547685380	かなり	かなり	923	200	123	3	3
222561285	かにゅう	加入	375	198	101	4	2
274072582	かね	金	462	190	37	2	1
155714567	かね	カネ	262	190	37	2	2
155583496	かね	カネ	262	190	37	2	2
155452425	かね	カネ	262	190	37	2	2
496632842	かのう	可能	837	200	120	3	2
496501771	かのう	可能	837	200	120	3	2
496370700	かのう	可能	837	200	120	3	2
431883277	かのうせい	可能性	728	190	37	5	3
431752206	かのうせい	可能性	728	190	37	5	3
431621135	かのうせい	可能性	728	190	37	5	3
431490064	かのうせい	可能性	727	190	37	5	3
551486481	かのじょ	彼女	930	191	42	4	2
551355410	かのじょ	彼女	930	191	42	4	2
273941523	かばー	カバー	462	198	101	3	3
273810452	かばー	カバー	461	198	101	3	3
155321365	かぶか	株価	261	190	37	3	2
155190294	かぶか	株価	261	190	37	3	2
155059223	かぶか	株価	261	190	37	3	2
383779864	かぶしき	株式	647	190	37	4	2
273679385	かべ	壁	461	190	37	2	1
273548314	かべ	壁	461	190	37	2	1
273417243	かべ	壁	461	190	37	2	1
273286172	かべ	壁	460	190	37	2	1
273155101	かまくら	鎌倉	460	190	37	4	2
273024030	かめら	カメラ	460	190	37	3	3
272892959	かめら	カメラ	460	190	37	3	3
154928160	かめらまん	カメラマン	261	190	37	5	5
154797089	かめらまん	カメラマン	261	190	37	5	5
154666018	かもく	科目	260	222	80	3	2
154534947	かもく	科目	260	222	80	3	2
154403876	かもつ	貨物	260	190	37	3	2
583140389	から	から	983	93	254	2	2
556401702	から	から	938	93	254	2	2
550110247	から	から	927	93	254	2	2
496829480	から	から	838	93	254	2	2
488440873	から	から	823	93	254	2	2
485164074	から	から	818	93	254	2	2
457901099	から	から	772	93	254	2	2
399967276	から	から	674	93	254	2	2
386729005	から	から	652	93	254	2	2
368641070	から	から	621	93	254	2	2
330499119	から	から	557	93	254	2	2
312673328	から	から	527	93	254	2	2
311100465	から	から	524	93	254	2	2
290915378	から	から	490	93	254	2	2
288031795	から	から	485	93	254	2	2
284361780	から	から	479	93	254	2	2
235865141	から	から	397	93	254	2	2
222430262	から	空	375	190	37	2	1
222299191	から	空	374	190	37	2	1
212796472	から	から	358	93	254	2	2
205063225	から	から	345	93	254	2	2
202310714	から	から	341	93	254	2	2
173605947	から	から	292	93	254	2	2
126682172	から	から	213	93	254	2	2
112788541	から	から	190	93	254	2	2
66651198	から	から	112	93	254	2	2
46859327	から	から	79	93	254	2	2
11338816	から	から	19	93	254	2	2
420480065	からだ	体	709	190	37	3	1
420348994	からだ	体	709	190	37	3	1
420217923	からだ	体	708	190	37	3	1
420086852	からだ	体	708	190	37	3	1
154272837	かるく	軽く	260	199	173	3	2
577176646	かれ	彼	973	191	42	2	1
577045575	かれ	彼	973	191	42	2	1
154141768	かれら	彼ら	260	191	43	3	2
154010697	かれら	彼ら	259	191	43	3	2
153879626	かれら	彼ら	259	191	43	3	2
222168139	かわ	川	374	190	37	2	1
153748556	かわせ	為替	259	190	37	3	2
321651789	かんかく	感覚	542	190	37	4	2
321520718	かんかく	感覚	542	190	37	4	2
321389647	かんかく	感覚	542	190	37	4	2
475006032	かんがえ	考え	801	197	95	4	2
443417681	かんきょう	環境	747	190	37	5	2
443286610	かんきょう	環境	747	190	37	5	2
419955795	かんけい	関係	708	198	101	4	2
419824724	かんけい	関係	708	198	101	4	2
179962965	かんこく	韓国	303	190	37	4	2
306709590	かんさい	関西	517	190	37	4	2
509477975	かんじ	感じ	859	197	95	3	2
509346904	かんじ	感じ	859	197	95	3	2
375129177	かんぜん	完全	632	200	120	4	2
374998106	かんぜん	完全	632	200	120	4	2
321258587	かんそう	感想	541	190	37	4	2
496239708	かんたん	簡単	837	200	120	4	2
496108637	かんたん	簡単	836	200	120	4	2
495977566	かんたん	簡単	836	200	120	4	2
407635039	かーど	カード	687	190	37	3	3
407503968	かーど	カード	687	190	37	3	3
592774241	が	が	999	196	67	1	1
592184418	が	が	998	95	263	1	1
589300835	が	が	994	95	263	1	1
589038692	が	が	993	95	263	1	1
587727973	が	が	991	95	263	1	1
587072614	が	が	990	95	263	1	1
586810471	が	が	989	95	263	1	1
585892968	が	が	988	95	263	1	1
584320105	が	が	985	95	263	1	1
582616170	が	が	982	95	263	1	1
581436523	が	が	980	95	263	1	1
579601516	が	が	977	95	263	1	1
578946157	が	が	976	95	263	1	1
576586862	が	が	972	95	263	1	1
575669359	が	が	971	95	263	1	1
573965424	が	が	968	95	263	1	1
573178993	が	が	966	95	263	1	1
571868274	が	が	964	95	263	1	1
570557555	が	が	962	95	263	1	1
569508980	が	が	960	95	263	1	1
568853621	が	が	959	95	263	1	1
568329334	が	が	958	95	263	1	1
568198263	が	が	958	95	263	1	1
566887544	が	が	956	95	263	1	1
564659321	が	が	952	95	263	1	1
564135034	が	が	951	95	263	1	1
563348603	が	が	950	95	263	1	1
562824316	が	が	949	95	263	1	1
561644669	が	が	947	95	263	1	1
560071806	が	が	944	95	263	1	1
559023231	が	が	942	95	263	1	1
558105728	が	が	941	95	263	1	1
557057153	が	が	939	95	263	1	1
555353218	が	が	936	95	263	1	1
550241411	が	が	928	95	263	1	1
549586052	が	が	927	95	263	1	1
547226757	が	が	923	95	263	1	1
546964614	が	が	922	95	263	1	1
542901383	が	が	915	95	263	1	1
541983880	が	が	914	95	263	1	1
541459593	が	が	913	95	263	1	1
540935306	が	が	912	95	263	1	1
539493515	が	が	910	95	263	1	1
538838156	が	が	908	95	263	1	1
538182797	が	が	907	95	263	1	1
537396366	が	が	906	95	263	1	1
537134223	が	が	906	95	263	1	1
536741008	が	が	905	95	263	1	1
536347793	が	が	904	95	263	1	1
535954578	が	が	904	95	263	1	1
533988499	が	が	900	95	263	1	1
531891348	が	が	897	95	263	1	1
530842773	が	が	895	95	263	1	1
529925270	が	が	893	95	263	1	1
529663127	が	が	893	95	263	1	1
527565976	が	が	889	95	263	1	1
526386329	が	が	887	95	263	1	1
524289178	が	が	884	95	263	1	1
522192027	が	が	880	95	263	1	1
521536668	が	が	879	95	263	1	1
520750237	が	が	878	95	263	1	1
519832734	が	が	876	95	263	1	1
518063263	が	が	873	95	263	1	1
517538976	が	が	872	95	263	1	1
516883617	が	が	871	95	263	1	1
515966114	が	が	870	95	263	1	1
514393251	が	が	867	95	263	1	1
512689316	が	が	864	95	263	1	1
512296101	が	が	864	95	263	1	1
510198950	が	が	860	95	263	1	1
508888231	が	が	858	95	263	1	1
508363944	が	が	857	95	263	1	1
506660009	が	が	854	95	263	1	1
506397866	が	が	854	95	263	1	1
504825003	が	が	851	95	263	1	1
502989996	が	が	848	95	263	1	1
502334637	が	が	847	95	263	1	1
500499630	が	が	844	95	263	1	1
493814959	が	が	832	95	263	1	1
492242096	が	が	830	95	263	1	1
491586737	が	が	829	95	263	1	1
491062450	が	が	828	95	263	1	1
490276019	が	が	826	95	263	1	1
489489588	が	が	825	95	263	1	1
485950645	が	が	819	95	263	1	1
484246710	が	が	816	95	263	1	1
483853495	が	が	816	95	263	1	1
483460280	が	が	815	95	263	1	1
482673849	が	が	814	95	263	1	1
480838842	が	が	811	95	263	1	1
479528123	が	が	808	95	263	1	1
479134908	が	が	808	95	263	1	1
477693117	が	が	805	95	263	1	1
476513470	が	が	803	95	263	1	1
476120255	が	が	803	95	263	1	1
474547392	が	が	800	95	263	1	1
474154177	が	が	799	95	263	1	1
473236674	が	が	798	95	263	1	1
472581315	が	が	797	95	263	1	1
471401668	が	が	795	95	263	1	1
469435589	が	が	791	95	263	1	1
468387014	が	が	790	95	263	1	1
467731655	が	が	788	95	263	1	1
466683080	が	が	787	95	263	1	1
464192713	が	が	782	95	263	1	1
462881994	が	が	780	95	263	1	1
461309131	が	が	778	95	263	1	1
460653772	が	が	777	95	263	1	1
458425549	が	が	773	95	263	1	1
456197326	が	が	769	95	263	1	1
454755535	が	が	767	95	263	1	1
454493392	が	が	766	95	263	1	1
453706961	が	が	765	95	263	1	1
452789458	が	が	763	95	263	1	1
446891219	が	が	753	95	263	1	1
446498004	が	が	753	95	263	1	1
446104789	が	が	752	95	263	1	1
445842646	が	が	752	95	263	1	1
445318359	が	が	751	95	263	1	1
443745496	が	が	748	95	263	1	1
443221209	が	が	747	95	263	1	1
442696922	が	が	746	95	263	1	1
441910491	が	が	745	95	263	1	1
441255132	が	が	744	95	263	1	1
440337629	が	が	742	95	263	1	1
438633694	が	が	739	95	263	1	1
437716191	が	が	738	95	263	1	1
434570464	が	が	733	95	263	1	1
432866529	が	が	730	95	263	1	1
431949026	が	が	728	95	263	1	1
431162595	が	が	727	95	263	1	1
430376164	が	が	725	95	263	1	1
430245093	が	が	725	95	263	1	1
429851878	が	が	725	95	263	1	1
429327591	が	が	724	95	263	1	1
428803304	が	が	723	95	263	1	1
428147945	が	が	722	95	263	1	1
427754730	が	が	721	95	263	1	1
426968299	が	が	720	95	263	1	1
426575084	が	が	719	95	263	1	1
426181869	が	が	718	95	263	1	1
425002222	が	が	716	95	263	1	1
424346863	が	が	715	95	263	1	1
423167216	が	が	713	95	263	1	1
421856497	が	が	711	95	263	1	1
420283634	が	が	708	95	263	1	1
419628275	が	が	707	95	263	1	1
418841844	が	が	706	95	263	1	1
418448629	が	が	705	95	263	1	1
418186486	が	が	705	95	263	1	1
416613623	が	が	702	95	263	1	1
416089336	が	が	701	95	263	1	1
414909689	が	が	699	95	263	1	1
414778618	が	が	699	95	263	1	1
413205755	が	が	696	95	263	1	1
412812540	が	が	696	95	263	1	1
412419325	が	が	695	95	263	1	1
410977534	が	が	693	95	263	1	1
407831807	が	が	687	95	263	1	1
405341440	が	が	683	95	263	1	1
404292865	が	が	681	95	263	1	1
402457858	が	が	678	95	263	1	1
401802499	が	が	677	95	263	1	1
399574276	が	が	673	95	263	1	1
398787845	が	が	672	95	263	1	1
398394630	が	が	672	95	263	1	1
397477127	が	が	670	95	263	1	1
397214984	が	が	670	95	263	1	1
396952841	が	が	669	95	263	1	1
396559626	が	が	668	95	263	1	1
394986763	が	が	666	95	263	1	1
392234252	が	が	661	95	263	1	1
391054605	が	が	659	95	263	1	1
389481742	が	が	656	95	263	1	1
387515663	が	が	653	95	263	1	1
385418512	が	が	650	95	263	1	1
384894225	が	が	649	95	263	1	1
383321362	が	が	646	95	263	1	1
382403859	が	が	645	95	263	1	1
380437780	が	が	641	95	263	1	1
379520277	が	が	640	95	263	1	1
379389206	が	が	639	95	263	1	1
378995991	が	が	639	95	263	1	1
378602776	が	が	638	95	263	1	1
377816345	が	が	637	95	263	1	1
376767770	が	が	635	95	263	1	1
372835611	が	が	628	95	263	1	1
366675228	が	が	618	95	263	1	1
366019869	が	が	617	95	263	1	1
365233438	が	が	616	95	263	1	1
364184863	が	が	614	95	263	1	1
362874144	が	が	612	95	263	1	1
362349857	が	が	611	95	263	1	1
360776994	が	が	608	95	263	1	1
360121635	が	が	607	95	263	1	1
359859492	が	が	607	95	263	1	1
358941989	が	が	605	95	263	1	1
356844838	が	が	601	95	263	1	1
356451623	が	が	601	95	263	1	1
355403048	が	が	599	95	263	1	1
354747689	が	が	598	95	263	1	1
354354474	が	が	597	95	263	1	1
353830187	が	が	596	95	263	1	1
353436972	が	が	596	95	263	1	1
353174829	が	が	595	95	263	1	1
352519470	が	が	594	95	263	1	1
351995183	が	が	593	95	263	1	1
349635888	が	が	589	95	263	1	1
347800881	が	が	586	95	263	1	1
347276594	が	が	585	95	263	1	1
344917299	が	が	581	95	263	1	1
344261940	が	が	580	95	263	1	1
342164789	が	が	577	95	263	1	1
341247286	が	が	575	95	263	1	1
341116215	が	が	575	95	263	1	1
339281208	が	が	572	95	263	1	1
337184057	が	が	568	95	263	1	1
336790842	が	が	568	95	263	1	1
333382971	が	が	562	95	263	1	1
333120828	が	が	561	95	263	1	1
332727613	が	が	561	95	263	1	1
331941182	が	が	559	95	263	1	1
331154751	が	が	558	95	263	1	1
329450816	が	が	555	95	263	1	1
326305089	が	が	550	95	263	1	1
325387586	が	が	548	95	263	1	1
324732227	が	が	547	95	263	1	1
323683652	が	が	545	95	263	1	1
321586501	が	が	542	95	263	1	1
320800070	が	が	541	95	263	1	1
319489351	が	が	538	95	263	1	1
315163976	が	が	531	95	263	1	1
314246473	が	が	530	95	263	1	1
313197898	が	が	528	95	263	1	1
313066827	が	が	528	95	263	1	1
312149324	が	が	526	95	263	1	1
310445389	が	が	523	95	263	1	1
310052174	が	が	522	95	263	1	1
309396815	が	が	521	95	263	1	1
307955024	が	が	519	95	263	1	1
307299665	が	が	518	95	263	1	1
307037522	が	が	517	95	263	1	1
305595731	が	が	515	95	263	1	1
305071444	が	が	514	95	263	1	1
304809301	が	が	514	95	263	1	1
304285014	が	が	513	95	263	1	1
303498583	が	が	511	95	263	1	1
302581080	が	が	510	95	263	1	1
302187865	が	が	509	95	263	1	1
301270362	が	が	508	95	263	1	1
298386779	が	が	503	95	263	1	1
294847836	が	が	497	95	263	1	1
293930333	が	が	495	95	263	1	1
292488542	が	が	493	95	263	1	1
291964255	が	が	492	95	263	1	1
291571040	が	が	491	95	263	1	1
288556385	が	が	486	95	263	1	1
287769954	が	が	485	95	263	1	1
285934947	が	が	482	95	263	1	1
285672804	が	が	481	95	263	1	1
285410661	が	が	481	95	263	1	1
283313510	が	が	477	95	263	1	1
282264935	が	が	476	95	263	1	1
281740648	が	が	475	95	263	1	1
279381353	が	が	471	95	263	1	1
278988138	が	が	470	95	263	1	1
278332779	が	が	469	95	263	1	1
277939564	が	が	468	95	263	1	1
277284205	が	が	467	95	263	1	1
276890990	が	が	467	95	263	1	1
276235631	が	が	465	95	263	1	1
275580272	が	が	464	95	263	1	1
272565617	が	が	459	95	263	1	1
270730610	が	が	456	95	263	1	1
270075251	が	が	455	95	263	1	1
269026676	が	が	453	95	263	1	1
268764533	が	が	453	95	263	1	1
268240246	が	が	452	95	263	1	1
264177015	が	が	445	95	263	1	1
263914872	が	が	445	95	263	1	1
262210937	が	が	442	95	263	1	1
259589498	が	が	437	95	263	1	1
258934139	が	が	436	95	263	1	1
253953404	が	が	428	95	263	1	1
253691261	が	が	427	95	263	1	1
253035902	が	が	426	95	263	1	1
252380543	が	が	425	95	263	1	1
250938752	が	が	423	95	263	1	1
250021249	が	が	421	95	263	1	1
248448386	が	が	419	95	263	1	1
247399811	が	が	417	95	263	1	1
246744452	が	が	416	95	263	1	1
245040517	が	が	413	95	263	1	1
244516230	が	が	412	95	263	1	1
243598727	が	が	410	95	263	1	1
242943368	が	が	409	95	263	1	1
241894793	が	が	408	95	263	1	1
240584074	が	が	405	95	263	1	1
240321931	が	が	405	95	263	1	1
240059788	が	が	404	95	263	1	1
238617997	が	が	402	95	263	1	1
237307278	が	が	400	95	263	1	1
236782991	が	が	399	95	263	1	1
233768336	が	が	394	95	263	1	1
232850833	が	が	392	95	263	1	1
231671186	が	が	390	95	263	1	1
230622611	が	が	389	95	263	1	1
229836180	が	が	387	95	263	1	1
229311893	が	が	386	95	263	1	1
228656534	が	が	385	95	263	1	1
228132247	が	が	384	95	263	1	1
227345816	が	が	383	95	263	1	1
225904025	が	が	381	95	263	1	1
225117594	が	が	379	95	263	1	1
224855451	が	が	379	95	263	1	1
224462236	が	が	378	95	263	1	1
221840797	が	が	374	95	263	1	1
220267934	が	が	371	95	263	1	1
217908639	が	が	367	95	263	1	1
215156128	が	が	362	95	263	1	1
213976481	が	が	360	95	263	1	1
212534690	が	が	358	95	263	1	1
211748259	が	が	357	95	263	1	1
211617188	が	が	356	95	263	1	1
209651109	が	が	353	95	263	1	1
209257894	が	が	352	95	263	1	1
208995751	が	が	352	95	263	1	1
208471464	が	が	351	95	263	1	1
207947177	が	が	350	95	263	1	1
207553962	が	が	350	95	263	1	1
206374315	が	が	348	95	263	1	1
206112172	が	が	347	95	263	1	1
205456813	が	が	346	95	263	1	1
202048942	が	が	340	95	263	1	1
199689647	が	が	336	95	263	1	1
198378928	が	が	334	95	263	1	1
195364273	が	が	329	95	263	1	1
193267122	が	が	326	95	263	1	1
192349619	が	が	324	95	263	1	1
192087476	が	が	324	95	263	1	1
188679605	が	が	318	95	263	1	1
185009590	が	が	312	95	263	1	1
183436727	が	が	309	95	263	1	1
181208504	が	が	305	95	263	1	1
179635641	が	が	303	95	263	1	1
177145274	が	が	298	95	263	1	1
171771323	が	が	289	95	263	1	1
170198460	が	が	287	95	263	1	1
168363453	が	が	283	95	263	1	1
167708094	が	が	282	95	263	1	1
166135231	が	が	280	95	263	1	1
164955584	が	が	278	95	263	1	1
157746625	が	が	266	95	263	1	1
155649474	が	が	262	95	263	1	1
155125187	が	が	261	95	263	1	1
154994116	が	が	261	95	263	1	1
153945541	が	が	259	95	263	1	1
152896966	が	が	257	95	263	1	1
151061959	が	が	254	95	263	1	1
150537672	が	が	253	95	263	1	1
147785161	が	が	249	95	263	1	1
146212298	が	が	246	95	263	1	1
145294795	が	が	245	95	263	1	1
144115148	が	が	243	95	263	1	1
143721933	が	が	242	95	263	1	1
142935502	が	が	241	95	263	1	1
141100495	が	が	238	95	263	1	1
138872272	が	が	234	95	263	1	1
138216913	が	が	233	95	263	1	1
137692626	が	が	232	95	263	1	1
134284755	が	が	226	95	263	1	1
133760468	が	が	225	95	263	1	1
132187605	が	が	222	95	263	1	1
131007958	が	が	220	95	263	1	1
128779735	が	が	217	95	263	1	1
125765080	が	が	212	95	263	1	1
123799001	が	が	208	95	263	1	1
123405786	が	が	208	95	263	1	1
122357211	が	が	206	95	263	1	1
121439708	が	が	204	95	263	1	1
120915421	が	が	203	95	263	1	1
120260062	が	が	202	95	263	1	1
117900767	が	が	198	95	263	1	1
116065760	が	が	195	95	263	1	1
113575393	が	が	191	95	263	1	1
112395746	が	が	189	95	263	1	1
112133603	が	が	189	95	263	1	1
101254628	が	が	170	95	263	1	1
98371045	が	が	165	95	263	1	1
89982438	が	が	151	95	263	1	1
89327079	が	が	150	95	263	1	1
86050280	が	が	145	95	263	1	1
78317033	が	が	132	95	263	1	1
77268458	が	が	130	95	263	1	1
76219883	が	が	128	95	263	1	1
75433452	が	が	127	95	263	1	1
71894509	が	が	121	95	263	1	1
71632366	が	が	120	95	263	1	1
66389487	が	が	111	95	263	1	1
65996272	が	が	111	95	263	1	1
65471985	が	が	110	95	263	1	1
64947698	が	が	109	95	263	1	1
63505907	が	が	107	95	263	1	1
60884468	が	が	102	95	263	1	1
59049461	が	が	99	95	263	1	1
58787318	が	が	99	95	263	1	1
58525175	が	が	98	95	263	1	1
57214456	が	が	96	95	263	1	1
56821241	が	が	95	95	263	1	1
55510522	が	が	93	95	263	1	1
54199803	が	が	91	95	263	1	1
49743356	が	が	83	95	263	1	1
48170493	が	が	81	95	263	1	1
47646206	が	が	80	95	263	1	1
46597631	が	が	78	95	263	1	1
45155840	が	が	76	95	263	1	1
44238337	が	が	74	95	263	1	1
43714050	が	が	73	95	263	1	1
40175107	が	が	67	95	263	1	1
38602244	が	が	65	95	263	1	1
36636165	が	が	61	95	263	1	1
34407942	が	が	58	95	263	1	1
34276871	が	が	57	95	263	1	1
30213640	が	が	50	95	263	1	1
27461129	が	が	46	95	263	1	1
24839690	が	が	41	95	263	1	1
24446475	が	が	41	95	263	1	1
23135756	が	が	39	95	263	1	1
22349325	が	が	37	95	263	1	1
21956110	が	が	37	95	263	1	1
21431823	が	が	36	95	263	1	1
21169680	が	が	35	95	263	1	1
16713233	が	が	28	95	263	1	1
16057874	が	が	27	95	263	1	1
15009299	が	が	25	95	263	1	1
13567508	が	が	22	95	263	1	1
10946069	が	が	18	95	263	1	1
10028566	が	が	16	95	263	1	1
8979991	が	が	15	95	263	1	1
8717848	が	が	14	95	263	1	1
8455705	が	が	14	95	263	1	1
8062490	が	が	13	95	263	1	1
7669275	が	が	12	95	263	1	1
5965340	が	が	10	95	263	1	1
4130333	が	が	6	95	263	1	1
1115678	が	が	1	95	263	1	1
329247	が	が	0	95	263	1	1
407373344	がい	害	687	198	101	2	1
358221345	がいこくじん	外国人	604	190	41	6	3
153617954	がいねん	概念	259	190	37	4	2
153486883	がいねん	概念	258	190	37	4	2
153355812	がいねん	概念	258	190	37	4	2
330696229	がいぶ	外部	557	190	37	3	2
330565158	がいぶ	外部	557	190	37	3	2
330434087	がいぶ	外部	557	190	37	3	2
153224744	がいむしょう	外務省	258	190	37	6	3
153093673	がいむしょう	外務省	258	190	37	6	3
272762410	がか	画家	460	190	41	2	2
431359531	がく	額	727	190	37	2	1
431228460	がく	額	727	190	37	2	1
431097389	がく	額	727	190	37	2	1
430966318	がく	額	726	190	37	2	1
152962607	がくしゃ	学者	258	190	41	4	2
152831536	がくしゃ	学者	257	190	41	4	2
531957297	がくせい	学生	897	190	41	4	2
531826226	がくせい	学生	897	190	41	4	2
272631347	がくぶ	学部	459	190	37	3	2
495846964	がす	ガス	836	190	37	2	2
465569333	がそりん	ガソリン	785	190	37	4	4
465438262	がそりん	ガソリン	785	190	37	4	4
539952695	がぞう	画像	910	190	37	3	2
539821624	がぞう	画像	910	190	37	3	2
340657721	がっかい	学会	574	190	37	4	2
340526650	がっかい	学会	574	190	37	4	2
340395579	がっかい	学会	574	190	37	4	2
430835260	がっき	楽器	726	190	37	3	2
430704189	がっき	楽器	726	190	37	3	2
547554878	がっこう	学校	923	190	37	4	2
547423807	がっこう	学校	923	190	37	4	2
321128000	がっぺい	合併	541	198	101	4	2
516949569	がまん	我慢	871	198	101	3	2
474875458	がめん	画面	801	190	37	3	2
474744387	がめん	画面	800	190	37	3	2
474613316	がめん	画面	800	190	37	3	2
509216325	がらす	ガラス	858	190	37	3	3
524617286	がわ	側	884	190	37	2	1
524486215	がわ	側	884	190	37	2	1
524355144	がわ	側	884	190	37	2	1
524224073	がわ	側	884	190	37	2	1
152700490	がんばっ	がんばっ	257	197	164	4	4
152569419	がんばっ	がんばっ	257	197	164	4	4
152438348	がんばっ	頑張っ	257	197	164	4	3
152307277	がんばっ	頑張っ	256	197	164	4	3
589235790	き	気	993	190	37	1	1
152176207	き	木	256	190	37	1	1
152045136	き	木	256	190	37	1	1
151914065	きい	聞い	256	197	164	2	2
151782994	きい	聞い	256	197	164	2	2
151651923	きい	聴い	255	197	164	2	2
151520852	きい	聴い	255	197	164	2	2
222037589	きいろ	黄色	374	199	78	3	2
221906518	きいろ	黄色	374	199	78	3	2
306579031	きえ	消え	517	197	94	2	2
306447960	きえ	消え	516	197	94	2	2
306316889	きえ	消え	516	197	94	2	2
306185818	きえ	消え	516	197	94	2	2
272500315	きおん	気温	459	190	37	3	2
272369244	きおん	気温	459	190	37	3	2
272238173	きおん	気温	459	190	37	3	2
454428254	きかい	機会	766	190	37	3	2
454297183	きかい	機会	766	190	37	3	2
454166112	きかい	機会	766	190	37	3	2
383649377	きかく	企画	647	198	101	3	2
443156066	きかん	期間	747	190	37	3	2
443024995	きかん	期間	747	190	37	3	2
442893924	きかん	期間	747	190	37	3	2
364381797	きかん	機関	614	190	37	3	2
295831142	きき	機器	499	190	37	2	2
295700071	きき	機器	498	190	37	2	2
272107112	きき	危機	458	190	37	2	2
151389801	きき	聞き	255	197	162	2	2
442762858	きぎょう	企業	746	190	37	4	2
442631787	きぎょう	企業	746	190	37	4	2
271976044	きく	聞く	458	197	161	2	2
271844973	きく	聞く	458	197	161	2	2
358090350	きけん	危険	604	200	120	3	2
357959279	きけん	危険	603	200	120	3	2
221775472	きげん	期限	374	190	37	3	2
221644401	きげん	期限	373	190	37	3	2
221513330	きげん	期限	373	190	37	3	2
151258739	きこう	機構	255	190	37	3	2
151127668	きこう	機構	254	190	37	3	2
295569013	きこえ	聞こえ	498	197	94	3	3
295437942	きこえ	聞こえ	498	197	94	3	3
295306871	きこえ	聞こえ	498	197	94	3	3
295175800	きこく	帰国	497	198	101	3	2
150996601	きざし	兆し	254	190	37	3	2
150865530	きざし	兆し	254	190	37	3	2
150734459	きざし	兆し	254	190	37	3	2
150603388	きざし	兆し	254	190	37	3	2
150472317	きしゃ	記者	253	190	41	3	2
271713918	きしゅ	機種	458	190	37	3	2
271582847	きしゅ	機種	458	190	37	3	2
419694208	きじ	記事	707	190	37	2	2
419563137	きじ	記事	707	190	37	2	2
419432066	きじ	記事	707	190	37	2	2
419300995	きじ	記事	707	190	37	2	2
419169924	きじ	記事	707	190	37	2	2
295044741	きじゅん	基準	497	190	37	4	2
294913670	きじゅん	基準	497	190	37	4	2
294782599	きず	傷	497	190	37	2	1
294651528	きず	傷	497	190	37	2	1
294520457	きせい	規制	496	198	101	3	2
454035082	きせつ	季節	765	190	37	3	2
453904011	きせつ	季節	765	190	37	3	2
294389388	きそ	基礎	496	190	37	2	2
294258317	きそ	基礎	496	190	37	2	2
271451790	きそく	規則	457	190	37	3	2
271320719	きそく	規則	457	190	37	3	2
150341264	きそん	既存	253	198	101	3	2
408880785	きた	きた	689	65	151	2	2
398001810	きた	きた	671	65	151	2	2
150210195	きた	来た	253	197	151	2	2
86836884	きた	きた	146	65	151	2	2
86312597	きた	きた	145	65	151	2	2
52233878	きた	きた	88	65	151	2	2
49350295	きた	きた	83	65	151	2	2
30607000	きた	きた	51	65	151	2	2
509085337	きたい	期待	858	198	101	3	2
508954266	きたい	期待	858	198	101	3	2
179832475	きたちょうせん	北朝鮮	303	190	37	7	3
179701404	きたちょうせん	北朝鮮	303	190	37	7	3
179570333	きたちょうせん	北朝鮮	302	190	37	7	3
150079134	きち	基地	253	190	37	2	2
271189663	きちょう	貴重	457	200	120	4	2
149948064	きっかけ	きっかけ	252	190	37	4	4
149816993	きっかけ	きっかけ	252	190	37	4	4
149685922	きづい	気づい	252	197	164	3	3
149554851	きづい	気づい	252	197	164	3	3
320997028	きて	来て	541	197	180	2	2
320865957	きて	来て	541	197	180	2	2
149423782	きて	きて	252	197	180	2	2
149292711	きて	きて	251	197	180	2	2
294127272	きてい	規定	496	198	101	3	2
149161641	きどう	軌道	251	190	37	3	2
149030570	きどう	軌道	251	190	37	3	2
581109419	きのう	昨日	980	190	37	3	2
580978348	きのう	昨日	979	190	37	3	2
483657389	きのう	機能	815	198	101	3	2
148899502	きのう	きのう	251	190	37	3	3
148768431	きのう	きのう	250	190	37	3	3
293996208	きばん	基盤	495	190	37	3	2
293865137	きばん	基盤	495	190	37	3	2
293734066	きばん	基盤	495	190	37	3	2
293602995	きばん	基盤	495	190	37	3	2
148637364	きばん	基板	250	190	37	3	2
148506293	きばん	基板	250	190	37	3	2
293471926	きびしい	厳しい	495	199	152	4	3
221382327	きびしく	厳しく	373	199	173	4	3
221251256	きふ	寄付	373	198	101	2	2
474482361	きぶん	気分	800	190	37	3	2
474351290	きぶん	気分	800	190	37	3	2
474220219	きぶん	気分	799	190	37	3	2
148375228	きほんてき	基本的	250	200	120	5	3
148244157	きほんてき	基本的	250	200	120	5	3
293340862	きぼ	規模	494	190	37	2	2
293209791	きぼ	規模	494	190	37	2	2
293078720	きぼ	規模	494	190	37	2	2
374867649	きぼう	希望	632	198	101	3	2
374736578	きぼう	希望	632	198	101	3	2
374605507	きぼう	希望	631	198	101	3	2
148113092	きまっ	決まっ	249	197	164	3	3
147982021	きまっ	決まっ	249	197	164	3	3
271058630	きまって	決まって	457	197	180	4	4
270927559	きまって	決まって	456	197	180	4	4
539690696	きみ	君	910	191	42	2	1
539559625	きみ	君	910	191	42	2	1
147850954	きみ	きみ	249	191	42	2	2
147719883	きみ	きみ	249	191	42	2	2
147588812	きみ	きみ	248	191	42	2	2
374474445	きめ	決め	631	197	95	2	2
374343374	きめ	決め	631	197	95	2	2
374212303	きめ	決め	631	197	95	2	2
221120208	きめて	決め手	372	190	37	3	3
220989137	きめて	決め手	372	190	37	3	3
220858066	きめて	決め手	372	190	37	3	3
539428563	きもち	気持ち	909	190	37	3	3
539297492	きもち	気持ち	909	190	37	3	3
539166421	きもち	気持ち	909	190	37	3	3
270796502	きもの	着物	456	190	37	3	2
270665431	きもの	着物	456	190	37	3	2
270534360	きもの	着物	456	190	37	3	2
320734937	きゃく	客	541	190	37	3	1
320603866	きゃく	客	540	190	37	3	1
220727003	きゃんぺーん	キャンペーン	372	198	101	6	6
220595932	きゃんぺーん	キャンペーン	372	198	101	6	6
220464861	きゃんぺーん	キャンペーン	371	198	101	6	6
181536478	きゅうしゅう	九州	306	192	45	6	2
582289119	きょう	今日	982	190	37	3	2
582158048	きょう	今日	981	190	37	3	2
383518433	きょういく	教育	646	198	101	5	2
383387362	きょういく	教育	646	198	101	5	2
147457763	きょういく	教育	248	190	37	5	2
147326692	きょういく	教育	248	190	37	5	2
220333797	きょうし	教師	371	190	37	4	2
220202726	きょうし	教師	371	190	37	4	2
147195623	きょうと	京都	248	192	45	4	2
483526376	きょうみ	興味	815	190	37	4	2
483395305	きょうみ	興味	815	190	37	4	2
270403306	きょうりょく	協力	456	198	101	6	2
270272235	きょうりょく	協力	455	198	101	6	2
465307372	きょく	曲	784	222	80	3	1
495716077	きょねん	去年	836	190	37	4	2
495585006	きょねん	去年	835	190	37	4	2
430573295	きょり	距離	726	190	37	3	2
430442224	きょり	距離	726	190	37	3	2
430311153	きょり	距離	725	190	37	3	2
292947698	きらい	嫌い	494	190	120	3	2
292816627	きらい	嫌い	493	190	120	3	2
292685556	きらい	嫌い	493	200	120	3	2
292554485	きらい	嫌い	493	200	120	3	2
147064566	きらい	嫌い	248	190	37	3	2
146933495	きらい	嫌い	247	190	37	3	2
146802424	きらい	嫌い	247	197	162	3	2
220071673	きれ	切れ	371	197	94	2	2
219940602	きれ	切れ	370	197	94	2	2
219809531	きれ	切れ	370	197	94	2	2
401344252	きれい	きれい	676	200	120	3	3
401213181	きれい	きれい	676	200	120	3	3
401082110	きれい	きれい	676	190	120	3	3
400951039	きれい	きれい	676	190	120	3	3
146671360	きれい	きれい	247	190	37	3	3
146540289	きれい	きれい	247	190	37	3	3
320472834	きろく	記録	540	198	101	3	2
320341763	きろく	記録	540	198	101	3	2
306054916	きんがく	金額	516	190	37	4	2
305923845	きんがく	金額	516	190	37	4	2
305792774	きんがく	金額	515	190	37	4	2
305661703	きんがく	金額	515	190	37	4	2
305530632	きんがく	金額	515	190	37	4	2
270141193	きんり	金利	455	190	37	3	2
270010122	きんり	金利	455	190	37	3	2
269879051	きんり	金利	455	190	37	3	2
269747980	きんり	金利	455	190	37	3	2
146409229	きーぼーど	キーボード	246	190	37	5	5
146278158	きーぼーど	キーボード	246	190	37	5	5
555419407	ぎいん	議員	936	190	37	3	2
555288336	ぎいん	議員	936	190	37	3	2
453773073	ぎかい	議会	765	190	37	3	2
592643858	ぎじゅつ	技術	999	190	37	4	2
592512787	ぎじゅつ	技術	999	190	37	4	2
146147092	ぎじゅつしゃ	技術者	246	190	41	6	3
146016021	ぎじゅつしゃ	技術者	246	190	41	6	3
145884950	ぎじゅつてき	技術的	246	200	120	6	3
145753879	ぎじゅつてき	技術的	245	200	120	6	3
407242520	ぎせい	犠牲	686	190	37	3	2
145622809	ぎせいしゃ	犠牲者	245	190	41	5	3
145491738	ぎせいしゃ	犠牲者	245	190	41	5	3
145360667	ぎせいしゃ	犠牲者	245	190	41	5	3
145229596	ぎせいしゃ	犠牲者	244	190	41	5	3
145098525	ぎせき	議席	244	190	37	3	2
144967454	ぎだい	議題	244	190	37	3	2
144836383	ぎだい	議題	244	190	37	3	2
144705312	ぎだい	議題	244	190	37	3	2
144574241	ぎだい	議題	243	190	37	3	2
144443170	ぎちょう	議長	243	190	37	4	2
144312099	ぎちょう	議長	243	190	37	4	2
144181028	ぎちょう	議長	243	190	37	4	2
144049957	ぎちょう	議長	242	190	37	4	2
143918886	ぎほう	技法	242	190	37	3	2
143787815	ぎほう	技法	242	190	37	3	2
143656744	ぎほう	技法	242	190	37	3	2
143525673	ぎほう	技法	242	190	37	3	2
430180138	ぎむ	義務	725	190	37	2	2
430049067	ぎむ	義務	725	190	37	2	2
547292972	ぎもん	疑問	923	190	37	3	2
547161901	ぎもん	疑問	922	190	37	3	2
567346990	ぎゃく	逆	956	200	120	3	1
143394607	ぎゃくてん	逆転	241	198	101	5	2
143263536	ぎゃくてん	逆転	241	198	101	5	2
374081329	ぎゅうにく	牛肉	630	190	37	5	2
442500914	ぎゅうにゅう	牛乳	746	190	37	6	2
442369843	ぎゅうにゅう	牛乳	746	190	37	6	2
580847412	ぎょうかい	業界	979	190	37	5	2
580716341	ぎょうかい	業界	979	190	37	5	2
562759478	ぎょうしゃ	業者	949	190	41	5	2
562628407	ぎょうしゃ	業者	949	190	41	5	2
562497336	ぎょうしゃ	業者	948	190	41	5	2
562366265	ぎょうしゃ	業者	948	190	41	5	2
453642042	ぎょうじ	行事	765	190	37	4	2
453510971	ぎょうじ	行事	764	190	37	4	2
143132476	ぎょうせい	行政	241	190	37	5	2
143001405	ぎょうせき	業績	241	190	37	5	2
142870334	ぎょうせき	業績	240	190	37	5	2
142739263	ぎょうせき	業績	240	190	37	5	2
570099520	ぎょうむ	業務	961	198	101	4	2
569968449	ぎょうむ	業務	961	198	101	4	2
142608194	ぎりしゃ	ギリシャ	240	192	45	4	4
516818755	ぎろん	議論	871	198	101	3	2
516687684	ぎろん	議論	871	198	101	3	2
516556613	ぎろん	議論	871	198	101	3	2
349570886	ぎわく	疑惑	589	190	37	3	2
349439815	ぎわく	疑惑	589	190	37	3	2
349308744	ぎわく	疑惑	589	190	37	3	2
349177673	ぎわく	疑惑	588	190	37	3	2
580585290	ぎんこう	銀行	979	190	37	4	2
453379915	ぎんざ	銀座	764	190	37	3	2
385156940	く	く	649	26	173	1	1
322242381	く	く	543	26	173	1	1
315426638	く	く	532	26	173	1	1
301008719	く	く	507	26	173	1	1
296159056	く	く	499	26	173	1	1
221972305	く	く	374	26	173	1	1
180684626	く	く	304	26	173	1	1
179504979	く	く	302	26	173	1	1
160761684	く	く	271	26	173	1	1
90900309	く	く	153	26	173	1	1
51709782	く	く	87	26	173	1	1
48564055	く	く	81	26	173	1	1
25102168	く	く	42	26	173	1	1
14747481	く	く	24	26	173	1	1
142477146	くいき	区域	240	190	37	3	2
142346075	くいき	区域	240	190	37	3	2
142215004	くいき	区域	239	190	37	3	2
465176413	くうかん	空間	784	190	37	4	2
465045342	くうかん	空間	784	190	37	4	2
508823391	くうき	空気	858	190	37	3	2
508692320	くうき	空気	858	190	37	3	2
508561249	くうき	空気	857	190	37	3	2
483264354	くうこう	空港	815	190	37	4	2
483133283	くうこう	空港	814	190	37	4	2
142083940	くかん	区間	239	190	37	3	2
141952869	くかん	区間	239	190	37	3	2
141821798	くかん	区間	239	190	37	3	2
141690727	くがつ	９月	239	190	80	3	2
292423528	くじょう	苦情	493	190	37	4	2
292292457	くじょう	苦情	493	190	37	4	2
292161386	くじょう	苦情	492	190	37	4	2
453248875	くすり	薬	764	190	37	3	1
453117804	くすり	薬	764	190	37	3	1
452986733	くすり	薬	764	190	37	3	1
269617006	くずれ	崩れ	454	197	94	3	2
269485935	くずれ	崩れ	454	197	94	3	2
269354864	くずれ	崩れ	454	197	94	3	2
572131185	ください	ください	965	235	194	4	4
505612146	ください	ください	852	235	194	4	4
305399667	くだもの	果物	515	190	37	4	2
305268596	くだもの	果物	514	190	37	4	2
305137525	くだもの	果物	514	190	37	4	2
305006454	くだもの	果物	514	190	37	4	2
516425591	くち	口	871	216	80	2	1
516294520	くち	口	870	216	80	2	1
392955769	くつ	靴	662	190	37	2	1
392824698	くつ	靴	662	190	37	2	1
219678587	くどう	駆動	370	198	101	3	2
141559676	くないちょう	宮内庁	238	190	37	6	3
141428605	くないちょう	宮内庁	238	190	37	6	3
567215998	くに	国	956	190	37	2	1
141297535	くにぐに	国々	238	190	37	4	2
141166464	くにぐに	国々	238	190	37	4	2
141035393	くにぐに	国々	237	190	37	4	2
140904322	くばっ	配っ	237	197	164	3	2
140773251	くばっ	配っ	237	197	164	3	2
464914308	くび	首	784	190	37	2	1
464783237	くび	首	783	190	37	2	1
364251014	くふう	工夫	614	198	101	3	2
364119943	くふう	工夫	614	198	101	3	2
140642184	くぶん	区分	237	198	101	3	2
304875401	くべつ	区別	514	198	101	3	2
304744330	くべつ	区別	514	198	101	3	2
304613259	くべつ	区別	513	198	101	3	2
292030348	くみあい	組合	492	190	37	4	2
140511117	くみあわせ	組み合わせ	237	197	95	5	5
140380046	くみあわせ	組み合わせ	236	197	95	5	5
383256463	くも	雲	646	190	37	2	1
383125392	くも	雲	646	190	37	2	1
452855697	くらす	クラス	763	190	37	3	3
501614482	くらぶ	クラブ	846	198	101	3	3
501483411	くらぶ	クラブ	845	198	101	3	3
140248980	くらぶ	クラブ	236	190	37	3	3
140117909	くらぶ	クラブ	236	190	37	3	3
483002262	くらべ	比べ	814	197	95	3	2
482871191	くらべ	比べ	814	197	95	3	2
482740120	くらべ	比べ	814	197	95	3	2
400820121	くりかえし	繰り返し	676	190	37	5	4
382994330	くる	くる	646	197	161	2	2
363988891	くる	来る	613	197	161	2	2
363857820	くる	来る	613	197	161	2	2
86706077	くる	くる	146	65	161	2	2
30476190	くる	くる	51	65	161	2	2
340264863	くるしい	苦しい	573	190	152	4	3
588056480	くるま	車	991	190	37	3	1
587925409	くるま	車	991	190	37	3	1
587794338	くるま	車	991	190	37	3	1
587663267	くるま	車	991	190	37	3	1
587532196	くるま	車	991	190	37	3	1
139986853	くれ	くれ	236	197	94	2	2
139855782	くれ	くれ	235	197	94	2	2
442238887	くろ	黒	745	199	78	2	1
419039144	くろう	苦労	706	198	101	3	2
418908073	くろう	苦労	706	198	101	3	2
418777002	くろう	苦労	706	198	101	3	2
418645931	くろう	苦労	706	190	101	3	2
418514860	くろう	苦労	705	190	101	3	2
418383789	くろう	苦労	705	190	101	3	2
139724718	くろじ	黒字	235	190	37	3	2
139593647	くろじ	黒字	235	190	37	3	2
400689072	くわえ	加え	675	197	95	3	2
400558001	くわえ	加え	675	197	95	3	2
400426930	くわえ	加え	675	197	95	3	2
400295859	くわえ	加え	675	197	95	3	2
313264052	くんれん	訓練	528	198	101	4	2
313132981	くんれん	訓練	528	198	101	4	2
547030966	ぐあい	具合	922	190	37	3	2
546899895	ぐあい	具合	922	190	37	3	2
546768824	ぐあい	具合	922	190	37	3	2
546637753	ぐあい	具合	922	190	37	3	2
562235322	ぐうぜん	偶然	948	190	123	4	2
562104251	ぐうぜん	偶然	948	190	123	4	2
561973180	ぐうぜん	偶然	947	190	63	4	2
139462589	ぐたいか	具体化	235	198	101	4	3
139331518	ぐたいか	具体化	235	198	101	4	3
583600063	ぐたいてき	具体的	984	200	120	5	3
583468992	ぐたいてき	具体的	984	200	120	5	3
583337921	ぐたいてき	具体的	983	200	120	5	3
139200450	ぐらふ	グラフ	234	190	37	3	3
589105091	ぐるーぷ	グループ	993	190	37	4	4
588974020	ぐるーぷ	グループ	993	190	37	4	4
588842949	ぐるーぷ	グループ	993	190	37	4	4
392693702	ぐれー	グレー	662	200	120	3	3
363726791	ぐん	群	613	190	37	2	1
139069384	ぐんたい	軍隊	234	190	37	4	2
138938313	ぐんたい	軍隊	234	190	37	4	2
138807242	ぐんたい	軍隊	234	190	37	4	2
407111627	ぐんま	群馬	686	192	45	3	2
340133836	けい	系	573	190	37	2	1
138676173	けいえいしゃ	経営者	233	190	41	6	3
138545102	けいえいしゃ	経営者	233	190	41	6	3
546506703	けいかく	計画	921	198	101	4	2
429918160	けいき	景気	725	190	37	3	2
429787089	けいき	景気	724	190	37	3	2
429656018	けいき	景気	724	190	37	3	2
508430291	けいけん	経験	857	198	101	4	2
508299220	けいけん	経験	857	198	101	4	2
474089429	けいこう	傾向	799	190	37	4	2
473958358	けいこう	傾向	799	190	37	4	2
473827287	けいこう	傾向	799	190	37	4	2
501352408	けいさい	掲載	845	198	101	4	2
357828569	けいさつ	警察	603	190	37	4	2
357697498	けいさつ	警察	603	190	37	4	2
357566427	けいさつ	警察	603	190	37	4	2
576915420	けいざい	経済	973	190	37	4	2
373950429	けいしき	形式	630	190	37	4	2
373819358	けいしき	形式	630	190	37	4	2
373688287	けいやく	契約	630	198	101	4	2
138414048	けが	けが	233	198	101	2	2
138282977	けが	けが	233	198	101	2	2
591333346	けっか	結果	997	198	101	3	2
591202275	けっか	結果	997	198	101	3	2
558827492	けっきょく	結局	942	193	50	5	2
558696421	けっきょく	結局	942	193	50	5	2
546375654	けっこう	結構	921	200	123	4	2
442107879	けってい	決定	745	198	101	4	2
219547624	けつい	決意	370	198	101	3	2
219416553	けつい	決意	370	198	101	3	2
269223914	けつえき	血液	454	190	37	4	2
219285483	けつだん	決断	369	198	101	4	2
304482284	けつろん	結論	513	198	101	4	2
304351213	けつろん	結論	513	198	101	4	2
304220142	けつろん	結論	513	198	101	4	2
138151919	けねん	懸念	233	198	101	3	2
138020848	けねん	懸念	232	198	101	3	2
137889777	けねん	懸念	232	198	101	3	2
291899378	けはい	気配	492	190	37	3	2
291768307	けはい	気配	492	190	37	3	2
291637236	けはい	気配	491	190	37	3	2
291506165	けむり	煙	491	190	37	3	1
291375094	けむり	煙	491	190	37	3	1
291244023	けむり	煙	491	190	37	3	1
330303480	けん	件	557	222	80	2	1
330172409	けん	件	556	222	80	2	1
508168186	けんこう	健康	857	200	120	4	2
219154427	けんさ	検査	369	198	101	3	2
219023356	けんさ	検査	369	198	101	3	2
330041341	けんとう	検討	556	198	101	4	2
329910270	けんとう	検討	556	198	101	4	2
329779199	けんとう	検討	556	198	101	4	2
313001984	けーす	ケース	527	190	37	3	3
312870913	けーす	ケース	527	190	37	3	3
312739842	けーす	ケース	527	190	37	3	3
392562691	げきじょう	劇場	662	190	37	5	2
392431620	げきじょう	劇場	661	190	37	5	2
291112965	げじゅん	下旬	491	190	37	4	2
290981894	げじゅん	下旬	490	190	37	4	2
290850823	げじゅん	下旬	490	190	37	4	2
312608776	げつよう	月曜	527	190	37	4	2
137758729	げりら	ゲリラ	232	190	37	3	3
137627658	げりら	ゲリラ	232	190	37	3	3
137496587	げりら	ゲリラ	231	190	37	3	3
555157516	げんいん	原因	936	198	101	4	2
555026445	げんいん	原因	936	198	101	4	2
554895374	げんいん	原因	935	198	101	4	2
392300559	げんえき	現役	661	190	37	4	2
452724752	げんかい	限界	763	190	37	4	2
452593681	げんかい	限界	763	190	37	4	2
452462610	げんかい	限界	763	190	37	4	2
452331539	げんかん	玄関	762	190	37	4	2
452200468	げんかん	玄関	762	190	37	4	2
558565397	げんき	元気	942	200	120	3	2
558434326	げんき	元気	941	200	120	3	2
558303255	げんき	元気	941	200	120	3	2
473696280	げんきん	現金	799	190	37	4	2
473565209	げんこう	原稿	798	190	37	4	2
473434138	げんこう	原稿	798	190	37	4	2
137365531	げんこう	現行	231	190	37	4	2
357435420	げんご	言語	602	190	37	3	2
357304349	げんご	言語	602	190	37	3	2
592381982	げんざい	現在	999	198	101	4	2
592250911	げんざい	現在	999	198	101	4	2
482609184	げんしょう	現象	814	190	37	5	2
482478113	げんしょう	現象	813	190	37	5	2
546244642	げんじつ	現実	921	190	37	4	2
546113571	げんじつ	現実	921	190	37	4	2
545982500	げんじつ	現実	920	190	37	4	2
137234469	げんじつてき	現実的	231	200	120	6	3
137103398	げんじつてき	現実的	231	200	120	6	3
531695655	げんじょう	現状	896	190	37	5	2
531564584	げんじょう	現状	896	190	37	5	2
400164905	げんそく	原則	674	190	37	4	2
482347050	げんだい	現代	813	190	37	4	2
508037163	げんち	現地	856	190	37	3	2
136972332	げんてん	原点	231	190	37	4	2
136841261	げんてん	原点	230	190	37	4	2
136710190	げんてん	原点	230	190	37	4	2
136579119	げんてん	原点	230	190	37	4	2
501221424	げんば	現場	845	190	37	3	2
501090353	げんば	現場	845	190	37	3	2
136448050	げんゆ	原油	230	190	37	3	2
136316979	げんゆ	原油	229	190	37	3	2
136185908	げんり	原理	229	190	37	3	2
136054837	げんり	原理	229	190	37	3	2
135923766	げんり	原理	229	190	37	3	2
135792695	げんり	原理	229	190	37	3	2
135661624	げんりょう	原料	228	190	37	5	2
135530553	げんりょう	原料	228	190	37	5	2
135399482	げんりょう	原料	228	190	37	5	2
545851451	げーむ	ゲーム	920	198	101	3	3
218892348	こいびと	恋人	369	191	42	4	2
218761277	こいびと	恋人	369	191	42	4	2
218630206	こいびと	恋人	368	191	42	4	2
418252863	こう	こう	705	193	62	2	2
392169536	こうか	効果	661	190	37	3	2
392038465	こうか	効果	661	190	37	3	2
391907394	こうか	効果	661	190	37	3	2
290719811	こうこう	高校	490	190	37	4	2
135268420	こうして	こうして	228	193	206	4	4
304089157	こうしん	更新	512	198	101	4	2
320211014	こうにゅう	購入	540	198	101	5	2
320079943	こうにゅう	購入	539	198	101	5	2
400033864	こうはん	後半	674	190	37	4	2
399902793	こうはん	後半	674	190	37	4	2
399771722	こうはん	後半	674	190	37	4	2
418121803	こえ	声	705	190	37	2	1
417990732	こえ	声	705	190	37	2	1
417859661	こえ	声	704	190	37	2	1
218499150	こえ	超え	368	197	95	2	2
218368079	こえ	超え	368	197	95	2	2
218237008	こえ	超え	368	197	95	2	2
218105937	こえ	超え	367	197	95	2	2
269092946	こおり	氷	453	190	37	3	1
268961875	こおり	氷	453	190	37	3	1
268830804	こおり	氷	453	190	37	3	1
217974869	こがた	小型	367	190	37	3	2
135137366	こきゃく	顧客	227	190	37	4	2
135006295	こきゃく	顧客	227	190	37	4	2
217843800	こきゅう	呼吸	367	198	101	4	2
217712729	こきゅう	呼吸	367	198	101	4	2
134875226	こきょう	故郷	227	190	37	4	2
134744155	こきょう	故郷	227	190	37	4	2
134613084	こきょう	故郷	227	190	37	4	2
319948893	こくない	国内	539	190	37	4	2
181012574	こくみん	国民	305	190	37	4	2
180881503	こくみん	国民	305	190	37	4	2
551225440	ここ	ここ	929	190	38	2	2
551094369	ここ	ここ	929	190	38	2	2
217581666	ここのか	９日	367	190	37	4	2
217450595	ここのか	９日	366	190	37	4	2
406980708	こころ	心	686	198	101	3	1
406849637	こころ	心	686	198	101	3	1
406718566	こころ	心	686	198	101	3	1
382863463	こじん	個人	645	190	41	3	2
268699752	こすと	コスト	453	190	37	3	3
268568681	こすと	コスト	453	190	37	3	3
268437610	こすと	コスト	452	190	37	3	3
268306539	こせい	個性	452	190	37	3	2
268175468	こせい	個性	452	190	37	3	2
268044397	こせい	個性	452	190	37	3	2
267913326	こたえ	答え	451	197	95	3	2
267782255	こたえ	答え	451	197	95	3	2
267651184	こたえ	答え	451	197	95	3	2
134482033	こだい	古代	226	190	37	3	2
464652402	こちら	こちら	783	190	38	3	3
464521331	こちら	こちら	783	190	38	3	3
134350964	こっか	国家	226	190	37	3	2
217319541	こっかい	国会	366	190	37	4	2
134219894	こと	こと	226	190	37	2	2
134088823	こと	こと	226	190	37	2	2
133957752	こと	こと	225	190	37	2	2
260900985	ことが	ことが	440	87	263	3	3
531433594	ことし	今年	896	190	37	3	2
531302523	ことし	今年	896	190	37	3	2
441976956	ことば	言葉	745	190	37	3	2
441845885	ことば	言葉	745	190	37	3	2
441714814	ことば	言葉	745	190	37	3	2
464390271	こども	子供	783	191	42	3	2
133826688	こども	子ども	225	191	42	3	3
133695617	こども	子ども	225	191	42	3	3
133564546	このように	このように	225	200	135	5	5
267520131	こぴー	コピー	451	198	101	3	3
267389060	こべつ	個別	451	190	37	3	2
267257989	こべつ	個別	450	190	37	3	2
267126918	こみゅにけーしょん	コミュニケーション	450	198	101	9	9
217188487	こめ	米	366	190	37	2	1
266995848	こめんと	コメント	450	198	101	4	4
266864777	こめんと	コメント	450	198	101	4	4
133433482	こもん	顧問	225	190	37	3	2
133302411	こもん	顧問	224	190	37	3	2
266733708	こや	小屋	449	190	37	2	2
266602637	こや	小屋	449	190	37	2	2
266471566	こや	小屋	449	190	37	2	2
133171343	こゆう	固有	224	200	120	3	2
266340496	こよう	雇用	449	198	101	3	2
217057425	こりつ	孤立	366	198	101	3	2
216926354	こりつ	孤立	365	198	101	3	2
216795283	こりつ	孤立	365	198	101	3	2
575211668	これ	これ	970	190	37	2	2
575080597	これ	これ	970	190	37	2	2
574949526	これ	これ	969	190	37	2	2
507906199	これから	これから	856	190	254	4	4
507775128	これから	これから	856	190	254	4	4
507644057	これから	これから	856	190	254	4	4
441583770	これまで	これまで	744	190	212	4	4
133040283	これら	これら	224	190	38	3	3
216664220	こわれ	壊れ	365	197	94	3	2
216533149	こわれ	壊れ	365	197	94	3	2
545720478	こんかい	今回	920	190	37	4	2
545589407	こんかい	今回	920	190	37	4	2
482216096	こんご	今後	813	190	37	3	2
482085025	こんご	今後	813	190	37	3	2
481953954	こんご	今後	812	190	37	3	2
464259235	こんしゅう	今週	783	190	37	5	2
524093604	こんど	今度	884	190	37	3	2
523962533	こんど	今度	883	190	37	3	2
132909222	こんにち	今日	224	190	37	4	2
132778151	こんにち	今日	223	190	37	4	2
132647080	こんにち	今日	223	190	37	4	2
216402089	こーひー	コーヒー	365	190	37	4	4
391776426	ご	後	660	209	39	1	1
391645355	ご	後	660	209	39	1	1
391514284	ご	後	660	209	39	1	1
132516013	ごうい	合意	223	198	101	3	2
132384942	ごうい	合意	223	198	101	3	2
132253871	ごうい	合意	223	198	101	3	2
132122800	ごうい	合意	222	198	101	3	2
441452721	ごうか	豪華	744	200	120	3	2
349046962	ごうかく	合格	588	190	101	4	2
348915891	ごうかく	合格	588	198	101	4	2
340002996	ごうけい	合計	573	198	101	4	2
131991733	ごがつ	５月	222	190	80	3	2
131860662	ごがつ	５月	222	190	80	3	2
131729591	ごがつ	５月	222	190	80	3	2
561842360	ごご	午後	947	190	37	2	2
131598521	ござ	ござ	221	197	118	2	2
131467450	ござい	ござい	221	197	194	3	3
444926139	ございました	ございました	750	197	151	6	6
444795068	ございます	ございます	750	197	145	5	5
348784829	ございます	ございます	588	197	145	5	5
539035838	ごぜん	午前	909	190	37	3	2
495454399	ごぜんちゅう	午前中	835	190	37	6	3
495323328	ごぜんちゅう	午前中	835	190	37	6	3
495192257	ごぜんちゅう	午前中	835	190	37	6	3
495061186	ごぜんちゅう	午前中	835	190	37	6	3
452069571	ごはん	ご飯	762	190	37	3	2
451938500	ごはん	ご飯	762	190	37	3	2
131336389	ごふさい	ご夫妻	221	190	37	4	3
131205318	ごふさい	ご夫妻	221	190	37	4	3
131074247	ごふさい	ご夫妻	221	190	37	4	3
130943176	ごふさい	ご夫妻	220	190	37	4	3
382732489	ごみ	ゴミ	645	190	37	2	2
382601418	ごみ	ゴミ	645	190	37	2	2
266209483	ごむ	ゴム	449	190	37	2	2
130812108	ごりん	五輪	220	190	37	3	2
464128205	さ	差	782	190	37	1	1
580454606	さいきん	最近	979	190	37	4	2
580323535	さいきん	最近	978	190	37	4	2
580192464	さいきん	最近	978	190	37	4	2
580061393	さいきん	最近	978	190	37	4	2
451807442	さいこう	最高	762	200	120	4	2
523831507	さいご	最後	883	190	37	3	2
523700436	さいご	最後	883	190	37	3	2
523569365	さいご	最後	883	190	37	3	2
494930134	さいしょ	最初	834	190	37	4	2
494799063	さいしょ	最初	834	190	37	4	2
494667992	さいしょ	最初	834	190	37	4	2
429525209	さいしん	最新	724	190	37	4	2
417728730	さいだい	最大	704	190	37	4	2
312477915	さいてき	最適	527	200	120	4	2
216271068	さいよう	採用	364	198	101	4	2
216139997	さいよう	採用	364	198	101	4	2
329648350	さかな	魚	556	190	37	3	1
329517279	さかな	魚	555	190	37	3	1
329386208	さかな	魚	555	190	37	3	1
329255137	さかな	魚	555	190	37	3	1
500959458	さき	先	845	190	37	2	1
500828387	さき	先	844	190	37	2	1
399640804	さぎょう	作業	674	198	101	4	2
399509733	さぎょう	作業	673	198	101	4	2
399378662	さぎょう	作業	673	198	101	4	2
373557479	さくせい	作成	630	198	101	4	2
373426408	さくせい	作成	629	198	101	4	2
561711337	さくねん	昨年	947	190	37	4	2
516163818	さくひん	作品	870	190	37	4	2
516032747	さくひん	作品	870	190	37	4	2
515901676	さくひん	作品	870	190	37	4	2
515770605	さくひん	作品	869	190	37	4	2
348653806	さくら	桜	588	190	37	3	1
357173487	さけ	酒	602	190	37	2	1
266078448	さけ	避け	448	197	95	2	2
265947377	さけ	避け	448	197	95	2	2
265816306	さげ	下げ	448	197	95	2	2
265685235	さげ	下げ	448	197	95	2	2
265554164	さげ	下げ	447	197	95	2	2
265423093	ささえ	支え	447	197	95	3	2
265292022	ささえ	支え	447	197	95	3	2
130681079	ささやか	ささやか	220	200	120	4	4
363596024	さすが	さすが	613	200	123	3	3
363464953	さすが	さすが	613	193	63	3	3
130550010	さすがに	さすがに	220	193	259	4	4
130418939	させ	させ	219	197	97	2	2
130287868	させ	させ	219	197	97	2	2
265160957	さだめ	定め	447	197	95	3	2
265029886	さだめ	定め	447	197	95	3	2
264898815	さだめ	定め	446	197	95	3	2
264767744	さだめ	定め	446	197	95	3	2
264636673	さだめ	定め	446	197	95	3	2
329124098	さっかー	サッカー	555	198	101	4	4
328993027	さっかー	サッカー	554	198	101	4	4
130156804	さっかー	サッカー	219	190	37	4	4
130025733	さっかー	サッカー	219	190	37	4	4
417597702	さっそく	早速	704	193	61	4	2
129894663	さっそく	さっそく	219	193	61	4	4
363333896	さっぽろ	札幌	612	190	37	4	2
129763593	さっぽろ	札幌	218	192	45	4	2
290588938	さつえい	撮影	490	198	101	4	2
554764555	さて	さて	935	196	67	2	2
216008972	さとう	砂糖	364	190	37	3	2
215877901	さとう	砂糖	364	190	37	3	2
264505614	さばく	砂漠	446	190	37	3	2
264374543	さばく	砂漠	445	190	37	3	2
264243472	さべつ	差別	445	190	101	3	2
264112401	さべつ	差別	445	190	101	3	2
263981330	さべつ	差別	445	198	101	3	2
263850259	さべつ	差別	445	198	101	3	2
303958292	さぽーと	サポート	512	198	101	4	4
303827221	さぽーと	サポート	512	198	101	4	4
129632534	さまざま	さまざま	218	200	120	4	4
129501463	さまざま	様々	218	200	120	4	2
290457880	さゆう	左右	489	198	101	3	2
290326809	さゆう	左右	489	198	101	3	2
290195738	さゆう	左右	489	198	101	3	2
129370395	さよう	作用	218	198	101	3	2
129239324	さよう	作用	217	198	101	3	2
576784669	さらに	さらに	972	193	54	3	3
215746846	さらりーまん	サラリーマン	363	190	37	6	6
215615775	さる	去る	363	194	64	2	2
129108256	さる	去る	217	197	161	2	2
128977185	されて	されて	217	197	206	3	3
391383330	さん	さん	660	204	44	2	2
494536995	さんか	参加	834	198	101	3	2
494405924	さんか	参加	833	198	101	3	2
494274853	さんか	参加	833	198	101	3	2
128846118	さんかしゃ	参加者	217	190	41	5	3
128715047	さんかしゃ	参加者	217	190	41	5	3
128583976	さんかしゃ	参加者	216	190	41	5	3
434178345	さんが	さんが	732	204	263	3	3
128452906	さんがつ	３月	216	190	80	4	2
128321835	さんがつ	３月	216	190	80	4	2
303696172	さんこう	参考	512	198	101	4	2
434309421	さんは	さんは	732	204	224	3	3
366545198	さんは	さんは	618	204	224	3	3
481823023	さーびす	サービス	812	198	101	4	4
481691952	さーびす	サービス	812	198	101	4	4
128190769	ざ	座	216	198	101	1	1
128059698	ざいげん	財源	216	190	37	4	2
127928627	ざいげん	財源	215	190	37	4	2
127797556	ざいげん	財源	215	190	37	4	2
538904885	ざいこ	在庫	909	198	101	3	2
538773814	ざいこ	在庫	908	198	101	3	2
531171639	ざいさん	財産	895	190	37	4	2
531040568	ざいさん	財産	895	190	37	4	2
507513145	ざいじゅう	在住	856	198	101	5	2
127666490	ざいだん	財団	215	190	37	4	2
590678331	ざいりょう	材料	996	190	37	5	2
590547260	ざいりょう	材料	996	190	37	5	2
590416189	ざいりょう	材料	995	190	37	5	2
590285118	ざいりょう	材料	995	190	37	5	2
507382079	ざせき	座席	855	190	37	3	2
507251008	ざせき	座席	855	190	37	3	2
507119937	ざせき	座席	855	190	37	3	2
579930434	ざっし	雑誌	978	190	37	3	2
579799363	ざっし	雑誌	978	190	37	3	2
357042500	ざつおん	雑音	602	190	37	4	2
356911429	ざつおん	雑音	602	190	37	4	2
356780358	ざつおん	雑音	601	190	37	4	2
356649287	ざつおん	雑音	601	190	37	4	2
473303368	ざんぎょう	残業	798	198	101	5	2
473172297	ざんぎょう	残業	798	198	101	5	2
586352970	ざんねん	残念	989	200	120	4	2
586221899	ざんねん	残念	988	200	120	4	2
586090828	ざんねん	残念	988	200	120	4	2
245565773	し	し	414	235	112	1	1
127535438	し	し	215	197	111	1	1
127404367	し	し	214	197	111	1	1
215484752	しあい	試合	363	198	101	3	2
215353681	しあい	試合	363	198	101	3	2
215222610	しあい	試合	363	198	101	3	2
215091539	しあい	試合	362	198	101	3	2
263719252	しあわせ	幸せ	444	200	120	4	2
263588181	しあわせ	幸せ	444	200	120	4	2
127273302	しいれ	仕入れ	214	197	95	3	3
127142231	しいれ	仕入れ	214	197	95	3	3
127011160	しいれ	仕入れ	214	197	95	3	3
126880089	しぇあ	シェア	214	190	37	3	3
126749018	しぇあ	シェア	213	190	37	3	3
263457115	しえん	支援	444	198	101	3	2
263326044	しえん	支援	444	198	101	3	2
263194973	しお	塩	443	190	37	2	1
554633566	しかし	しかし	935	196	67	3	3
538642783	しかも	しかも	908	196	67	3	3
126617952	しがつ	４月	213	190	80	3	2
126486881	しがつ	４月	213	190	80	3	2
126355810	しがつ	４月	213	190	80	3	2
214960483	しき	式	362	190	37	2	1
214829412	しき	式	362	190	37	2	1
126224741	しきん	資金	212	190	37	3	2
126093670	しきん	資金	212	190	37	3	2
125962599	しくみ	仕組み	212	190	37	3	3
125831528	しくみ	仕組み	212	190	37	3	3
125700457	しくみ	仕組み	212	190	37	3	3
125569386	しくみ	仕組み	211	190	37	3	3
263063915	しけん	試験	443	198	101	3	2
262932844	しけん	試験	443	198	101	3	2
214698349	しげき	刺激	362	198	101	3	2
214567278	しげん	資源	361	190	37	3	2
214436207	しげん	資源	361	190	37	3	2
441321840	しごと	仕事	744	198	101	3	2
441190769	しごと	仕事	744	198	101	3	2
441059698	しごと	仕事	743	198	101	3	2
440928627	しごと	仕事	743	198	101	3	2
440797556	しごと	仕事	743	198	101	3	2
125438325	しさ	示唆	211	198	101	2	2
125307254	しさ	示唆	211	198	101	2	2
125176183	しさん	資産	211	190	37	3	2
125045112	しさん	資産	210	190	37	3	2
124914041	しざい	資材	210	190	37	3	2
124782970	しざい	資材	210	190	37	3	2
179177851	しじ	支持	302	198	101	2	2
417466748	しじょう	市場	704	190	37	4	2
417335677	しじょう	市場	703	190	37	4	2
417204606	しじょう	市場	703	190	37	4	2
406587775	しすてむ	システム	685	190	37	4	4
406456704	しすてむ	システム	685	190	37	4	4
214305153	しずか	静か	361	200	120	3	2
214174082	しずか	静か	361	200	120	3	2
214043011	しせい	姿勢	361	190	37	3	2
213911940	しせい	姿勢	360	190	37	3	2
213780869	しせい	姿勢	360	190	37	3	2
213649798	しせつ	施設	360	198	101	3	2
213518727	しせつ	施設	360	198	101	3	2
373295496	しぜん	自然	629	200	120	3	2
373164425	しぜん	自然	629	200	120	3	2
124651914	しそう	思想	210	190	37	3	2
585501067	した	した	987	238	151	2	2
572656012	した	した	965	235	151	2	2
554305933	した	した	934	238	151	2	2
528615822	した	した	891	235	151	2	2
506136975	した	した	853	235	151	2	2
501418384	した	した	845	235	151	2	2
498534801	した	した	840	238	151	2	2
498010514	した	した	840	235	151	2	2
494602643	した	した	834	235	151	2	2
472451476	した	した	796	235	151	2	2
468781461	した	した	790	235	151	2	2
463931798	した	した	782	238	151	2	2
459606423	した	した	775	235	151	2	2
459344280	した	した	774	235	151	2	2
448596377	した	した	756	235	151	2	2
418318746	した	した	705	238	151	2	2
405735835	した	した	684	235	151	2	2
398657948	した	した	672	235	151	2	2
385812893	した	した	650	235	151	2	2
373492126	した	した	630	235	151	2	2
369035679	した	した	622	235	151	2	2
349112736	した	した	588	235	151	2	2
348981665	した	した	588	235	151	2	2
348522914	した	下	587	190	37	2	1
348391843	した	下	587	190	37	2	1
334039460	した	した	563	235	151	2	2
331811237	した	した	559	235	151	2	2
331418022	した	した	559	235	151	2	2
320407975	した	した	540	235	151	2	2
320276904	した	した	540	235	151	2	2
314116521	した	した	529	235	151	2	2
312019370	した	した	526	235	151	2	2
304155051	した	した	513	235	151	2	2
300091820	した	した	506	235	151	2	2
299698605	した	した	505	235	151	2	2
299174318	した	した	504	235	151	2	2
298650031	した	した	503	235	151	2	2
296815024	した	した	500	235	151	2	2
295242161	した	した	498	235	151	2	2
290654642	した	した	490	235	151	2	2
285804979	した	した	482	235	151	2	2
250415540	した	した	422	235	151	2	2
234817973	した	した	396	235	151	2	2
230492598	した	した	388	235	151	2	2
219482551	した	した	370	235	151	2	2
216992184	した	した	366	235	151	2	2
213453241	した	した	360	235	151	2	2
203360698	した	した	343	235	151	2	2
203098555	した	した	342	235	151	2	2
196544956	した	した	331	235	151	2	2
143460797	した	した	241	235	151	2	2
139397566	した	した	235	235	151	2	2
132581823	した	した	223	235	151	2	2
125503936	した	した	211	235	151	2	2
124520897	した	した	210	197	151	2	2
120523202	した	した	203	235	151	2	2
97454531	した	した	164	235	151	2	2
84871620	した	した	143	235	151	2	2
75958725	した	した	128	235	151	2	2
74254790	した	した	125	235	151	2	2
74123719	した	した	125	235	151	2	2
45550024	した	した	76	235	151	2	2
36374985	した	した	61	235	151	2	2
6752714	した	した	11	235	151	2	2
124389835	したがって	したがって	209	196	67	5	5
124258764	したがって	従って	209	196	67	5	3
463997389	しっかり	しっかり	782	193	47	4	4
463866318	しっかり	しっかり	782	193	47	4	4
463735247	しっかり	しっかり	782	193	47	4	4
213387728	しっぱい	失敗	359	198	101	4	2
213256657	しっぱい	失敗	359	198	101	4	2
213125586	しつない	室内	359	190	37	4	2
212994515	しつない	室内	359	190	37	4	2
262801876	しつもん	質問	443	198	101	4	2
262670805	しつもん	質問	443	198	101	4	2
591006166	して	して	996	235	206	2	2
589564375	して	して	994	235	206	2	2
572262872	して	して	965	235	206	2	2
559548889	して	して	943	235	206	2	2
556009946	して	して	937	235	206	2	2
553519579	して	して	933	235	206	2	2
528484828	して	して	891	235	206	2	2
517016029	して	して	872	235	206	2	2
510855646	して	して	861	235	206	2	2
509151711	して	して	858	235	206	2	2
506923488	して	して	855	235	206	2	2
505743841	して	して	853	235	206	2	2
498665954	して	して	841	238	206	2	2
498272739	して	して	840	235	206	2	2
497879524	して	して	839	235	206	2	2
494340581	して	して	833	235	206	2	2
493160934	して	して	831	235	206	2	2
493029863	して	して	831	235	206	2	2
463800808	して	して	782	238	206	2	2
459737577	して	して	775	235	206	2	2
459475434	して	して	775	235	206	2	2
450038251	して	して	759	235	206	2	2
429066732	して	して	723	235	206	2	2
418974189	して	して	706	235	206	2	2
418580974	して	して	706	235	206	2	2
385944047	して	して	651	235	206	2	2
374671856	して	して	631	235	206	2	2
371788273	して	して	627	235	206	2	2
367200754	して	して	619	235	206	2	2
365365747	して	して	616	235	206	2	2
330107380	して	して	556	235	206	2	2
325913077	して	して	549	235	206	2	2
317000182	して	して	534	235	206	2	2
304679415	して	して	513	235	206	2	2
303892984	して	して	512	235	206	2	2
299305465	して	して	504	235	206	2	2
273877498	して	して	461	235	206	2	2
270338555	して	して	456	235	206	2	2
250284540	して	して	422	235	206	2	2
245434877	して	して	413	235	206	2	2
242682366	して	して	409	235	206	2	2
242420223	して	して	408	235	206	2	2
235080192	して	して	396	235	206	2	2
231016961	して	して	389	235	206	2	2
222628354	して	して	375	235	206	2	2
217123331	して	して	366	235	206	2	2
216336900	して	して	364	235	206	2	2
190646789	して	して	321	235	206	2	2
190253574	して	して	320	235	206	2	2
186321415	して	して	314	235	206	2	2
125372936	して	して	211	235	206	2	2
124127753	して	して	209	197	180	2	2
120785418	して	して	203	238	206	2	2
107022859	して	して	180	235	206	2	2
105974284	して	して	178	235	206	2	2
97585677	して	して	164	235	206	2	2
88934926	して	して	150	235	206	2	2
84740623	して	して	142	235	206	2	2
54725136	して	して	92	235	206	2	2
45681169	して	して	77	235	206	2	2
36243986	して	して	61	235	206	2	2
15403539	して	して	25	238	206	2	2
6883860	して	して	11	235	206	2	2
6490645	して	して	10	235	206	2	2
212863510	してい	指定	359	198	101	3	2
212732439	してん	視点	358	190	37	3	2
212601368	してん	視点	358	190	37	3	2
212470297	してん	視点	358	190	37	3	2
212339226	しな	品	358	190	37	2	1
212208155	しない	市内	357	190	37	3	2
212077084	しない	市内	357	190	37	3	2
211946013	しない	市内	357	190	37	3	2
123996702	しなりお	シナリオ	209	190	37	4	4
123865631	しなりお	シナリオ	208	190	37	4	4
123734560	しなりお	シナリオ	208	190	37	4	4
417073697	しばらく	しばらく	703	193	58	4	4
123603490	しひょう	指標	208	190	37	4	2
123472419	しひょう	指標	208	190	37	4	2
123341348	しひょう	指標	208	190	37	4	2
123210277	しひょう	指標	207	190	37	4	2
262539814	しぶや	渋谷	442	190	37	3	2
123079207	しべりあ	シベリア	207	192	45	4	4
262408744	しま	島	442	190	37	2	1
340855337	しました	しました	574	235	151	4	4
572394026	します	します	965	235	145	3	3
519047723	します	します	875	235	145	3	3
505874988	します	します	853	235	145	3	3
340986413	します	します	575	235	145	3	3
262277678	しみん	市民	442	190	37	3	2
262146607	しみん	市民	442	190	37	3	2
122948144	しめし	示し	207	197	164	3	2
122817073	しめし	示し	207	197	164	3	2
211814962	しゃいん	社員	357	190	41	4	2
211683891	しゃいん	社員	357	190	41	4	2
373033524	しゃかい	社会	629	190	37	4	2
429394485	しゃしん	写真	724	190	37	4	2
429263414	しゃしん	写真	724	190	37	4	2
262015543	しや	視野	441	190	37	2	2
261884472	しや	視野	441	190	37	2	2
261753401	しや	視野	441	190	37	2	2
261622330	しや	視野	441	190	37	2	2
211552827	しゅうにゅう	収入	356	190	37	6	2
211421756	しゅうにゅう	収入	356	190	37	6	2
211290685	しゅうにゅう	収入	356	190	37	6	2
211159614	しゅうにゅう	収入	356	190	37	6	2
211028543	しゅうまつ	週末	355	190	37	5	2
210897472	しゅうまつ	週末	355	190	37	5	2
210766401	しゅうまつ	週末	355	190	37	5	2
261491266	しゅみ	趣味	441	190	37	3	2
261360195	しゅみ	趣味	440	190	37	3	2
261229124	しゅみ	趣味	440	190	37	3	2
429132357	しょうかい	紹介	723	198	101	5	2
429001286	しょうかい	紹介	723	198	101	5	2
473041479	しょうひん	商品	797	190	37	5	2
472910408	しょうひん	商品	797	190	37	5	2
406325833	しょうらい	将来	685	198	101	5	2
406194762	しょうらい	将来	685	198	101	5	2
406063691	しょうらい	将来	684	198	101	5	2
405932620	しょうらい	将来	684	198	101	5	2
210635341	しよう	仕様	355	190	37	3	2
210504270	しよう	仕様	355	190	37	3	2
210373199	しよう	仕様	354	190	37	3	2
210242128	しよう	仕様	354	190	37	3	2
122686033	しり	知り	206	197	162	2	2
261098066	しりょう	資料	440	190	37	4	2
260966995	しりょう	資料	440	190	37	4	2
210111060	しりーず	シリーズ	354	190	37	4	4
209979989	しりーず	シリーズ	354	190	37	4	4
209848918	しりーず	シリーズ	353	190	37	4	4
260835927	しる	知る	439	197	161	2	2
122554968	しれ	しれ	206	197	141	2	2
260704857	しろ	白	439	199	78	2	1
209717850	しろうと	素人	353	190	37	4	2
209586779	しろうと	素人	353	190	37	4	2
260573788	しんぶん	新聞	439	190	37	4	2
260442717	しんぶん	新聞	439	190	37	4	2
209455710	しーずん	シーズン	353	190	37	4	4
209324639	しーずん	シーズン	353	190	37	4	4
122423904	しーん	シーン	206	190	37	3	3
122292833	しーん	シーン	206	190	37	3	3
260311650	じえいたい	自衛隊	439	190	37	5	3
587008611	じかん	時間	990	225	80	3	2
586877540	じかん	時間	989	225	80	3	2
500697701	じき	時期	844	190	37	2	2
500566630	じき	時期	844	190	37	2	2
472779367	じぎょう	事業	797	190	37	4	2
122161768	じく	軸	206	190	37	2	1
122030697	じく	軸	205	190	37	2	1
530909802	じけん	事件	895	190	37	3	2
530778731	じけん	事件	895	190	37	3	2
530647660	じけん	事件	895	190	37	3	2
121899629	じげん	次元	205	224	80	3	2
121768558	じげん	次元	205	190	37	3	2
428870255	じこ	事故	723	190	37	2	2
428739184	じこ	事故	723	190	37	2	2
428608113	じこ	事故	722	190	37	2	2
399247986	じこ	自己	673	190	37	2	2
372902515	じしん	自信	629	190	37	3	2
372771444	じしん	自信	628	190	37	3	2
209193589	じしん	地震	352	190	37	3	2
209062518	じしん	地震	352	190	37	3	2
208931447	じしん	自身	352	190	37	3	2
208800376	じしん	自身	352	190	37	3	2
208669305	じしん	自身	351	190	37	3	2
405801594	じじつ	事実	684	193	63	3	2
303565435	じじょう	事情	512	190	37	4	2
303434364	じじょう	事情	511	190	37	4	2
290065021	じぜん	事前	489	190	37	3	2
289933950	じぜん	事前	489	190	37	3	2
260180607	じぞく	持続	438	198	101	3	2
121637504	じたい	事態	205	190	37	3	2
121506433	じたい	事態	204	190	37	3	2
121375362	じたい	事態	204	190	37	3	2
121244291	じたい	事態	204	190	37	3	2
339872388	じたく	自宅	573	190	37	3	2
339741317	じたく	自宅	573	190	37	3	2
339610246	じたく	自宅	572	190	37	3	2
569838215	じだい	時代	961	190	37	3	2
569707144	じだい	時代	960	190	37	3	2
121113225	じちたい	自治体	204	190	37	4	3
120982154	じちたい	自治体	204	190	37	4	3
120851083	じちたい	自治体	203	190	37	4	3
382470796	じっくり	じっくり	645	193	47	4	4
289802893	じっこう	実行	488	198	101	4	2
515639950	じっさい	実際	869	190	37	4	2
515508879	じっさい	実際	869	190	37	4	2
515377808	じっさい	実際	869	190	37	4	2
289671825	じっし	実施	488	198	101	3	2
356518546	じっせき	実績	601	190	37	4	2
356387475	じっせき	実績	601	190	37	4	2
120720020	じっと	じっと	203	193	46	3	3
339479189	じつげん	実現	572	198	101	4	2
550963862	じつは	実は	929	193	54	3	2
289540759	じてん	時点	488	190	37	3	2
289409688	じてん	時点	488	190	37	3	2
289278617	じてんしゃ	自転車	487	190	37	5	3
289147546	じてんしゃ	自転車	487	190	37	5	3
289016475	じてんしゃ	自転車	487	190	37	5	3
288885404	じてんしゃ	自転車	487	190	37	5	3
303303325	じどうしゃ	自動車	511	190	37	5	3
120588958	じどうてき	自動的	203	200	120	5	3
120457887	じにん	辞任	203	198	101	3	2
120326816	じにん	辞任	202	198	101	3	2
120195745	じばん	地盤	202	190	37	3	2
120064674	じばん	地盤	202	190	37	3	2
119933603	じばん	地盤	202	190	37	3	2
587401892	じぶん	自分	990	191	42	3	2
587270821	じぶん	自分	990	191	42	3	2
260049574	じまん	自慢	438	198	101	3	2
372640423	じみ	地味	628	200	120	2	2
372509352	じみ	地味	628	200	120	2	2
119802537	じむきょく	事務局	202	190	37	5	3
303172266	じむしょ	事務所	511	190	37	4	3
303041195	じむしょ	事務所	511	190	37	4	3
302910124	じむしょ	事務所	510	190	37	4	3
259918509	じめん	地面	438	190	37	3	2
259787438	じめん	地面	438	190	37	3	2
259656367	じめん	地面	437	190	37	3	2
348261040	じもと	地元	587	190	37	3	2
302779057	じゃ	じゃ	510	195	66	2	2
119671474	じゃっかん	若干	201	190	37	5	2
119540403	じゅういちがつ	１１月	201	190	80	7	3
119409332	じゅうがつ	１０月	201	190	80	5	3
119278261	じゅうにがつ	１２月	201	190	80	6	3
119147190	じゅうにがつ	１２月	200	190	80	6	3
119016119	じゅうぶん	十分	200	200	120	5	2
481561272	じゅうよう	重要	812	200	120	5	2
481430201	じゅうよう	重要	812	200	120	5	2
118885050	じゅうらい	従来	200	190	37	5	2
208538299	じゅんび	準備	351	198	101	4	2
208407228	じゅんび	準備	351	198	101	4	2
440666813	じゆう	自由	743	200	120	3	2
118753982	じゆうか	自由化	200	198	101	4	3
118622911	じゆうか	自由化	200	198	101	4	3
118491840	じゆうか	自由化	199	198	101	4	3
328862401	じょうい	上位	554	190	37	4	2
118360770	じょうき	上記	199	198	101	4	2
538512067	じょうきょう	状況	908	190	37	6	2
538380996	じょうきょう	状況	908	190	37	6	2
538249925	じょうきょう	状況	907	190	37	6	2
538118854	じょうきょう	状況	907	190	37	6	2
428477127	じょうけん	条件	722	190	37	5	2
428346056	じょうけん	条件	722	190	37	5	2
118229705	じょうじ	常時	199	190	37	4	2
558172874	じょうたい	状態	941	190	37	5	2
558041803	じょうたい	状態	941	190	37	5	2
557910732	じょうたい	状態	941	190	37	5	2
557779661	じょうたい	状態	940	190	37	5	2
582027982	じょうほう	情報	981	190	37	5	2
569576143	じょせい	女性	960	190	37	4	2
569445072	じょせい	女性	960	190	37	4	2
208276177	じりつ	自立	351	198	101	3	2
208145106	じりつ	自立	351	198	101	3	2
118098643	じれい	事例	199	190	37	3	2
117967572	じれい	事例	198	190	37	3	2
117836501	じれい	事例	198	190	37	3	2
208014038	じんこう	人口	350	190	37	4	2
207882967	じんこう	人口	350	190	37	4	2
207751896	じんこう	人口	350	190	37	4	2
207620825	じんざい	人材	350	190	37	4	2
207489754	じんざい	人材	349	190	37	4	2
207358683	じんざい	人材	349	190	37	4	2
494144220	じんせい	人生	833	190	37	4	2
494013149	じんせい	人生	833	190	37	4	2
259525342	じんぶつ	人物	437	190	37	4	2
259394271	じんぶつ	人物	437	190	37	4	2
259263200	じんぶつ	人物	437	190	37	4	2
117705441	すいじゅん	水準	198	190	37	5	2
117574370	すいじゅん	水準	198	190	37	5	2
117443299	すいじゅん	水準	198	190	37	5	2
416942820	すうじ	数字	703	190	37	3	2
416811749	すうじ	数字	703	190	37	3	2
117312230	すえ	末	197	190	37	2	1
117181159	すえ	末	197	190	37	2	1
117050088	すえ	末	197	190	37	2	1
472648425	すがた	姿	797	190	37	3	1
472517354	すがた	姿	797	190	37	3	1
515246827	すき	好き	869	200	120	2	2
515115756	すき	好き	868	200	120	2	2
451676909	すくない	少ない	761	199	152	4	3
116919022	すくなく	少なく	197	199	173	4	3
537987823	すぐ	すぐ	907	193	60	2	2
302648048	すけじゅーる	スケジュール	510	198	101	6	6
302516977	すけじゅーる	スケジュール	510	198	101	6	6
550832882	すこし	少し	929	193	63	3	2
259132147	すじ	筋	437	190	37	2	1
259001076	すじ	筋	436	190	37	2	1
258870005	すじ	筋	436	190	37	2	1
207227638	すすめ	進め	349	197	95	3	2
207096567	すすめ	進め	349	197	95	3	2
206965496	すすめ	進め	349	197	95	3	2
116787961	すすん	進ん	196	197	163	3	2
116656890	すすん	進ん	196	197	163	3	2
391252731	すたいる	スタイル	659	190	37	4	4
391121660	すたいる	スタイル	659	190	37	4	4
390990589	すたいる	スタイル	659	190	37	4	4
390859518	すたいる	スタイル	659	190	37	4	4
428215039	すたっふ	スタッフ	722	190	37	4	4
428083968	すたっふ	スタッフ	722	190	37	4	4
427952897	すたっふ	スタッフ	721	190	37	4	4
405670658	すたーと	スタート	684	198	101	4	4
405539587	すたーと	スタート	684	198	101	4	4
382339844	すとれす	ストレス	644	190	37	4	4
382208773	すとれす	ストレス	644	190	37	4	4
328731398	すなお	素直	554	190	121	3	2
328600327	すなお	素直	554	190	121	3	2
116525832	すなお	素直	196	190	37	3	2
116394761	すなお	素直	196	190	37	3	2
116263690	すなわち	すなわち	196	196	67	4	4
206834443	すばらしい	すばらしい	348	199	152	5	5
416680716	すぴーど	スピード	702	190	37	4	4
416549645	すぴーど	スピード	702	190	37	4	4
116132622	すべて	すべて	195	193	63	3	3
363203343	すぺいん	スペイン	612	190	37	4	4
339348240	すぺーす	スペース	572	190	37	4	4
339217169	すぺーす	スペース	572	190	37	4	4
339086098	すぺーす	スペース	571	190	37	4	4
116001555	すぽんさー	スポンサー	195	190	37	5	5
115870484	すぽんさー	スポンサー	195	190	37	5	5
115739413	すぽんさー	スポンサー	195	190	37	5	5
115608342	すぽんさー	スポンサー	195	190	37	5	5
206703383	すもう	相撲	348	190	37	3	2
206572312	すもう	相撲	348	190	37	3	2
115477273	すりらんか	スリランカ	194	190	37	5	5
589433626	する	する	994	235	161	2	2
572525339	する	する	965	235	161	2	2
535169820	する	する	902	235	161	2	2
523438877	する	する	882	197	161	2	2
523307806	する	する	882	238	161	2	2
523176735	する	する	882	197	161	2	2
507054880	する	する	855	235	161	2	2
506006305	する	する	853	235	161	2	2
494471970	する	する	834	235	161	2	2
493292323	する	する	832	235	161	2	2
470223652	する	する	793	235	161	2	2
447941413	する	する	755	235	161	2	2
442174246	する	する	745	235	161	2	2
439421735	する	する	741	235	161	2	2
429198120	する	する	723	235	161	2	2
405605161	する	する	684	235	161	2	2
399182634	する	する	673	235	161	2	2
382143275	する	する	644	235	161	2	2
374934316	する	する	632	235	161	2	2
373623597	する	する	630	235	161	2	2
372050734	する	する	627	235	161	2	2
371919663	する	する	627	235	161	2	2
368905008	する	する	622	235	161	2	2
368511793	する	する	621	235	161	2	2
368380722	する	する	621	235	161	2	2
367070003	する	する	619	235	161	2	2
353700660	する	する	596	235	161	2	2
353569589	する	する	596	235	161	2	2
344787766	する	する	581	235	161	2	2
339544887	する	する	572	235	161	2	2
333908792	する	する	563	235	161	2	2
332467001	する	する	560	235	161	2	2
331287354	する	する	558	235	161	2	2
329976635	する	する	556	235	161	2	2
320146236	する	する	540	235	161	2	2
319884093	する	する	539	235	161	2	2
313985854	する	する	529	235	161	2	2
304941887	する	する	514	235	161	2	2
304024384	する	する	512	235	161	2	2
300223297	する	する	506	235	161	2	2
298781506	する	する	503	235	161	2	2
294193987	する	する	496	235	161	2	2
290523972	する	する	490	235	161	2	2
289868613	する	する	488	235	161	2	2
289737542	する	する	488	235	161	2	2
284232519	する	する	479	235	161	2	2
280038216	する	する	472	235	161	2	2
274008905	する	する	462	235	161	2	2
263392074	する	する	444	235	161	2	2
260246347	する	する	438	235	161	2	2
245697356	する	する	414	235	161	2	2
242551629	する	する	409	235	161	2	2
242289486	する	する	408	235	161	2	2
234949455	する	する	396	235	161	2	2
230886224	する	する	389	235	161	2	2
219745105	する	する	370	235	161	2	2
216206162	する	する	364	235	161	2	2
212929363	する	する	359	235	161	2	2
203492180	する	する	343	235	161	2	2
203230037	する	する	342	235	161	2	2
189336406	する	する	319	235	161	2	2
140708695	する	する	237	235	161	2	2
139529048	する	する	235	235	161	2	2
137956185	する	する	232	235	161	2	2
129305434	する	する	218	235	161	2	2
107154267	する	する	180	235	161	2	2
106629980	する	する	179	235	161	2	2
106105693	する	する	178	235	161	2	2
88804190	する	する	149	235	161	2	2
84609887	する	する	142	235	161	2	2
54856544	する	する	92	235	161	2	2
36113249	する	する	60	235	161	2	2
15534946	する	する	26	238	161	2	2
7015267	する	する	11	235	161	2	2
115346276	すわっ	座っ	194	197	164	3	2
115215205	すわっ	座っ	194	197	164	3	2
115084134	すん	住ん	194	197	163	2	2
114953063	ず	図	193	190	37	1	1
102697832	ず	ず	173	58	158	1	1
114821993	ずけい	図形	193	190	37	3	2
114690922	ずけい	図形	193	190	37	3	2
114559851	ずしき	図式	193	190	37	3	2
114428780	ずしき	図式	193	190	37	3	2
114297709	ずしき	図式	192	190	37	3	2
481299310	ずぼん	ズボン	811	190	37	3	3
481168239	ずぼん	ズボン	811	190	37	3	3
114166640	ずめん	図面	192	190	37	3	2
114035569	ずめん	図面	192	190	37	3	2
113904498	ずめん	図面	192	190	37	3	2
416418675	せい	せい	702	190	37	2	2
416287604	せい	せい	702	190	37	2	2
427821941	せいかく	性格	721	190	37	4	2
427690870	せいかく	性格	721	190	37	4	2
427559799	せいかく	性格	721	190	37	4	2
427428728	せいかく	性格	720	190	37	4	2
574819193	せいかつ	生活	969	198	101	4	2
574688122	せいかつ	生活	969	198	101	4	2
574557051	せいかつ	生活	969	198	101	4	2
113773436	せいけん	政権	191	190	37	4	2
113642365	せいけん	政権	191	190	37	4	2
113511294	せいけん	政権	191	190	37	4	2
472386431	せいこう	成功	796	198	101	4	2
182717312	せいさく	政策	308	190	37	4	2
182586241	せいさく	政策	307	190	37	4	2
113380226	せいじか	政治家	191	190	41	4	3
113249155	せいじか	政治家	191	190	41	4	3
561580932	せいせき	成績	947	190	37	4	2
561449861	せいせき	成績	947	190	37	4	2
561318790	せいせき	成績	946	190	37	4	2
356256647	せいちょう	成長	600	198	101	5	2
405408648	せいと	生徒	683	190	41	3	2
405277577	せいと	生徒	683	190	41	3	2
440535946	せいど	制度	743	190	37	3	2
440404875	せいど	制度	742	190	37	3	2
440273804	せいど	制度	742	190	37	3	2
554503053	せいひん	製品	935	190	37	4	2
554371982	せいひん	製品	935	190	37	4	2
206441359	せいび	整備	348	198	101	3	2
206310288	せいび	整備	347	198	101	3	2
302386065	せいふ	政府	510	190	37	3	2
302254994	せいふ	政府	509	190	37	3	2
302123923	せいふ	政府	509	190	37	3	2
587139988	せかい	世界	990	190	37	3	2
113118101	せかいじゅう	世界中	190	193	63	6	3
112987030	せかいじゅう	世界中	190	193	63	6	3
112855959	せかいじゅう	世界中	190	193	63	6	3
112724888	せかいじゅう	世界中	190	193	63	6	3
328469401	せき	席	554	190	37	2	1
328338330	せき	席	553	190	37	2	1
328207259	せき	席	553	190	37	2	1
328076188	せき	席	553	223	80	2	1
327945117	せき	席	553	223	80	2	1
327814046	せき	席	552	223	80	2	1
451546015	せきにん	責任	761	190	37	4	2
112593824	せきにんしゃ	責任者	189	190	41	6	3
112462753	せきにんしゃ	責任者	189	190	41	6	3
112331682	せきにんしゃ	責任者	189	190	41	6	3
288754595	せけん	世間	487	190	37	3	2
288623524	せけん	世間	486	190	37	3	2
112200613	せたい	世帯	189	190	37	3	2
112069542	せたい	世帯	189	190	37	3	2
312347559	せだい	世代	526	217	80	3	2
312216488	せだい	世代	526	217	80	3	2
312085417	せだい	世代	526	217	80	3	2
451414954	せっかく	せっかく	761	193	58	4	4
372378539	せっきょくてき	積極的	628	200	120	7	3
372247468	せっきょくてき	積極的	627	200	120	7	3
382077869	せってい	設定	644	198	101	4	2
356125614	せっと	セット	600	198	101	3	3
319818671	せつぞく	接続	539	198	101	4	2
301992880	せつび	設備	509	198	101	3	2
301861809	せつび	設備	509	198	101	3	2
506989490	せつめい	説明	855	198	101	4	2
506858419	せつめい	説明	854	198	101	4	2
506727348	せつめい	説明	854	198	101	4	2
311954357	せつりつ	設立	526	198	101	4	2
258739126	せなか	背中	436	190	37	3	2
258608055	せなか	背中	436	190	37	3	2
258476984	せなか	背中	435	190	37	3	2
111938489	せまく	狭く	188	199	173	3	2
111807418	せまく	狭く	188	199	173	3	2
111676347	せまく	狭く	188	199	173	3	2
111545276	せまく	狭く	188	199	173	3	2
111414205	せまっ	迫っ	187	197	164	3	2
111283134	せまっ	迫っ	187	197	164	3	2
288492479	せみなー	セミナー	486	190	37	4	4
288361408	せみなー	セミナー	486	190	37	4	4
258345921	せろん	世論	435	190	37	3	2
258214850	せろん	世論	435	190	37	3	2
301730755	せわ	世話	508	198	101	2	2
301599684	せわ	世話	508	198	101	2	2
348130245	せんげつ	先月	587	190	37	4	2
111152070	せんご	戦後	187	190	37	3	2
111020999	せんご	戦後	187	190	37	3	2
500435912	せんしゅ	選手	844	190	37	4	2
500304841	せんしゅ	選手	843	190	37	4	2
500173770	せんしゅ	選手	843	190	37	4	2
523045835	せんしゅう	先週	882	190	37	5	2
522914764	せんしゅう	先週	882	190	37	5	2
537856973	せんじつ	先日	907	190	37	4	2
537725902	せんじつ	先日	907	190	37	4	2
537594831	せんじつ	先日	906	190	37	4	2
567086032	せんせい	先生	956	190	44	4	2
566954961	せんせい	先生	956	190	44	4	2
566823890	せんせい	先生	956	190	44	4	2
566692819	せんせい	先生	955	190	44	4	2
301468628	せんそう	戦争	508	198	101	4	2
405146581	せんたー	センター	683	190	37	4	4
405015510	せんたー	センター	683	190	37	4	4
404884439	せんたー	センター	682	190	37	4	4
404753368	せんたー	センター	682	190	37	4	4
338955225	せんりゃく	戦略	571	190	37	5	2
338824154	せんりゃく	戦略	571	190	37	5	2
416156635	ぜいきん	税金	701	190	37	4	2
416025564	ぜいきん	税金	701	190	37	4	2
415894493	ぜいきん	税金	701	190	37	4	2
110889950	ぜせい	是正	187	198	101	3	2
110758879	ぜせい	是正	186	198	101	3	2
110627808	ぜせい	是正	186	198	101	3	2
522783713	ぜったい	絶対	881	198	101	4	2
550702050	ぜひ	ぜひ	928	193	63	2	2
537463779	ぜひ	是非	906	193	63	2	2
537332708	ぜひ	是非	906	193	63	2	2
506596325	ぜんいん	全員	854	190	37	4	2
506465254	ぜんいん	全員	854	190	37	4	2
500042727	ぜんかい	前回	843	190	37	4	2
110496744	ぜんがく	全額	186	190	37	4	2
522652649	ぜんこく	全国	881	190	37	4	2
522521578	ぜんこく	全国	881	190	37	4	2
451283947	ぜんご	前後	761	198	101	3	2
451152876	ぜんご	前後	760	198	101	3	2
381946861	ぜんしん	全身	644	190	37	4	2
381815790	ぜんしん	全身	644	190	37	4	2
530516975	ぜんじつ	前日	894	190	37	4	2
530385904	ぜんじつ	前日	894	190	37	4	2
530254833	ぜんじつ	前日	894	190	37	4	2
110365682	ぜんせかい	全世界	186	190	37	5	3
110234611	ぜんせかい	全世界	185	190	37	5	3
110103540	ぜんせかい	全世界	185	190	37	5	3
566561781	ぜんたい	全体	955	190	37	4	2
566430710	ぜんたい	全体	955	190	37	4	2
566299639	ぜんたい	全体	955	190	37	4	2
109972472	ぜんてい	前提	185	198	101	4	2
109841401	ぜんてい	前提	185	198	101	4	2
109710330	ぜんねん	前年	185	190	37	4	2
472255483	ぜんはん	前半	796	190	37	4	2
472124412	ぜんはん	前半	796	190	37	4	2
471993341	ぜんはん	前半	796	190	37	4	2
109579262	ぜんぱん	全般	184	190	37	4	2
109448191	ぜんぱん	全般	184	190	37	4	2
109317120	ぜんぱん	全般	184	190	37	4	2
557648897	ぜんぶ	全部	940	190	37	3	2
381684738	ぜんりょく	全力	643	190	37	5	2
381553667	ぜんりょく	全力	643	190	37	5	2
554241028	そう	そう	934	193	62	2	2
251988997	そうだ	そうだ	425	19	131	3	3
347999238	そうば	相場	586	190	37	3	2
347868167	そうば	相場	586	190	37	3	2
347737096	そうば	相場	586	190	37	3	2
258083849	そえ	添え	435	197	95	2	2
257952778	そえ	添え	435	197	95	2	2
257821707	そえ	添え	434	197	95	2	2
109186060	そえ	添え	184	197	141	2	2
109054989	そえ	添え	183	197	141	2	2
108923918	そえ	添え	183	197	141	2	2
206179343	そくど	速度	347	190	37	3	2
206048272	そくど	速度	347	190	37	3	2
205917201	そくど	速度	347	190	37	3	2
530123794	そこ	そこ	894	190	38	2	2
514984979	そこで	そこで	868	196	67	3	3
338693140	そざい	素材	571	190	37	3	2
338562069	そざい	素材	571	190	37	3	2
338430998	そざい	素材	570	190	37	3	2
338299927	そざい	素材	570	190	37	3	2
257690648	そしき	組織	434	198	101	3	2
545459225	そして	そして	920	196	67	3	3
257559578	そだて	育て	434	197	95	3	2
257428507	そだて	育て	434	197	95	3	2
257297436	そだて	育て	434	197	95	3	2
108792861	そだて	育て	183	197	141	3	2
108661790	そだて	育て	183	197	141	3	2
108530719	そだて	育て	183	197	141	3	2
205786144	そち	措置	347	198	101	2	2
205655073	そち	措置	346	198	101	2	2
205524002	そち	措置	346	198	101	2	2
205392931	そち	措置	346	198	101	2	2
381422628	そと	外	643	190	37	2	1
205261861	そとがわ	外側	346	190	37	4	2
205130790	そとがわ	外側	346	190	37	4	2
204999719	そとがわ	外側	345	190	37	4	2
204868648	そなえ	備え	345	197	95	3	2
204737577	そなえ	備え	345	197	95	3	2
451021866	そのご	その後	760	190	37	3	3
450890795	そのご	その後	760	190	37	3	3
450759724	そのご	その後	760	190	37	3	3
440142893	そのた	その他	742	190	37	3	3
257166382	そば	そば	433	190	37	2	2
257035311	そば	そば	433	190	37	2	2
256904240	そば	そば	433	190	37	2	2
256773169	そふとうぇあ	ソフトウェア	433	190	37	6	6
108399666	そぼ	祖母	182	191	42	2	2
108268595	そぼ	祖母	182	191	42	2	2
256642100	そめ	染め	432	197	95	2	2
256511029	そめ	染め	432	197	95	2	2
256379958	そめ	染め	432	197	95	2	2
311823415	そら	空	525	190	37	2	1
311692344	そら	空	525	190	37	2	1
311561273	そら	空	525	190	37	2	1
579669050	それ	それ	977	190	38	2	2
579537979	それ	それ	977	190	38	2	2
463604796	それから	それから	782	196	67	4	4
108137533	それぞれ	それぞれ	182	193	63	4	4
372116542	それだけ	それだけ	627	190	243	4	4
450628671	それで	それで	760	190	255	3	3
481037376	それでは	それでは	811	190	224	4	4
499911745	それでも	それでも	843	196	67	4	4
427297858	それとも	それとも	720	196	67	4	4
440011843	それにしても	それにしても	742	190	222	6	6
390728772	それほど	それほど	659	190	233	4	4
390597701	それら	それら	658	190	37	3	3
390466630	それら	それら	658	190	37	3	3
371985479	そんざい	存在	627	198	101	4	2
550571080	そんな	そんな	928	200	125	3	3
493882441	ぞう	像	833	190	37	2	1
493751370	ぞう	像	832	190	37	2	1
493620299	ぞう	像	832	190	37	2	1
493489228	ぞう	像	832	190	37	2	1
591072333	ぞうか	増加	997	198	101	3	2
590941262	ぞうか	増加	996	198	101	3	2
471862351	ぞうき	臓器	795	190	37	3	2
471731280	ぞうき	臓器	795	190	37	3	2
108006481	ぞうきょう	増強	182	198	101	5	2
107875410	ぞうさん	増産	181	198	101	4	2
107744339	ぞうさん	増産	181	198	101	4	2
107613268	ぞうしょう	蔵相	181	190	37	5	2
107482197	ぞうしょう	蔵相	181	190	37	5	2
107351126	ぞうぜい	増税	181	198	101	4	2
107220055	ぞうぜい	増税	180	198	101	4	2
107088984	ぞうだい	増大	180	198	101	4	2
106957913	ぞうだい	増大	180	198	101	4	2
106826842	ぞうだい	増大	180	198	101	4	2
106695771	ぞうだい	増大	179	198	101	4	2
106564700	ぞうふく	増幅	179	198	101	4	2
399117405	ぞく	属	673	198	101	2	1
106433630	ぞくせい	属性	179	190	37	4	2
106302559	ぞくせい	属性	179	190	37	4	2
106171488	ぞくぞく	続々	179	193	47	4	2
588647521	た	た	992	60	151	1	1
578686050	た	た	976	60	151	1	1
534776931	た	た	902	60	151	1	1
520490084	た	た	877	60	151	1	1
514853989	た	他	868	190	37	1	1
509414502	た	た	859	60	151	1	1
499059815	た	た	841	60	151	1	1
460262504	た	た	776	60	151	1	1
400493673	た	た	675	60	151	1	1
376245354	た	た	634	60	151	1	1
374541419	た	た	631	60	151	1	1
369298540	た	た	622	60	151	1	1
362613869	た	た	611	60	151	1	1
346492014	た	た	584	60	151	1	1
343739503	た	た	579	60	151	1	1
341773424	た	た	576	60	151	1	1
336268401	た	た	567	60	151	1	1
335350898	た	た	565	60	151	1	1
317787251	た	た	536	60	151	1	1
316214388	た	た	533	60	151	1	1
315559029	た	た	532	60	151	1	1
310840438	た	た	524	60	151	1	1
307563639	た	た	518	60	151	1	1
306515064	た	た	517	60	151	1	1
297340025	た	た	501	60	151	1	1
295373946	た	た	498	60	151	1	1
283577467	た	た	478	60	151	1	1
282528892	た	た	476	60	151	1	1
277548157	た	た	468	60	151	1	1
275319934	た	た	464	60	151	1	1
269683839	た	た	454	60	151	1	1
267979904	た	た	452	60	151	1	1
265620609	た	た	448	60	151	1	1
264965250	た	た	446	60	151	1	1
258018435	た	た	435	60	151	1	1
257363076	た	た	434	60	151	1	1
256576645	た	た	432	60	151	1	1
248974470	た	た	419	60	151	1	1
247532679	た	た	417	60	151	1	1
246090888	た	た	415	60	151	1	1
244386953	た	た	412	60	151	1	1
239406218	た	た	403	60	151	1	1
237177995	た	た	400	60	151	1	1
233376908	た	た	393	60	151	1	1
232590477	た	た	392	60	151	1	1
226692238	た	た	382	60	151	1	1
219876495	た	た	370	60	151	1	1
218434704	た	た	368	60	151	1	1
216599697	た	た	365	60	151	1	1
204803218	た	た	345	60	151	1	1
204410003	た	た	344	60	151	1	1
202837140	た	た	342	60	151	1	1
194841749	た	た	328	60	151	1	1
192220310	た	た	324	60	151	1	1
186977431	た	た	315	60	151	1	1
186584216	た	た	314	60	151	1	1
183045273	た	た	308	60	151	1	1
182389914	た	た	307	60	151	1	1
181734555	た	た	306	60	151	1	1
178850972	た	た	301	60	151	1	1
178457757	た	た	301	60	151	1	1
177802398	た	た	299	60	151	1	1
177540255	た	た	299	60	151	1	1
176098464	た	た	297	60	151	1	1
173214881	た	た	292	60	151	1	1
172821666	た	た	291	60	151	1	1
169544867	た	た	285	60	151	1	1
166792356	た	た	281	60	151	1	1
165350565	た	た	278	60	151	1	1
164564134	た	た	277	60	151	1	1
164301991	た	た	277	60	151	1	1
163777704	た	た	276	60	151	1	1
161287337	た	た	272	60	151	1	1
158928042	た	た	268	60	151	1	1
158665899	た	た	267	60	151	1	1
158010540	た	た	266	60	151	1	1
157355181	た	た	265	60	151	1	1
157093038	た	た	264	60	151	1	1
152636591	た	た	257	60	151	1	1
152374448	た	た	257	60	151	1	1
151850161	た	た	256	60	151	1	1
151588018	た	た	255	60	151	1	1
149753011	た	た	252	60	151	1	1
148180148	た	た	249	60	151	1	1
140840117	た	た	237	60	151	1	1
140446902	た	た	236	60	151	1	1
140053687	た	た	236	60	151	1	1
127470776	た	た	215	60	151	1	1
127077561	た	た	214	60	151	1	1
122883258	た	た	207	60	151	1	1
115281083	た	た	194	60	151	1	1
111348924	た	た	187	60	151	1	1
109120701	た	た	184	60	151	1	1
108596414	た	た	183	60	151	1	1
104664255	た	た	176	60	151	1	1
100469952	た	た	169	60	151	1	1
96799937	た	た	163	60	151	1	1
96144578	た	た	162	60	151	1	1
95620291	た	た	161	60	151	1	1
95227076	た	た	160	60	151	1	1
94833861	た	た	159	60	151	1	1
94571718	た	た	159	60	151	1	1
93916359	た	た	158	60	151	1	1
93654216	た	た	157	60	151	1	1
93261001	た	た	157	60	151	1	1
92867786	た	た	156	60	151	1	1
92474571	た	た	155	60	151	1	1
92212428	た	た	155	60	151	1	1
91425997	た	た	154	60	151	1	1
88411342	た	た	149	60	151	1	1
80022735	た	た	134	60	151	1	1
74779856	た	た	126	60	151	1	1
74386641	た	た	125	60	151	1	1
71240914	た	た	120	60	151	1	1
70847699	た	た	119	60	151	1	1
70323412	た	た	118	60	151	1	1
68881621	た	た	116	60	151	1	1
68357334	た	た	115	60	151	1	1
67308759	た	た	113	60	151	1	1
60493016	た	た	102	60	151	1	1
56298713	た	た	94	60	151	1	1
56036570	た	た	94	60	151	1	1
52497627	た	た	88	60	151	1	1
50400476	た	た	85	60	151	1	1
49482973	た	た	83	60	151	1	1
40832222	た	た	68	60	151	1	1
32443615	た	た	54	60	151	1	1
28642528	た	た	48	60	151	1	1
26676449	た	た	44	60	151	1	1
26021090	た	た	43	60	151	1	1
23792867	た	た	40	60	151	1	1
20253924	た	た	34	60	151	1	1
18287845	た	た	30	60	151	1	1
2821350	た	た	4	60	151	1	1
2559207	た	た	4	60	151	1	1
855272	た	た	1	60	151	1	1
245959913	たい	たい	414	31	152	2	2
106040554	たい	対	178	202	68	2	1
105909483	たい	対	178	202	68	2	1
69537004	たい	たい	117	31	152	2	2
371854573	たいおう	対応	627	198	101	4	2
371723502	たいおう	対応	627	198	101	4	2
371592431	たいおう	対応	626	198	101	4	2
327683312	たいかい	大会	552	190	37	4	2
327552241	たいかい	大会	552	190	37	4	2
390335730	たいしょう	対象	658	190	37	5	2
390204659	たいしょう	対象	658	190	37	5	2
415763700	たいせつ	大切	701	200	121	4	2
415632629	たいせつ	大切	701	200	121	4	2
415501558	たいせつ	大切	700	200	121	4	2
105778423	たいせつ	大切	178	190	37	4	2
105647352	たいせつ	大切	178	190	37	4	2
105516281	たいせつ	大切	177	190	37	4	2
301337850	たいぷ	タイプ	508	198	101	3	3
301206779	たいぷ	タイプ	508	198	101	3	3
480906492	たいへん	大変	811	200	120	4	2
204606717	たえ	耐え	345	197	95	2	2
204475646	たえ	耐え	344	197	95	2	2
204344575	たおれ	倒れ	344	197	94	3	2
204213504	たおれ	倒れ	344	197	94	3	2
204082433	たおれ	倒れ	344	197	94	3	2
301075714	たか	高	507	199	76	2	1
300944643	たか	高	507	199	76	2	1
439880964	たかい	高い	741	199	152	3	2
105385221	たかく	高く	177	199	173	3	2
105254150	たかね	高値	177	190	37	3	2
105123079	たかね	高値	177	190	37	3	2
545328392	たくさん	たくさん	919	200	123	4	4
203951369	たくしー	タクシー	344	190	37	4	4
203820298	たくしー	タクシー	343	190	37	4	4
203689227	たくしー	タクシー	343	190	37	4	4
104992012	たこく	他国	177	190	37	3	2
104860941	たこく	他国	176	190	37	3	2
104729870	たさい	多彩	176	200	121	3	2
493358351	たしか	確か	832	200	123	3	2
203558160	たしか	たしか	343	200	120	3	3
398986513	たしょう	多少	673	193	63	4	2
347606290	たすう	多数	586	190	37	3	2
256249107	たすけ	助け	432	197	95	3	2
256118036	たすけ	助け	432	197	95	3	2
104598805	たずね	訪ね	176	197	95	3	2
104467734	たずね	訪ね	176	197	95	3	2
104336663	たずね	訪ね	175	197	95	3	2
557518104	ただ	ただ	940	193	58	2	2
104205593	ただし	ただし	175	196	67	3	3
288230682	たちば	立場	486	190	37	3	2
288099611	たちば	立場	485	190	37	3	2
287968540	たちば	立場	485	190	37	3	2
203427101	たっせい	達成	343	198	101	4	2
203296030	たっせい	達成	342	198	101	4	2
203164959	たっせい	達成	342	190	101	4	2
203033888	たっせい	達成	342	190	101	4	2
104074529	たつ	立つ	175	197	161	2	2
103943458	たつ	立つ	175	197	161	2	2
202902819	たて	立て	342	197	94	2	2
202771748	たて	立て	342	197	94	2	2
202640677	たて	縦	341	190	37	2	1
287837478	たてもの	建物	485	190	37	4	2
287706407	たてもの	建物	485	190	37	4	2
287575336	たてもの	建物	485	190	37	4	2
450497833	たとえば	例えば	759	196	67	4	3
103812394	たとえば	たとえば	175	196	67	4	4
202509611	たな	棚	341	190	37	2	1
202378540	たな	棚	341	190	37	2	1
202247469	たな	棚	341	190	37	2	1
255986990	たにん	他人	431	190	37	3	2
255855919	たにん	他人	431	190	37	3	2
255724848	たね	種	431	190	37	2	1
255593777	たね	種	431	190	37	2	1
427167026	たのしい	楽しい	720	199	152	4	3
415370547	たのしみ	楽しみ	700	200	120	4	3
103681332	たのしみ	楽しみ	174	197	162	4	3
255462709	たび	旅	430	198	101	2	1
255331638	たび	旅	430	198	101	2	1
255200567	たび	旅	430	198	101	2	1
390073656	たぶん	多分	657	193	63	3	2
389942585	たぶん	多分	657	193	63	3	2
327421242	たべ	食べ	552	197	95	2	2
103550267	たべて	食べて	174	197	206	3	3
202116412	たべもの	食べ物	340	190	37	4	3
201985341	たべもの	食べ物	340	190	37	4	3
201854270	たべもの	食べ物	340	190	37	4	3
103419199	たほう	他方	174	190	37	3	2
103288128	たほう	他方	174	190	37	3	2
103157057	たほう	他方	173	190	37	3	2
103025986	たまに	たまに	173	190	259	3	3
102894915	たよう	多様	173	200	120	3	2
102763844	たり	足り	173	197	94	2	2
102632773	たり	足り	173	197	94	2	2
201723206	たんじゅん	単純	340	200	120	5	2
201592135	たんじゅん	単純	340	200	120	5	2
102501704	たんじゅん	単純	172	190	37	5	2
102370633	たんじゅん	単純	172	190	37	5	2
102239562	たーげっと	ターゲット	172	190	37	5	5
102108491	たーげっと	ターゲット	172	190	37	5	5
101977420	たーげっと	ターゲット	172	190	37	5	5
586157389	だ	だ	988	5	131	1	1
546835790	だ	だ	922	14	131	1	1
510987599	だ	だ	861	14	131	1	1
434703696	だ	だ	733	14	131	1	1
425528657	だ	だ	717	5	131	1	1
415567186	だ	だ	700	5	131	1	1
415173971	だ	だ	700	5	131	1	1
377949524	だ	だ	637	14	131	1	1
366939477	だ	だ	618	14	131	1	1
338234710	だ	だ	570	5	131	1	1
324996439	だ	だ	548	14	131	1	1
324865368	だ	だ	547	14	131	1	1
322506073	だ	だ	543	14	131	1	1
313593178	だ	だ	528	5	131	1	1
296553819	だ	だ	500	14	131	1	1
291835228	だ	だ	492	14	131	1	1
223022429	だ	だ	376	5	131	1	1
194317662	だ	だ	327	5	131	1	1
187895135	だ	だ	316	14	131	1	1
169151840	だ	だ	285	61	151	1	1
162729313	だ	だ	274	61	151	1	1
125635938	だ	だ	211	14	131	1	1
116723043	だ	だ	196	61	151	1	1
105581924	だ	だ	178	5	131	1	1
101518693	だ	だ	171	5	131	1	1
99683686	だ	だ	168	5	131	1	1
81071463	だ	だ	136	5	131	1	1
79367528	だ	だ	133	61	151	1	1
73076073	だ	だ	123	14	131	1	1
69143914	だ	だ	116	61	151	1	1
67571051	だ	だ	113	61	151	1	1
29822316	だ	だ	50	14	131	1	1
18550125	だ	だ	31	14	131	1	1
11865454	だ	だ	20	61	151	1	1
499780975	だいがく	大学	843	190	37	4	2
439750000	だいじ	大事	741	200	121	3	2
439618929	だいじ	大事	741	200	121	3	2
101846386	だいじ	大事	171	190	37	3	2
101715315	だいじ	大事	171	190	37	3	2
415239540	だいじょうぶ	大丈夫	700	200	121	6	3
415108469	だいじょうぶ	大丈夫	700	200	121	6	3
101584246	だいじょうぶ	大丈夫	171	190	37	6	3
101453175	だいじょうぶ	大丈夫	171	190	37	6	3
471600504	だいたい	だいたい	795	193	63	4	4
101322105	だいぶぶん	大部分	170	190	37	5	3
101191034	だいぶぶん	大部分	170	190	37	5	3
101059963	だいぶぶん	大部分	170	190	37	5	3
100928892	だいぶぶん	大部分	170	190	37	5	3
100797821	だいりてん	代理店	170	190	37	5	3
100666750	だいりてん	代理店	169	190	37	5	3
550440319	だから	だから	928	196	67	3	3
255069568	だきょう	妥協	430	198	101	4	2
254938497	だきょう	妥協	430	198	101	4	2
201461122	だげき	打撃	339	198	101	3	2
100535683	ださ	出さ	169	197	165	2	2
381291908	だし	出し	643	190	37	2	2
100404613	だし	出し	169	197	164	2	2
100273542	だし	出し	169	197	164	2	2
100142471	だし	出し	168	197	162	2	2
371461512	だした	出した	626	197	151	3	3
371330441	だして	出して	626	197	180	3	3
100011402	だして	出して	168	197	206	3	3
254807435	だす	出す	429	197	161	2	2
99880332	だせ	出せ	168	197	141	2	2
99749261	だせ	出せ	168	197	141	2	2
544345486	だった	だった	918	5	151	3	3
254676367	だむ	ダム	429	190	37	2	2
254545296	だむ	ダム	429	190	37	2	2
439487889	だめ	ダメ	741	200	120	2	2
338169234	だめ	だめ	570	190	120	2	2
338038163	だめ	だめ	570	190	120	2	2
99618196	だめ	だめ	168	190	37	2	2
99487125	だめ	だめ	167	190	37	2	2
537202070	だれ	誰	906	191	42	2	1
537070999	だれ	誰	905	191	42	2	1
414977432	だれ	だれ	699	190	42	2	2
414846361	だれ	だれ	699	190	42	2	2
254414234	だんかい	段階	429	221	80	4	2
254283163	だんかい	段階	428	221	80	4	2
254152092	だんかい	段階	428	190	37	4	2
254021021	だんかい	段階	428	190	37	4	2
389811614	だんじょ	男女	657	190	41	4	2
480775583	だんせい	男性	810	190	37	4	2
480644512	だんせい	男性	810	190	37	4	2
480513441	だんせい	男性	810	190	37	4	2
398855586	だんたい	団体	672	190	37	4	2
398724515	だんたい	団体	672	190	37	4	2
253889956	ちあん	治安	428	190	37	3	2
201330085	ちい	地位	339	190	37	2	2
201199014	ちい	地位	339	190	37	2	2
522390951	ちいき	地域	881	190	37	3	2
522259880	ちいき	地域	880	190	37	3	2
389680553	ちいさい	小さい	657	199	152	4	3
99356074	ちぇこ	チェコ	167	190	37	3	3
439356843	ちぇっく	チェック	741	198	101	4	4
439225772	ちぇっく	チェック	740	198	101	4	4
253758893	ちえ	知恵	428	190	37	2	2
253627822	ちえ	知恵	427	190	37	2	2
180751791	ちか	近	304	199	76	2	1
180620720	ちか	近	304	199	76	2	1
463474097	ちかい	近い	781	199	152	3	2
450366898	ちかく	近く	759	199	173	3	2
450235827	ちかく	近く	759	199	173	3	2
550309300	ちから	力	928	190	37	3	1
550178229	ちから	力	928	190	37	3	1
414715318	ちがい	違い	699	190	37	3	2
414584247	ちがい	違い	699	190	37	3	2
414453176	ちがい	違い	699	190	37	3	2
389549497	ちきゅう	地球	657	190	37	4	2
300813754	ちく	地区	507	190	37	2	2
300682683	ちく	地区	507	190	37	2	2
480382396	ちしき	知識	810	190	37	3	2
480251325	ちしき	知識	810	190	37	3	2
253496766	ちじょう	地上	427	190	37	4	2
253365695	ちじょう	地上	427	190	37	4	2
253234624	ちじん	知人	427	190	41	3	2
253103553	ちじん	知人	426	190	41	3	2
252972482	ちじん	知人	426	190	41	3	2
252841411	ちず	地図	426	190	37	2	2
252710340	ちず	地図	426	190	37	2	2
99225029	ちたい	地帯	167	190	37	3	2
99093958	ちたい	地帯	167	190	37	3	2
98962887	ちたい	地帯	166	190	37	3	2
536939976	ちち	父	905	191	42	2	1
536808905	ちち	父	905	191	42	2	1
536677834	ちち	父	905	191	42	2	1
363072971	ちちおや	父親	612	190	37	4	2
362941900	ちちおや	父親	612	190	37	4	2
362810829	ちちおや	父親	611	190	37	4	2
98831822	ちっぷ	チップ	166	198	101	3	3
98700751	ちっぷ	チップ	166	198	101	3	3
98569680	ちつじょ	秩序	166	190	37	4	2
98438609	ちつじょ	秩序	166	190	37	4	2
98307538	ちつじょ	秩序	165	190	37	4	2
252579283	ちてき	知的	426	200	120	3	2
545197524	ちなみに	ちなみに	919	196	67	4	4
98176469	ちばけん	千葉県	165	190	37	4	3
499650006	ちほう	地方	842	190	37	3	2
471469527	ちゃんす	チャンス	795	190	37	4	4
471338456	ちゃんす	チャンス	795	190	37	4	4
471207385	ちゃんす	チャンス	794	190	37	4	4
578489818	ちゅうい	注意	975	190	101	4	2
578358747	ちゅうい	注意	975	198	101	4	2
347475420	ちゅうごく	中国	586	190	37	5	2
300551645	ちゅうしゃじょう	駐車場	506	190	37	8	3
300420574	ちゅうしゃじょう	駐車場	506	190	37	8	3
300289503	ちゅうしゃじょう	駐車場	506	190	37	8	3
566169056	ちゅうしん	中心	955	190	37	5	2
566037985	ちゅうしん	中心	954	190	37	5	2
450104802	ちゅうもく	注目	759	198	101	5	2
449973731	ちゅうもく	注目	759	198	101	5	2
427036132	ちゅうもん	注文	720	198	101	5	2
426905061	ちゅうもん	注文	720	198	101	5	2
439094758	ちょうさ	調査	740	198	101	4	2
389418471	ちょうし	調子	656	190	37	4	2
389287400	ちょうし	調子	656	190	37	4	2
389156329	ちょうし	調子	656	190	37	4	2
347344362	ちょうせい	調整	585	198	101	5	2
347213291	ちょうせい	調整	585	198	101	5	2
300158444	ちょうせん	挑戦	506	198	101	5	2
300027373	ちょうせん	挑戦	506	198	101	5	2
299896302	ちょうせん	挑戦	505	198	101	5	2
499518959	ちょうど	ちょうど	842	193	61	4	4
311430640	ちょくご	直後	525	190	37	4	2
311299569	ちょくご	直後	525	190	37	4	2
311168498	ちょくご	直後	524	190	37	4	2
311037427	ちょくご	直後	524	190	37	4	2
371199476	ちょくせん	直線	626	190	37	5	2
585436661	ちょっと	ちょっと	987	193	63	4	4
98045430	ちり	チリ	165	190	37	2	2
97914359	ちり	チリ	165	190	37	2	2
287444472	ちりょう	治療	484	198	101	4	2
287313401	ちりょう	治療	484	198	101	4	2
287182330	ちりょう	治療	484	198	101	4	2
252448251	ちんぎん	賃金	425	190	37	4	2
252317180	ちんぎん	賃金	425	190	37	4	2
252186109	ちんぎん	賃金	425	190	37	4	2
426774014	ちーむ	チーム	719	190	37	3	3
426642943	ちーむ	チーム	719	190	37	3	3
426511872	ちーむ	チーム	719	190	37	3	3
426380801	ちーむ	チーム	719	190	37	3	3
438963714	つあー	ツアー	740	198	101	3	3
438832643	つあー	ツアー	740	198	101	3	3
97783300	つい	つい	164	197	164	2	2
97652229	つい	つい	164	197	164	2	2
398593542	ついか	追加	672	198	101	3	2
550047239	ついたち	１日	927	190	37	4	2
549916168	ついたち	１日	927	190	37	4	2
549785097	ついたち	１日	927	190	37	4	2
201068042	つうか	通貨	339	190	37	3	2
200936971	つうか	通貨	338	190	37	3	2
97521164	つうか	通過	164	198	101	3	2
97390093	つうか	通過	164	198	101	3	2
319688206	つうじ	通じ	539	197	94	3	2
561188367	つうじょう	通常	946	190	37	5	2
561057296	つうじょう	通常	946	190	37	5	2
347082257	つかい	使い	585	190	37	3	2
97259026	つかい	使い	164	197	162	3	2
438701587	つかいかた	使い方	739	190	37	5	3
438570516	つかいかた	使い方	739	190	37	5	3
438439445	つかいかた	使い方	739	190	37	5	3
438308374	つかいかた	使い方	739	190	37	5	3
371068439	つかう	使う	625	197	161	3	2
97127960	つかえ	使え	163	197	141	3	2
96996889	つかえ	使え	163	197	141	3	2
96865818	つかっ	使っ	163	197	164	3	2
96734747	つかっ	使っ	163	197	164	3	2
404622876	つかって	使って	682	197	180	4	3
404491805	つかって	使って	682	197	180	4	3
96603678	つかって	使って	162	197	206	4	3
96472607	つかって	使って	162	197	206	4	3
362679840	つかれ	疲れ	611	197	94	3	2
362548769	つかれ	疲れ	611	197	94	3	2
480120354	つき	月	809	190	37	2	1
96341539	つき	つき	162	197	162	2	2
96210468	つき	つき	162	197	94	2	2
581897765	つぎ	次	981	190	37	2	1
581766694	つぎ	次	981	190	37	2	1
499387943	つぎつぎ	次々	842	193	61	4	2
499256872	つぎつぎ	次々	842	193	61	4	2
346951209	つくえ	机	585	190	37	3	1
346820138	つくえ	机	585	190	37	3	1
346689067	つくえ	机	584	190	37	3	1
96079404	つくっ	作っ	162	197	164	3	2
95948333	つくっ	作っ	161	197	164	3	2
414322222	つくった	作った	698	197	151	4	3
426249775	つくって	作って	718	197	180	4	3
95817264	つくって	作って	161	197	206	4	3
310906417	つけ	付け	524	197	95	2	2
310775346	つけ	付け	524	197	95	2	2
95686195	つけ	つけ	161	197	95	2	2
95555124	つけ	つけ	161	197	95	2	2
95424053	つけ	つけ	160	197	95	2	2
95292982	つけ	つけ	160	197	141	2	2
95161911	つけ	つけ	160	197	141	2	2
95030840	つけ	つけ	160	197	141	2	2
94899769	つけ	付け	160	197	141	2	2
94768698	つけ	付け	159	197	141	2	2
398462523	つごう	都合	672	198	101	3	2
398331452	つごう	都合	671	198	101	3	2
398200381	つごう	都合	671	198	101	3	2
346558014	つたえ	伝え	584	197	95	3	2
346426943	つたえ	伝え	584	197	95	3	2
346295872	つたえ	伝え	584	197	95	3	2
346164801	つたえ	伝え	583	197	95	3	2
346033730	つたえ	伝え	583	197	95	3	2
94637635	つたえ	伝え	159	197	141	3	2
94506564	つたえ	伝え	159	197	141	3	2
94375493	つたえ	伝え	159	197	141	3	2
94244422	つたえ	伝え	158	197	141	3	2
94113351	つたえ	伝え	158	197	141	3	2
200805960	つたえて	伝えて	338	197	180	4	3
93982281	つたわっ	伝わっ	158	197	164	4	3
93851210	つたわっ	伝わっ	158	197	164	4	3
370937419	つち	土	625	190	37	2	1
370806348	つち	土	625	190	37	2	1
370675277	つち	土	625	190	37	2	1
93720142	つづい	続い	158	197	164	3	2
93589071	つづい	続い	157	197	164	3	2
252055120	つづき	続き	425	200	120	3	2
251924049	つづき	続き	424	200	120	3	2
200674898	つづく	続く	338	197	161	3	2
200543827	つづく	続く	338	197	161	3	2
93458004	つづけ	続け	157	197	141	3	2
93326933	つづけ	続け	157	197	141	3	2
93195862	つづけ	続け	157	197	141	3	2
93064791	つづけ	続け	156	197	94	3	2
92933720	つづけ	続け	156	197	94	3	2
92802649	つづけ	続け	156	197	94	3	2
92671578	つとめ	努め	156	197	95	3	2
92540507	つとめ	努め	156	197	95	3	2
92409436	つとめ	努め	155	197	95	3	2
92278365	つとめ	努め	155	197	95	3	2
92147294	つとめ	務め	155	197	95	3	2
92016223	つとめ	務め	155	197	95	3	2
91885152	つとめ	務め	154	197	95	3	2
91754081	つとめ	務め	154	197	95	3	2
91623010	つとめ	勤め	154	197	95	3	2
91491939	つとめ	勤め	154	197	95	3	2
91360868	つとめ	勤め	154	197	95	3	2
251792997	つばさ	翼	424	190	37	3	1
251661926	つばさ	翼	424	190	37	3	1
251530855	つばさ	翼	424	190	37	3	1
251399784	つばさ	翼	424	190	37	3	1
514723433	つま	妻	868	190	37	2	1
514592362	つま	妻	868	190	37	2	1
514461291	つま	妻	867	190	37	2	1
514330220	つま	妻	867	190	37	2	1
514199149	つま	妻	867	190	37	2	1
576654958	つまり	つまり	972	193	58	3	3
91229807	つみかさね	積み重ね	153	197	95	5	4
91098736	つみかさね	積み重ね	153	197	95	5	4
200412785	つめ	詰め	338	197	95	2	2
200281714	つめ	詰め	337	197	95	2	2
310644339	つゆ	梅雨	523	190	37	2	2
90967668	つよ	強	153	199	78	2	1
90836597	つよ	強	153	199	78	2	1
514068086	つよい	強い	867	199	152	3	2
90705527	つよく	強く	152	199	173	3	2
90574456	つよさ	強さ	152	199	282	3	2
90443385	つよさ	強さ	152	199	282	3	2
251268730	つらい	つらい	423	199	152	3	3
327290491	つり	釣り	552	190	37	2	2
327159420	つり	釣り	551	190	37	2	2
299765373	つれ	連れ	505	197	94	2	2
90312318	つれ	つれ	152	197	94	2	2
90181247	つれ	つれ	152	197	94	2	2
389025408	つーる	ツール	656	190	37	3	3
388894337	つーる	ツール	655	190	37	3	3
388763266	つーる	ツール	655	190	37	3	3
388632195	づくり	づくり	655	201	101	3	3
388501124	づくり	づくり	655	201	101	3	3
388370053	づくり	づくり	655	201	101	3	3
588779142	て	て	993	117	206	1	1
579210887	て	て	977	117	206	1	1
578817672	て	て	976	117	206	1	1
565055113	て	て	953	117	206	1	1
534515338	て	て	901	117	206	1	1
520621707	て	て	878	117	206	1	1
509546124	て	て	859	117	206	1	1
499191437	て	て	842	117	206	1	1
483069582	て	て	814	117	206	1	1
475074191	て	て	801	117	206	1	1
460394128	て	て	776	117	206	1	1
438177425	て	手	739	49	39	1	1
435752594	て	て	735	117	206	1	1
400756371	て	て	675	117	206	1	1
393547412	て	て	663	117	206	1	1
376114837	て	て	634	117	206	1	1
374279830	て	て	631	117	206	1	1
369430167	て	て	623	117	206	1	1
362745496	て	て	611	117	206	1	1
346361497	て	て	584	117	206	1	1
343608986	て	て	579	117	206	1	1
341905051	て	て	576	117	206	1	1
336400028	て	て	567	117	206	1	1
335482525	て	て	565	117	206	1	1
327487134	て	て	552	117	206	1	1
319753887	て	て	539	117	206	1	1
318836384	て	て	537	117	206	1	1
318443169	て	て	537	117	206	1	1
317918882	て	て	536	117	206	1	1
316346019	て	て	533	117	206	1	1
315690660	て	て	532	117	206	1	1
310972069	て	て	524	117	206	1	1
307826342	て	て	519	117	206	1	1
306646695	て	て	517	117	206	1	1
299830952	て	て	505	117	206	1	1
298127017	て	て	502	117	206	1	1
297471658	て	て	501	117	206	1	1
295636651	て	て	498	117	206	1	1
283709100	て	て	478	117	206	1	1
282660525	て	て	476	117	206	1	1
277679790	て	て	468	117	206	1	1
276631215	て	て	466	117	206	1	1
275451568	て	て	464	117	206	1	1
269553329	て	て	454	117	206	1	1
267849394	て	て	451	117	206	1	1
266014387	て	て	448	117	206	1	1
265883316	て	て	448	117	206	1	1
265359029	て	て	447	117	206	1	1
265096886	て	て	447	117	206	1	1
258150071	て	て	435	117	206	1	1
257494712	て	て	434	117	206	1	1
256708281	て	て	433	117	206	1	1
256315066	て	て	432	117	206	1	1
247664315	て	て	417	117	206	1	1
244256444	て	て	412	117	206	1	1
239668925	て	て	404	117	206	1	1
237047486	て	て	399	117	206	1	1
233508543	て	て	393	117	206	1	1
232722112	て	て	392	117	206	1	1
231280321	て	て	390	117	206	1	1
226823874	て	て	382	117	206	1	1
218304195	て	て	368	117	206	1	1
216731332	て	て	365	117	206	1	1
207294149	て	て	349	117	206	1	1
204934854	て	て	345	117	206	1	1
204672711	て	て	345	117	206	1	1
204279496	て	て	344	117	206	1	1
202968777	て	て	342	117	206	1	1
200478410	て	て	338	117	206	1	1
197988043	て	て	333	117	206	1	1
194973388	て	て	328	117	206	1	1
189075149	て	て	318	117	206	1	1
187240142	て	て	315	117	206	1	1
186453711	て	て	314	117	206	1	1
184094416	て	て	310	117	206	1	1
182914769	て	て	308	117	206	1	1
182521554	て	て	307	117	206	1	1
181866195	て	て	306	117	206	1	1
178982612	て	て	301	117	206	1	1
178589397	て	て	301	117	206	1	1
177934038	て	て	300	117	206	1	1
177409751	て	て	299	117	206	1	1
176754392	て	て	298	117	206	1	1
176492249	て	て	297	117	206	1	1
176230106	て	て	297	117	206	1	1
173084379	て	て	291	117	206	1	1
172953308	て	て	291	117	206	1	1
169676509	て	て	286	117	206	1	1
168759006	て	て	284	117	206	1	1
166923999	て	て	281	117	206	1	1
165220064	て	て	278	117	206	1	1
164695777	て	て	277	117	206	1	1
164040418	て	て	276	117	206	1	1
163647203	て	て	276	117	206	1	1
161025764	て	て	271	117	206	1	1
159977189	て	て	269	117	206	1	1
159059686	て	て	268	117	206	1	1
158535399	て	て	267	117	206	1	1
157880040	て	て	266	117	206	1	1
157486825	て	て	265	117	206	1	1
157224682	て	て	265	117	206	1	1
154341099	て	て	260	117	206	1	1
152768236	て	て	257	117	206	1	1
152506093	て	て	257	117	206	1	1
151981806	て	て	256	117	206	1	1
151719663	て	て	255	117	206	1	1
149622512	て	て	252	117	206	1	1
148049649	て	て	249	117	206	1	1
140971762	て	て	237	117	206	1	1
140578547	て	て	237	117	206	1	1
130486004	て	て	220	117	206	1	1
127602421	て	て	215	117	206	1	1
127209206	て	て	214	117	206	1	1
123014903	て	て	207	117	206	1	1
115412728	て	て	194	117	206	1	1
111873785	て	て	188	117	206	1	1
111480570	て	て	188	117	206	1	1
109252347	て	て	184	117	206	1	1
108728060	て	て	183	117	206	1	1
104533757	て	て	176	117	206	1	1
100339454	て	て	169	117	206	1	1
97849087	て	て	165	117	206	1	1
96931584	て	て	163	117	206	1	1
96014081	て	て	161	117	206	1	1
95751938	て	て	161	117	206	1	1
95358723	て	て	160	117	206	1	1
94965508	て	て	160	117	206	1	1
94441221	て	て	159	117	206	1	1
94048006	て	て	158	117	206	1	1
93785863	て	て	158	117	206	1	1
93523720	て	て	157	117	206	1	1
93130505	て	て	157	117	206	1	1
92737290	て	て	156	117	206	1	1
92081931	て	て	155	117	206	1	1
91688716	て	て	154	117	206	1	1
91295501	て	て	153	117	206	1	1
90377998	て	て	152	117	206	1	1
88542991	て	て	149	117	206	1	1
80678672	て	て	136	117	206	1	1
80154385	て	て	135	117	206	1	1
74911506	て	て	126	117	206	1	1
74518291	て	て	125	117	206	1	1
71503636	て	て	120	117	206	1	1
70979349	て	て	119	117	206	1	1
70455062	て	て	118	117	206	1	1
69013271	て	て	116	117	206	1	1
68488984	て	て	115	117	206	1	1
68226841	て	て	115	117	206	1	1
67440410	て	て	113	117	206	1	1
65736475	て	て	110	117	206	1	1
60624668	て	て	102	117	206	1	1
56168221	て	て	94	117	206	1	1
55906078	て	て	94	117	206	1	1
52629279	て	て	88	117	206	1	1
50532128	て	て	85	117	206	1	1
49614625	て	て	83	117	206	1	1
40963874	て	て	69	117	206	1	1
32968483	て	て	55	117	206	1	1
32575268	て	て	54	117	206	1	1
29167397	て	て	49	117	206	1	1
28380966	て	て	47	117	206	1	1
26808103	て	て	45	117	206	1	1
26152744	て	て	44	117	206	1	1
23662377	て	て	39	117	206	1	1
20516650	て	て	34	117	206	1	1
20385579	て	て	34	117	206	1	1
18419500	て	て	31	117	206	1	1
17895213	て	て	30	117	206	1	1
17633070	て	て	29	117	206	1	1
2690863	て	て	4	117	206	1	1
2428720	て	て	4	117	206	1	1
724785	て	て	1	117	206	1	1
251137842	てあし	手足	423	190	37	3	2
251006771	てあし	手足	423	190	37	3	2
250875700	てあし	手足	423	190	37	3	2
250744629	てあし	手足	422	190	37	3	2
250613558	てあし	手足	422	190	37	3	2
90050359	てあて	手当て	151	198	101	3	3
89919288	てあて	手当て	151	198	101	3	3
299634489	ていあん	提案	505	198	101	4	2
299503418	ていあん	提案	505	198	101	4	2
493227835	ていきょう	提供	831	198	101	5	2
493096764	ていきょう	提供	831	198	101	5	2
319557437	てがみ	手紙	539	190	37	3	2
319426366	てがみ	手紙	538	190	37	3	2
250482495	てき	敵	422	190	37	2	1
345902912	てきすと	テキスト	583	190	37	4	4
200150849	てきせつ	適切	337	200	120	4	2
200019778	てきせつ	適切	337	200	120	4	2
199888707	てきとう	適当	337	198	101	4	2
89788228	てくのろじー	テクノロジー	151	190	37	6	6
89657157	てくのろじー	テクノロジー	151	190	37	6	6
89526086	てじゅん	手順	151	190	37	4	2
89395015	てじゅん	手順	150	190	37	4	2
89263944	てじゅん	手順	150	190	37	4	2
199757641	てすうりょう	手数料	336	190	37	6	3
199626570	てすうりょう	手数料	336	190	37	6	3
404361035	てすと	テスト	682	198	101	3	3
250351436	てってい	徹底	422	198	101	4	2
250220365	てってい	徹底	422	198	101	4	2
89132878	てっていてき	徹底的	150	200	120	6	3
89001807	てっていてき	徹底的	150	200	120	6	3
287051600	てつづき	手続き	484	198	101	4	3
286920529	てつどう	鉄道	483	190	37	4	2
97718098	ては	ては	164	117	224	2	2
250089299	てはい	手配	421	198	101	3	2
249958228	てま	手間	421	190	37	2	2
249827157	てま	手間	421	190	37	2	2
249696086	てら	寺	421	190	37	2	1
249565015	てら	寺	420	190	37	2	1
536547160	てれび	テレビ	905	190	37	3	3
381161305	てん	点	642	222	80	2	1
381030234	てん	点	642	222	80	2	1
492965723	てんかい	展開	831	198	101	4	2
492834652	てんかい	展開	831	198	101	4	2
404229981	てんき	天気	681	190	37	3	2
370544478	てんぽ	店舗	625	190	37	3	2
370413407	てんぽ	店舗	624	190	37	3	2
370282336	てーぶる	テーブル	624	190	37	4	4
370151265	てーぶる	テーブル	624	190	37	4	4
370020194	てーぶる	テーブル	624	190	37	4	4
249433955	てーぷ	テープ	420	190	37	3	3
249302884	てーぷ	テープ	420	190	37	3	3
463343461	てーま	テーマ	781	190	37	3	3
463212390	てーま	テーマ	781	190	37	3	3
587861863	で	で	991	118	255	1	1
587337576	で	で	990	118	255	1	1
585371497	で	で	987	118	255	1	1
584847210	で	で	986	118	255	1	1
577507179	で	で	974	118	255	1	1
573443948	で	で	967	118	255	1	1
571084653	で	で	963	118	255	1	1
565317486	で	で	953	118	255	1	1
564268911	で	で	951	118	255	1	1
562958192	で	で	949	118	255	1	1
560729969	で	で	945	118	255	1	1
559943538	で	で	944	118	255	1	1
558370675	で	で	941	118	255	1	1
557846388	で	で	940	118	255	1	1
557715317	で	で	940	118	255	1	1
553127798	で	で	933	118	255	1	1
551292791	で	で	929	118	255	1	1
548540280	で	で	925	118	255	1	1
543952761	で	で	917	118	255	1	1
541200250	で	で	912	118	255	1	1
535433083	で	で	903	118	255	1	1
532811644	で	で	898	118	255	1	1
529403773	で	で	892	118	255	1	1
526913406	で	で	888	118	255	1	1
522588031	で	で	881	118	255	1	1
517672832	で	で	873	118	255	1	1
515182465	で	で	869	118	255	1	1
505483138	で	で	852	118	255	1	1
503517059	で	で	849	118	255	1	1
499126148	で	出	841	197	95	1	1
498995077	で	出	841	197	95	1	1
496570246	で	で	837	118	255	1	1
496045959	で	で	836	118	255	1	1
486608776	で	で	820	118	255	1	1
481496969	で	で	812	118	255	1	1
477433738	で	で	805	118	255	1	1
475860875	で	で	802	118	255	1	1
469176204	で	で	791	118	255	1	1
458690445	で	で	773	118	255	1	1
446631822	で	で	753	118	255	1	1
433262479	で	で	730	118	255	1	1
432344976	で	で	729	118	255	1	1
428674961	で	で	723	118	255	1	1
423956370	で	で	715	118	255	1	1
416354195	で	で	702	118	255	1	1
413994900	で	で	698	118	255	1	1
412290965	で	で	695	118	255	1	1
402722710	で	で	679	118	255	1	1
398266263	で	で	671	118	255	1	1
389353368	で	で	656	118	255	1	1
383979417	で	で	647	118	255	1	1
381620122	で	で	643	118	255	1	1
381226907	で	で	643	118	255	1	1
379785116	で	で	640	118	255	1	1
378867613	で	で	639	118	255	1	1
377163678	で	で	636	118	255	1	1
376377247	で	で	634	118	255	1	1
373886880	で	で	630	118	255	1	1
372576161	で	で	628	118	255	1	1
367726498	で	で	620	118	255	1	1
367333283	で	で	619	118	255	1	1
365629348	で	で	616	118	255	1	1
362221477	で	で	610	118	255	1	1
360648614	で	で	608	118	255	1	1
343216039	で	で	578	118	255	1	1
340594600	で	で	574	118	255	1	1
340070313	で	で	573	118	255	1	1
339677098	で	で	572	118	255	1	1
337055659	で	で	568	118	255	1	1
335744940	で	で	566	118	255	1	1
332861357	で	で	561	118	255	1	1
328273838	で	で	553	118	255	1	1
327880623	で	で	553	118	255	1	1
327618480	で	で	552	118	255	1	1
326569905	で	で	550	118	255	1	1
326176690	で	で	550	118	255	1	1
323817395	で	で	546	118	255	1	1
316739508	で	で	534	118	255	1	1
309792693	で	で	522	118	255	1	1
300486582	で	で	506	118	255	1	1
293015479	で	で	494	118	255	1	1
292753336	で	で	493	118	255	1	1
289607609	で	で	488	118	255	1	1
288952250	で	で	487	118	255	1	1
286855099	で	で	483	118	255	1	1
284495804	で	で	479	118	255	1	1
266538941	で	で	449	118	255	1	1
261689278	で	で	441	118	255	1	1
261296063	で	で	440	118	255	1	1
259329984	で	で	437	118	255	1	1
256970689	で	で	433	118	255	1	1
254480322	で	で	429	118	255	1	1
254218179	で	で	428	118	255	1	1
242814916	で	で	409	118	255	1	1
232329157	で	で	391	118	255	1	1
228790214	で	で	385	118	255	1	1
227741639	で	で	384	118	255	1	1
223678408	で	で	377	118	255	1	1
222760905	で	で	375	118	255	1	1
212144074	で	で	357	118	255	1	1
203755467	で	で	343	118	255	1	1
191565772	で	で	323	118	255	1	1
191172557	で	で	322	118	255	1	1
185143246	で	で	312	118	255	1	1
180424655	で	で	304	118	255	1	1
178196432	で	で	300	119	206	1	1
177016785	で	で	298	118	255	1	1
169807826	で	で	286	118	255	1	1
169283539	で	で	285	119	206	1	1
162598868	で	で	274	119	206	1	1
161681365	で	で	272	118	255	1	1
156176342	で	で	263	118	255	1	1
153685975	で	で	259	118	255	1	1
147132376	で	で	248	118	255	1	1
146870233	で	で	247	118	255	1	1
143593434	で	で	242	118	255	1	1
135860187	で	で	229	118	255	1	1
116854748	で	で	197	119	206	1	1
115150813	で	で	194	119	206	1	1
114364382	で	で	192	118	255	1	1
112922591	で	で	190	118	255	1	1
110432224	で	で	186	118	255	1	1
105189345	で	で	177	118	255	1	1
99028962	で	で	167	118	255	1	1
85004259	で	で	143	118	255	1	1
80941028	で	で	136	5	136	1	1
80285669	で	で	135	118	255	1	1
79499238	で	で	134	119	206	1	1
69275623	で	で	116	119	206	1	1
67702760	で	で	114	119	206	1	1
61542377	で	で	103	118	255	1	1
59576298	で	で	100	118	255	1	1
58134507	で	で	98	118	255	1	1
54333420	で	で	91	118	255	1	1
51580909	で	で	86	118	255	1	1
50925550	で	で	85	118	255	1	1
48959471	で	で	82	118	255	1	1
42536944	で	で	71	118	255	1	1
39915505	で	で	67	118	255	1	1
37687282	で	で	63	118	255	1	1
35721203	で	で	60	118	255	1	1
33886196	で	で	57	118	255	1	1
31657973	で	で	53	5	136	1	1
19075062	で	で	32	118	255	1	1
16977911	で	で	28	118	255	1	1
11997176	で	で	20	119	206	1	1
6230009	で	で	10	118	255	1	1
2953210	で	で	4	118	255	1	1
463081467	であい	出会い	781	190	37	3	3
462950396	であい	出会い	780	190	37	3	3
462819325	であい	出会い	780	190	37	3	3
462688254	であい	出会い	780	190	37	3	3
88870911	でいり	出入り	149	198	101	3	3
88739840	でいり	出入り	149	198	101	3	3
88608769	でかけ	出かけ	149	197	95	3	3
88477698	でかけ	出かけ	149	197	95	3	3
88346627	でかけ	出かけ	149	197	95	3	3
479989764	でき	出来	809	197	94	2	2
88215557	でき	でき	148	197	94	2	2
88084486	でき	でき	148	197	94	2	2
426119175	できごと	出来事	718	190	37	4	3
425988104	できごと	出来事	718	190	37	4	3
425857033	できごと	出来事	718	190	37	4	3
87953418	できた	できた	148	197	151	3	3
87822347	できだか	出来高	148	190	37	4	3
87691276	できだか	出来高	147	190	37	4	3
87560205	できて	できて	147	197	180	3	3
471076878	できる	できる	794	197	161	3	3
87429135	できる	出来る	147	197	161	3	3
87298064	できる	出来る	147	197	161	3	3
87166993	でざいなー	デザイナー	147	190	37	5	5
87035922	でざいなー	デザイナー	146	190	37	5	5
438046739	でざいん	デザイン	738	198	101	4	4
437915668	でざいん	デザイン	738	198	101	4	4
415305749	です	です	700	71	138	2	2
101650454	です	です	171	71	138	2	2
455806999	ですか	ですか	768	71	230	3	3
86904856	でた	出た	146	197	151	2	2
398069785	でて	出て	671	197	180	2	2
397938714	でて	出て	671	197	180	2	2
86773787	でて	でて	146	197	206	2	2
86642716	でて	でて	146	197	206	2	2
86511645	でて	でて	145	197	206	2	2
86380574	でて	出て	145	197	206	2	2
86249503	でて	出て	145	197	206	2	2
249172000	でない	出ない	420	197	155	3	3
249040929	でない	出ない	420	197	155	3	3
580128802	では	では	978	118	224	2	2
531632163	では	では	896	118	224	2	2
518590500	では	では	874	118	224	2	2
489623589	では	では	825	118	224	2	2
322637862	では	では	544	118	224	2	2
289476647	では	では	488	118	224	2	2
199299112	では	では	336	118	224	2	2
132845609	では	では	224	118	224	2	2
103223338	では	では	174	118	224	2	2
82776107	では	では	139	118	224	2	2
319295532	でぱーと	デパート	538	190	37	4	4
319164461	でぱーと	デパート	538	190	37	4	4
248909870	でむかえ	出迎え	419	197	94	4	3
248778799	でむかえ	出迎え	419	197	94	4	3
550899760	でも	でも	929	120	221	2	2
408358961	でも	でも	688	120	221	2	2
86118450	でも	デモ	145	198	101	2	2
85987379	でも	デモ	145	198	101	2	2
345772084	でる	出る	583	197	161	2	2
345641013	でる	出る	583	197	161	2	2
337907766	でんげん	電源	569	190	37	4	2
437784631	でんしゃ	電車	738	190	37	4	2
437653560	でんしゃ	電車	738	190	37	4	2
437522489	でんしゃ	電車	738	190	37	4	2
345509946	でんとう	伝統	582	190	37	4	2
506335291	でんわ	電話	854	198	101	3	2
506204220	でんわ	電話	853	198	101	3	2
506073149	でんわ	電話	853	198	101	3	2
505942078	でんわ	電話	853	198	101	3	2
505811007	でんわ	電話	853	198	101	3	2
505679936	でんわ	電話	852	198	101	3	2
505548865	でんわ	電話	852	198	101	3	2
513937474	でーた	データ	866	190	37	3	3
513806403	でーた	データ	866	190	37	3	3
85856324	でーたべーす	データベース	144	190	37	6	6
85725253	でーたべーす	データベース	144	190	37	6	6
590614598	と	と	996	122	251	1	1
586682439	と	と	989	122	251	1	1
584061000	と	と	985	122	251	1	1
576458825	と	と	972	122	251	1	1
576065610	と	と	971	121	250	1	1
566104139	と	と	954	122	251	1	1
555094092	と	と	936	122	251	1	1
526258253	と	と	887	123	252	1	1
514527310	と	と	867	123	252	1	1
503648335	と	と	849	123	252	1	1
499454032	と	と	842	121	250	1	1
498798673	と	と	841	121	250	1	1
485822546	と	と	819	122	251	1	1
484642899	と	と	817	123	252	1	1
469569620	と	と	792	123	252	1	1
464064597	と	と	782	121	250	1	1
463278166	と	と	781	122	251	1	1
459870295	と	と	775	123	252	1	1
458952792	と	と	774	122	251	1	1
448991321	と	と	757	121	250	1	1
448729178	と	と	756	121	250	1	1
446369883	と	と	752	122	251	1	1
425660508	と	と	717	122	251	1	1
425267293	と	と	717	121	250	1	1
423432286	と	と	714	122	251	1	1
411111519	と	と	693	123	252	1	1
401674336	と	と	677	123	252	1	1
400232545	と	と	675	122	251	1	1
397611106	と	と	670	123	252	1	1
390402147	と	と	658	122	251	1	1
389091428	と	と	656	123	252	1	1
382537829	と	と	645	121	250	1	1
367988838	と	と	620	121	250	1	1
366415975	と	と	618	122	251	1	1
363925608	と	と	613	123	252	1	1
345706601	と	と	583	123	252	1	1
338366570	と	と	570	123	252	1	1
332337259	と	と	560	123	252	1	1
313462892	と	と	528	122	251	1	1
309530733	と	と	522	122	251	1	1
297734254	と	と	502	121	250	1	1
294326383	と	と	496	122	251	1	1
275976304	と	と	465	122	251	1	1
272044145	と	と	458	121	250	1	1
250810482	と	と	423	123	252	1	1
249106547	と	と	420	123	252	1	1
238227572	と	と	401	122	251	1	1
235737205	と	と	397	123	252	1	1
234295414	と	と	395	121	250	1	1
225513591	と	と	380	122	251	1	1
223809656	と	と	377	122	251	1	1
221057145	と	と	372	123	252	1	1
200609914	と	と	338	121	250	1	1
198250619	と	と	334	122	251	1	1
186716284	と	と	314	123	252	1	1
175050877	と	と	295	123	252	1	1
174395518	と	と	294	123	252	1	1
174264447	と	と	293	121	250	1	1
170463360	と	と	287	121	250	1	1
166269057	と	と	280	122	251	1	1
149885058	と	と	252	122	251	1	1
144904323	と	と	244	123	252	1	1
136777860	と	と	230	122	251	1	1
135729285	と	と	228	122	251	1	1
129175686	と	と	217	123	252	1	1
127996039	と	と	215	122	251	1	1
123670664	と	と	208	122	251	1	1
122097801	と	と	205	123	252	1	1
112660618	と	と	190	122	251	1	1
110039179	と	と	185	122	251	1	1
106238092	と	と	179	121	250	1	1
104009869	と	と	175	121	250	1	1
102305934	と	と	172	123	252	1	1
87363727	と	と	147	121	250	1	1
81596560	と	と	137	122	251	1	1
78450833	と	と	132	121	250	1	1
72421522	と	と	122	122	251	1	1
64032915	と	と	108	123	252	1	1
51974292	と	と	87	121	250	1	1
36507797	と	と	61	123	252	1	1
85594262	とうか	１０日	144	190	37	3	3
85463191	とうか	１０日	144	190	37	3	3
85332120	とうか	１０日	143	190	37	3	3
492703897	とうきょう	東京	831	190	37	5	2
85201050	とうきょう	東京	143	192	45	5	2
337776795	とうしょ	当初	569	190	37	4	2
337645724	とうしょ	当初	569	190	37	4	2
337514653	とうしょ	当初	569	190	37	4	2
449843358	とうじ	当時	758	190	37	3	2
449712287	とうじ	当時	758	190	37	3	2
449581216	とうじ	当時	758	190	37	3	2
380899489	とうじつ	当日	642	190	37	4	2
380768418	とうじつ	当日	642	190	37	4	2
380637347	とうじつ	当日	642	190	37	4	2
380506276	とうじつ	当日	641	190	37	4	2
437391525	とうぜん	当然	737	193	123	4	2
437260454	とうぜん	当然	737	193	123	4	2
199495847	とおい	遠い	336	199	152	3	2
554045608	とか	とか	934	123	228	2	2
199364777	とかい	都会	336	190	37	3	2
199233706	とかい	都会	336	190	37	3	2
199102635	とかい	都会	335	190	37	3	2
198971564	とき	時	335	190	37	2	1
198840493	とき	時	335	190	37	2	1
198709422	とき	時	335	190	37	2	1
355995823	ときどき	時々	600	193	60	4	2
198578352	とくちょう	特徴	334	190	37	5	2
198447281	とくちょう	特徴	334	190	37	5	2
198316210	とくちょう	特徴	334	190	37	5	2
198185139	とくちょう	特徴	334	190	37	5	2
299372724	とくべつ	特別	504	200	123	4	2
198054069	とけ	溶け	334	197	94	2	2
197922998	とけ	溶け	333	197	94	2	2
248647863	とけい	時計	419	190	37	3	2
248516792	とけい	時計	419	190	37	3	2
248385721	とけい	時計	418	190	37	3	2
513675450	ところが	ところが	866	196	67	4	4
479858875	ところで	ところで	809	196	67	4	4
248254652	とし	年	418	190	37	2	1
248123581	とし	年	418	190	37	2	1
197791934	とし	都市	333	190	37	2	2
85070015	としょかん	図書館	143	190	37	5	3
84938944	としょかん	図書館	143	190	37	5	3
197660865	とち	土地	333	190	37	2	2
197529794	とち	土地	333	190	37	2	2
286789827	とちゅう	途中	483	190	37	4	2
286658756	とちゅう	途中	483	190	37	4	2
286527685	とちゅう	途中	483	190	37	4	2
197398726	とっきょ	特許	332	190	37	4	2
462557383	とっても	とっても	780	193	61	4	4
319033544	とっぷ	トップ	538	190	37	3	3
318902473	とっぷ	トップ	537	190	37	3	3
345379018	とつぜん	突然	582	200	123	4	2
345247947	とつぜん	突然	582	200	123	4	2
84807884	とつにゅう	突入	143	198	101	5	2
84676813	とつにゅう	突入	142	198	101	5	2
84545742	とつにゅう	突入	142	198	101	5	2
197267663	とどうふけん	都道府県	332	190	37	6	4
84414672	とない	都内	142	190	37	3	2
247992529	となり	隣	418	190	37	3	1
247861458	となり	隣	418	190	37	3	1
470946003	とにかく	とにかく	794	196	67	4	4
84283604	とはいえ	とはいえ	142	123	67	4	4
84152533	とぶ	飛ぶ	141	197	161	2	2
247730390	とめ	止め	417	197	95	2	2
247599319	とめ	止め	417	197	95	2	2
247468248	とめ	止め	417	197	95	2	2
550768857	とも	とも	929	122	222	2	2
84021466	ともかく	ともかく	141	193	55	4	4
83890395	ともかく	ともかく	141	193	55	4	4
397807836	ともだち	友達	671	191	42	4	2
397676765	ともだち	友達	670	191	42	4	2
397545694	ともだち	友達	670	191	42	4	2
397414623	ともだち	友達	670	191	42	4	2
247337184	とらぶる	トラブル	417	190	37	4	4
247206113	とらぶる	トラブル	416	190	37	4	4
247075042	とらぶる	トラブル	416	190	37	4	4
437129443	とりあえず	とりあえず	737	193	61	5	5
197136612	とりひき	取引	332	198	101	4	2
197005541	とりひき	取引	332	198	101	4	2
83759334	とるこ	トルコ	141	190	37	3	3
83628263	とれ	取れ	141	197	141	2	2
83497192	とれーにんぐ	トレーニング	140	198	101	6	6
83366121	とわ	問わ	140	197	165	2	2
196874474	とんねる	トンネル	332	198	101	4	4
196743403	とんねる	トンネル	331	198	101	4	4
196612332	とんねる	トンネル	331	198	101	4	4
345116909	どあ	ドア	582	190	37	2	2
344985838	どあ	ドア	581	190	37	2	2
344854767	どあ	ドア	581	190	37	2	2
404099312	どいつ	ドイツ	681	192	45	3	3
436998385	どうか	どうか	737	193	47	3	3
436867314	どうか	どうか	736	193	47	3	3
436736243	どうか	どうか	736	193	47	3	3
83235060	どうこう	動向	140	190	37	4	2
83103989	どうこう	動向	140	190	37	4	2
362418422	どうし	同士	611	190	41	3	2
362287351	どうし	同士	611	190	41	3	2
362156280	どうし	同士	610	190	41	3	2
492572921	どうして	どうして	830	193	206	4	4
82972922	どうしゃ	同社	139	190	37	4	2
82841851	どうしゃ	同社	139	190	37	4	2
82710780	どうしゃ	同社	139	190	37	4	2
436605181	どうじ	同時	736	190	37	3	2
344723710	どうにゅう	導入	581	198	101	5	2
403968255	どうぶつ	動物	681	190	37	4	2
414191872	どうやら	どうやら	698	193	237	4	4
362025217	どうよう	同様	610	200	123	4	2
361894146	どうよう	同様	610	200	123	4	2
361763075	どうよう	同様	610	200	123	4	2
403837188	どうろ	道路	681	190	37	3	2
403706117	どうろ	道路	680	190	37	3	2
82579718	どくしゃ	読者	139	190	41	4	2
82448647	どくしゃ	読者	139	190	41	4	2
82317576	どくしゃ	読者	138	190	41	4	2
355864841	どくじ	独自	600	200	120	3	2
355733770	どくじ	独自	600	200	120	3	2
82186507	どくとく	独特	138	200	120	4	2
82055436	どくとく	独特	138	200	120	4	2
196481293	どくりつ	独立	331	198	101	4	2
565907726	どこ	どこ	954	190	38	2	2
565776655	どこ	どこ	954	190	38	2	2
505418000	どこか	どこか	852	193	63	3	3
505286929	どこか	どこか	852	193	63	3	3
479727890	どちら	どちら	809	190	37	3	3
479596819	どちら	どちら	808	190	37	3	3
479465748	どちら	どちら	808	190	37	3	3
81924373	どの	どの	138	194	65	2	2
81793302	どの	どの	137	194	65	2	2
327029015	どようび	土曜日	551	190	37	4	3
326897944	どようび	土曜日	551	190	37	4	3
326766873	どようび	土曜日	551	190	37	4	3
196350234	どらいぶ	ドライブ	331	198	101	4	4
196219163	どらいぶ	ドライブ	330	198	101	4	4
380375324	どらま	ドラマ	641	190	37	3	3
380244253	どらま	ドラマ	641	190	37	3	3
380113182	どらま	ドラマ	641	190	37	3	3
379982111	どらま	ドラマ	640	190	37	3	3
397283616	どりょく	努力	670	198	101	4	2
397152545	どりょく	努力	669	198	101	4	2
414060834	どる	ドル	698	214	80	2	2
513544483	どれ	どれ	866	190	38	2	2
196088100	どれだけ	どれだけ	330	193	63	4	4
565645605	どんな	どんな	954	200	125	3	3
586289446	な	な	988	6	128	1	1
583668007	な	な	984	6	128	1	1
576327976	な	な	972	6	128	1	1
564400425	な	な	952	6	128	1	1
560992554	な	な	946	6	128	1	1
558502187	な	な	942	6	128	1	1
546443564	な	な	921	6	128	1	1
532943149	な	な	898	6	128	1	1
527175982	な	な	889	6	128	1	1
521146671	な	な	879	6	128	1	1
519442736	な	な	876	6	128	1	1
515313969	な	な	869	6	128	1	1
502731058	な	な	847	6	128	1	1
496701747	な	な	837	6	128	1	1
496177460	な	な	836	6	128	1	1
489754933	な	な	826	6	128	1	1
486871350	な	な	821	6	128	1	1
481628471	な	な	812	6	128	1	1
480973112	な	な	811	6	128	1	1
475205945	な	な	801	6	128	1	1
469831994	な	な	792	6	128	1	1
455676219	な	な	768	6	128	1	1
447680828	な	な	755	6	128	1	1
447418685	な	な	754	6	128	1	1
441520446	な	な	744	6	128	1	1
439816511	な	な	741	6	128	1	1
425791808	な	な	718	6	128	1	1
422777153	な	な	713	6	128	1	1
421597506	な	な	711	6	128	1	1
415830339	な	な	701	6	128	1	1
412684612	な	な	696	6	128	1	1
402854213	な	な	679	6	128	1	1
401281350	な	な	676	6	128	1	1
401019207	な	な	676	6	128	1	1
395907400	な	な	667	6	128	1	1
387125577	な	な	652	6	128	1	1
386077002	な	な	651	6	128	1	1
375066955	な	な	632	6	128	1	1
372707660	な	な	628	6	128	1	1
372314445	な	な	628	6	128	1	1
361173326	な	な	609	6	128	1	1
360517967	な	な	608	6	128	1	1
358027600	な	な	603	6	128	1	1
328667473	な	な	554	6	128	1	1
312545618	な	な	527	6	128	1	1
309662035	な	な	522	6	128	1	1
299438420	な	な	505	6	128	1	1
298258773	な	な	503	6	128	1	1
292884822	な	な	494	6	128	1	1
292622679	な	な	493	6	128	1	1
285151576	な	な	480	6	128	1	1
284758361	な	な	480	6	128	1	1
278597978	な	な	469	6	128	1	1
274534747	な	な	463	6	128	1	1
271257948	な	な	457	6	128	1	1
263786845	な	な	444	6	128	1	1
252645726	な	な	426	6	128	1	1
244912479	な	な	413	6	128	1	1
241111392	な	な	406	6	128	1	1
239276385	な	な	403	6	128	1	1
230101346	な	な	388	6	128	1	1
214241635	な	な	361	6	128	1	1
201789796	な	な	340	6	128	1	1
200216933	な	な	337	6	128	1	1
194449766	な	な	327	6	128	1	1
190124391	な	な	320	6	128	1	1
189862248	な	な	320	6	128	1	1
181997929	な	な	306	6	128	1	1
175444330	な	な	295	6	128	1	1
171512171	な	な	289	6	128	1	1
148443500	な	な	250	6	128	1	1
147001709	な	な	247	6	128	1	1
146608494	な	な	247	6	128	1	1
145953135	な	な	246	6	128	1	1
137302384	な	な	231	6	128	1	1
130748785	な	な	220	6	128	1	1
129700210	な	な	218	6	128	1	1
129569139	な	な	218	6	128	1	1
119083380	な	な	200	6	128	1	1
116461941	な	な	196	6	128	1	1
105845110	な	な	178	6	128	1	1
104796535	な	な	176	6	128	1	1
102961528	な	な	173	6	128	1	1
102568313	な	な	173	6	128	1	1
101912954	な	な	171	6	128	1	1
89067899	な	な	150	6	128	1	1
82121084	な	な	138	6	128	1	1
59838845	な	な	100	6	128	1	1
57741694	な	な	97	6	128	1	1
56430975	な	な	95	6	128	1	1
53285248	な	な	89	6	128	1	1
51450241	な	な	86	6	128	1	1
50794882	な	な	85	6	128	1	1
50139523	な	な	84	6	128	1	1
47911300	な	な	80	6	128	1	1
43585925	な	な	73	6	128	1	1
42930566	な	な	72	6	128	1	1
37949831	な	な	64	6	128	1	1
35459464	な	な	59	6	128	1	1
31396233	な	な	52	6	128	1	1
28905866	な	な	48	6	128	1	1
27333003	な	な	46	6	128	1	1
16322956	な	な	27	6	128	1	1
15667597	な	な	26	6	128	1	1
9638286	な	な	16	6	128	1	1
7147919	な	な	12	6	128	1	1
5443984	な	な	9	6	128	1	1
3608977	な	な	6	6	128	1	1
486478226	ない	ない	820	75	155	2	2
246944147	ない	ない	416	199	152	2	2
234557844	ない	ない	395	75	155	2	2
220139925	ない	ない	371	75	155	2	2
194711958	ない	ない	328	75	155	2	2
122622359	ない	ない	206	75	155	2	2
116986264	ない	ない	197	75	155	2	2
102830489	ない	ない	173	75	155	2	2
88150426	ない	ない	148	75	155	2	2
79237531	ない	ない	133	75	155	2	2
67965340	ない	ない	114	75	155	2	2
22614429	ない	ない	38	75	155	2	2
20779422	ない	ない	35	75	155	2	2
12784031	ない	ない	21	75	155	2	2
12521888	ない	ない	21	75	155	2	2
492442017	ないよう	内容	830	190	37	4	2
492310946	ないよう	内容	830	190	37	4	2
492179875	ないよう	内容	830	190	37	4	2
492048804	ないよう	内容	829	190	37	4	2
491917733	ないよう	内容	829	190	37	4	2
462426534	なお	なお	780	196	67	2	2
413929895	なか	中	698	190	37	2	1
413798824	なか	中	697	190	37	2	1
81662377	なかま	仲間	137	190	37	3	2
81531306	なかま	仲間	137	190	37	3	2
81400235	なかま	仲間	137	190	37	3	2
586420652	ながら	ながら	989	126	199	3	3
196022701	ながら	ながら	330	125	198	3	3
81334702	ながら	ながら	137	125	198	3	3
318771631	ながれ	流れ	537	190	37	3	2
318640560	ながれ	流れ	537	190	37	3	2
318509489	ながれ	流れ	537	190	37	3	2
318378418	ながれ	流れ	537	197	94	3	2
318247347	ながれ	流れ	536	197	94	3	2
318116276	ながれ	流れ	536	197	94	3	2
195957173	なき	泣き	330	190	37	2	2
81269174	なき	泣き	137	197	162	2	2
286396855	なく	なく	483	199	173	2	2
317985208	なごや	名古屋	536	190	37	3	3
81138105	なごや	名古屋	136	192	45	3	3
81007034	なさそう	なさそう	136	200	120	4	4
80875963	なさそう	なさそう	136	200	120	4	4
80744892	なさそう	なさそう	136	200	120	4	4
80613821	なし	なし	135	197	164	2	2
80482750	なし	なし	135	197	162	2	2
80351679	なし	なし	135	197	162	2	2
80220608	なし	なし	135	197	162	2	2
479334849	なぜ	なぜ	808	193	56	2	2
80089538	なっ	なっ	135	197	164	2	2
79958467	なっ	なっ	134	197	164	2	2
513413572	なった	なった	866	41	151	3	3
513282501	なった	なった	865	197	151	3	3
513151430	なって	なって	865	41	206	3	3
488313287	なって	なって	823	41	206	3	3
449450440	なって	なって	758	197	180	3	3
449319369	なって	なって	757	197	180	3	3
449188298	なって	なって	757	197	180	3	3
167317963	なって	なって	282	41	206	3	3
159453644	なって	なって	268	197	180	3	3
111612365	なって	なって	188	41	206	3	3
159584718	なっております	なっております	269	197	145	7	7
436474319	なつ	夏	736	190	37	2	1
436343248	なつ	夏	736	190	37	2	1
195826129	なつやすみ	夏休み	330	190	37	5	3
195695058	なつやすみ	夏休み	330	190	37	5	3
557388243	なに	何	940	190	38	2	1
557257172	なに	何	939	190	38	2	1
557126101	なに	何	939	190	38	2	1
195563990	なに	なに	329	190	38	2	2
195432919	なに	なに	329	190	38	2	2
79827416	なのか	７日	134	190	37	3	2
79696345	なのか	７日	134	190	37	3	2
79565274	なのか	７日	134	190	37	3	2
397021659	なまえ	名前	669	190	37	3	2
396890588	なまえ	名前	669	190	37	3	2
195301853	なみ	波	329	190	37	2	1
195170782	なみ	波	329	190	37	2	1
195039711	なみ	波	328	190	37	2	1
246813152	なみだ	涙	416	198	101	3	1
246682081	なみだ	涙	416	198	101	3	1
246551010	なやみ	悩み	415	190	37	3	2
246419939	なやみ	悩み	415	190	37	3	2
246288868	なやみ	悩み	415	190	37	3	2
79434213	なやん	悩ん	133	197	163	3	2
79303142	なやん	悩ん	133	197	163	3	2
79172071	なら	なら	133	197	165	2	2
344592872	ならない	ならない	581	41	155	4	4
344461801	ならない	ならない	581	197	155	4	4
413667818	なり	なり	697	41	162	2	2
413536747	なり	なり	697	197	162	2	2
159715820	なりました	なりました	269	197	151	5	5
403575277	なります	なります	680	41	145	4	4
403444206	なります	なります	680	197	145	4	4
159846895	なります	なります	269	197	145	4	4
488051184	なる	なる	823	41	161	2	2
475468273	なる	なる	802	41	161	2	2
449057266	なる	なる	757	197	161	2	2
448926195	なる	なる	757	197	161	2	2
448795124	なる	なる	757	41	161	2	2
448664053	なる	なる	756	41	161	2	2
111743478	なる	なる	188	41	161	2	2
29299191	なる	なる	49	41	161	2	2
18027000	なる	なる	30	41	161	2	2
79041017	なるほど	なるほど	133	193	55	4	4
246157818	なれ	なれ	415	197	94	2	2
194908667	なれ	慣れ	328	197	94	2	2
194777596	なれ	慣れ	328	197	94	2	2
194646525	なれ	慣れ	328	197	94	2	2
78909950	なれ	なれ	133	197	141	2	2
78778879	なれば	なれば	132	197	215	3	3
78647808	なろ	なろ	132	197	166	2	2
78516737	なろう	なろう	132	197	147	3	3
78385666	なろう	なろう	132	197	147	3	3
554111491	なん	何	934	190	38	2	1
553980420	なん	何	934	190	38	2	1
369889797	なんど	何度	623	190	37	3	2
369758726	なんど	何度	623	190	37	3	2
591794695	に	に	998	132	259	1	1
591139336	に	に	997	132	259	1	1
590352905	に	に	995	132	259	1	1
590090762	に	に	995	132	259	1	1
585241099	に	に	987	132	259	1	1
584978956	に	に	986	132	259	1	1
583930381	に	に	984	132	259	1	1
583537166	に	に	984	132	259	1	1
582488591	に	に	982	132	259	1	1
581833232	に	に	981	132	259	1	1
581702161	に	に	981	132	259	1	1
577638930	に	に	974	132	259	1	1
575803923	に	に	971	132	259	1	1
575148564	に	に	970	132	259	1	1
574624277	に	に	969	132	259	1	1
573706774	に	に	967	132	259	1	1
572920343	に	に	966	132	259	1	1
571740696	に	に	964	132	259	1	1
570954265	に	に	963	132	259	1	1
570692122	に	に	962	132	259	1	1
569905691	に	に	961	132	259	1	1
567808540	に	に	957	132	259	1	1
567415325	に	に	957	132	259	1	1
566759966	に	に	956	132	259	1	1
566366751	に	に	955	132	259	1	1
566235680	に	に	955	132	259	1	1
565973537	に	に	954	132	259	1	1
565711394	に	に	954	8	134	1	1
565580323	に	に	954	132	259	1	1
562696740	に	に	949	132	259	1	1
562041381	に	に	948	132	259	1	1
560861734	に	に	946	132	259	1	1
560468519	に	に	945	132	259	1	1
558633512	に	に	942	132	259	1	1
558240297	に	に	941	132	259	1	1
556798506	に	に	939	132	259	1	1
556536363	に	に	938	132	259	1	1
553652780	に	に	933	132	259	1	1
551162413	に	に	929	132	259	1	1
550638126	に	に	928	8	134	1	1
549851695	に	に	927	132	259	1	1
548934192	に	に	925	132	259	1	1
547492401	に	に	923	132	259	1	1
547099186	に	に	922	132	259	1	1
546181683	に	に	921	132	259	1	1
545002036	に	に	919	132	259	1	1
544477749	に	に	918	132	259	1	1
544215606	に	に	917	132	259	1	1
542642743	に	に	915	132	259	1	1
542380600	に	に	914	132	259	1	1
540545593	に	に	911	132	259	1	1
538579514	に	に	908	132	259	1	1
538055227	に	に	907	132	259	1	1
536482364	に	に	904	132	259	1	1
534909501	に	に	902	132	259	1	1
534254142	に	に	901	132	259	1	1
533729855	に	に	900	132	259	1	1
533074496	に	に	899	132	259	1	1
530453057	に	に	894	132	259	1	1
530190914	に	に	894	132	259	1	1
527045187	に	に	889	132	259	1	1
524948036	に	に	885	132	259	1	1
524423749	に	に	884	132	259	1	1
523768390	に	に	883	132	259	1	1
522850887	に	に	881	132	259	1	1
522326600	に	に	881	132	259	1	1
521015881	に	に	878	132	259	1	1
519311946	に	に	875	132	259	1	1
517280331	に	に	872	132	259	1	1
516362828	に	に	870	132	259	1	1
515707469	に	に	869	132	259	1	1
514265678	に	に	867	132	259	1	1
512168527	に	に	863	132	259	1	1
510071376	に	に	860	132	259	1	1
508236369	に	に	857	132	259	1	1
507449938	に	に	855	132	259	1	1
505352787	に	に	852	132	259	1	1
504304212	に	に	850	132	259	1	1
504173141	に	に	850	132	259	1	1
503910998	に	に	849	132	259	1	1
503255639	に	に	848	132	259	1	1
502600280	に	に	847	132	259	1	1
501289561	に	に	845	132	259	1	1
500896346	に	に	844	132	259	1	1
500765275	に	に	844	132	259	1	1
499323484	に	に	842	132	259	1	1
496964189	に	に	838	132	259	1	1
496439902	に	に	837	132	259	1	1
496308831	に	に	837	132	259	1	1
495260256	に	に	835	132	259	1	1
494867041	に	に	834	132	259	1	1
493425250	に	に	832	8	134	1	1
492114531	に	に	830	132	259	1	1
491721316	に	に	829	132	259	1	1
491459173	に	に	828	132	259	1	1
490148454	に	に	826	132	259	1	1
489230951	に	に	825	132	259	1	1
488706664	に	に	824	132	259	1	1
487133801	に	に	821	132	259	1	1
486740586	に	に	821	132	259	1	1
485692011	に	に	819	132	259	1	1
485298796	に	に	818	132	259	1	1
483201645	に	に	815	132	259	1	1
480186990	に	に	809	132	259	1	1
478745199	に	に	807	132	259	1	1
478089840	に	に	806	132	259	1	1
477827697	に	に	805	132	259	1	1
477172338	に	に	804	132	259	1	1
476910195	に	に	804	132	259	1	1
476385908	に	に	803	132	259	1	1
474944117	に	に	801	132	259	1	1
474419830	に	に	800	132	259	1	1
474026615	に	に	799	132	259	1	1
472322680	に	に	796	132	259	1	1
470749817	に	に	794	132	259	1	1
470356602	に	に	793	132	259	1	1
469963387	に	に	792	132	259	1	1
469045884	に	に	791	132	259	1	1
467866237	に	に	789	132	259	1	1
467210878	に	に	788	132	259	1	1
466817663	に	に	787	132	259	1	1
464851584	に	に	784	132	259	1	1
463409793	に	に	781	132	259	1	1
461705858	に	に	778	132	259	1	1
461574787	に	に	778	132	259	1	1
460001924	に	に	775	132	259	1	1
458822277	に	に	773	132	259	1	1
457773702	に	に	772	132	259	1	1
457249415	に	に	771	132	259	1	1
457118344	に	に	771	132	259	1	1
456594057	に	に	770	132	259	1	1
455938698	に	に	769	132	259	1	1
454234763	に	に	766	132	259	1	1
454103692	に	に	765	132	259	1	1
453579405	に	に	765	132	259	1	1
452530830	に	に	763	132	259	1	1
452399759	に	に	763	132	259	1	1
451220112	に	に	761	132	259	1	1
450302609	に	に	759	132	259	1	1
448336530	に	に	756	132	259	1	1
447812243	に	に	755	8	134	1	1
447550100	に	に	754	8	134	1	1
447156885	に	に	754	132	259	1	1
445452950	に	に	751	132	259	1	1
444666519	に	に	750	132	259	1	1
444273304	に	に	749	132	259	1	1
440865433	に	に	743	132	259	1	1
440734362	に	に	743	132	259	1	1
439685787	に	に	741	132	259	1	1
439554716	に	に	741	132	259	1	1
438506141	に	に	739	132	259	1	1
437588638	に	に	738	132	259	1	1
436671135	に	に	736	132	259	1	1
436146848	に	に	735	132	259	1	1
433525409	に	に	731	132	259	1	1
432214690	に	に	729	132	259	1	1
428413603	に	に	722	132	259	1	1
425923236	に	に	718	132	259	1	1
424743589	に	に	716	132	259	1	1
424088230	に	に	715	132	259	1	1
423695015	に	に	714	132	259	1	1
422646440	に	に	712	132	259	1	1
422253225	に	に	712	132	259	1	1
421728938	に	に	711	132	259	1	1
421466795	に	に	710	132	259	1	1
421073580	に	に	710	132	259	1	1
420811437	に	に	709	132	259	1	1
420156078	に	に	708	132	259	1	1
419500719	に	に	707	132	259	1	1
417534640	に	に	704	132	259	1	1
415699633	に	に	701	132	259	1	1
415437490	に	に	700	132	259	1	1
413864627	に	に	698	132	259	1	1
411898548	に	に	694	132	259	1	1
411505333	に	に	694	132	259	1	1
411243190	に	に	693	132	259	1	1
410194615	に	に	691	132	259	1	1
409670328	に	に	691	132	259	1	1
408621753	に	に	689	132	259	1	1
408228538	に	に	688	132	259	1	1
407311035	に	に	687	132	259	1	1
406786748	に	に	686	132	259	1	1
406131389	に	に	685	132	259	1	1
404951742	に	に	683	132	259	1	1
402985663	に	に	679	132	259	1	1
402199232	に	に	678	132	259	1	1
401937089	に	に	677	132	259	1	1
401412802	に	に	677	132	259	1	1
401150659	に	に	676	132	259	1	1
400102084	に	に	674	132	259	1	1
399446725	に	に	673	132	259	1	1
397873862	に	に	671	132	259	1	1
396432071	に	に	668	132	259	1	1
396038856	に	に	668	132	259	1	1
395645641	に	に	667	132	259	1	1
394597066	に	に	665	132	259	1	1
394334923	に	に	665	132	259	1	1
393679564	に	に	664	132	259	1	1
393155277	に	に	663	132	259	1	1
391582414	に	に	660	132	259	1	1
391451343	に	に	660	132	259	1	1
390271696	に	に	658	132	259	1	1
390009553	に	に	657	132	259	1	1
388567762	に	に	655	132	259	1	1
388174547	に	に	654	132	259	1	1
386994900	に	に	652	132	259	1	1
384242389	に	に	648	132	259	1	1
382014166	に	に	644	132	259	1	1
381489879	に	に	643	132	259	1	1
381096664	に	に	642	132	259	1	1
380572377	に	に	641	132	259	1	1
379261658	に	に	639	132	259	1	1
377426651	に	に	636	132	259	1	1
377033436	に	に	635	132	259	1	1
375329501	に	に	633	132	259	1	1
375198430	に	に	632	132	259	1	1
373363423	に	に	629	132	259	1	1
372445920	に	に	628	8	134	1	1
372183777	に	に	627	132	259	1	1
370741986	に	に	625	132	259	1	1
370217699	に	に	624	132	259	1	1
369693412	に	に	623	132	259	1	1
366154469	に	に	617	132	259	1	1
365761254	に	に	616	132	259	1	1
364843751	に	に	615	132	259	1	1
363533032	に	に	613	132	259	1	1
362091241	に	に	610	132	259	1	1
361304810	に	に	609	132	259	1	1
360387307	に	に	607	132	259	1	1
358552300	に	に	604	132	259	1	1
357634797	に	に	603	132	259	1	1
356979438	に	に	602	132	259	1	1
355799791	に	に	600	132	259	1	1
355275504	に	に	599	132	259	1	1
355144433	に	に	599	132	259	1	1
351081202	に	に	592	132	259	1	1
350819059	に	に	591	132	259	1	1
348590836	に	に	587	132	259	1	1
346886901	に	に	585	132	259	1	1
344134390	に	に	580	132	259	1	1
342954743	に	に	578	132	259	1	1
341512952	に	に	576	8	134	1	1
340464377	に	に	574	132	259	1	1
339940090	に	に	573	132	259	1	1
338629371	に	に	571	132	259	1	1
338105084	に	に	570	132	259	1	1
335876861	に	に	566	132	259	1	1
334435070	に	に	564	132	259	1	1
331682559	に	に	559	132	259	1	1
330633984	に	に	557	132	259	1	1
330240769	に	に	557	132	259	1	1
328798978	に	に	554	132	259	1	1
328536835	に	に	554	132	259	1	1
328143620	に	に	553	132	259	1	1
327357189	に	に	552	132	259	1	1
326963974	に	に	551	132	259	1	1
325784327	に	に	549	132	259	1	1
325260040	に	に	548	132	259	1	1
324211465	に	に	546	132	259	1	1
323031818	に	に	544	132	259	1	1
321196811	に	に	541	132	259	1	1
319230732	に	に	538	132	259	1	1
318968589	に	に	538	132	259	1	1
317854478	に	似	536	197	94	1	1
317723407	に	似	535	197	94	1	1
317133584	に	に	534	132	259	1	1
316478225	に	に	533	132	259	1	1
315953938	に	に	532	132	259	1	1
314643219	に	に	530	8	134	1	1
314381076	に	に	530	132	259	1	1
313725717	に	に	529	132	259	1	1
312283926	に	に	526	132	259	1	1
311759639	に	に	525	132	259	1	1
311497496	に	に	525	132	259	1	1
309924633	に	に	522	132	259	1	1
309007130	に	に	521	132	259	1	1
308351771	に	に	520	132	259	1	1
305861404	に	に	515	132	259	1	1
303764253	に	に	512	132	259	1	1
303108894	に	に	511	132	259	1	1
301667103	に	に	508	132	259	1	1
300749600	に	に	507	132	259	1	1
300618529	に	に	507	132	259	1	1
296948514	に	に	500	132	259	1	1
295113507	に	に	497	132	259	1	1
293671716	に	に	495	132	259	1	1
293147429	に	に	494	132	259	1	1
291181350	に	に	491	132	259	1	1
290394919	に	に	489	132	259	1	1
290132776	に	に	489	132	259	1	1
289084201	に	に	487	132	259	1	1
288690986	に	に	486	132	259	1	1
288297771	に	に	486	132	259	1	1
287249196	に	に	484	132	259	1	1
284627757	に	に	480	132	259	1	1
281482030	に	に	474	132	259	1	1
279778095	に	に	471	132	259	1	1
277025584	に	に	467	132	259	1	1
276763441	に	に	466	132	259	1	1
276501298	に	に	466	132	259	1	1
275714867	に	に	465	132	259	1	1
275059508	に	に	463	132	259	1	1
274666293	に	に	463	132	259	1	1
274273078	に	に	462	132	259	1	1
273748791	に	に	461	132	259	1	1
272175928	に	に	459	132	259	1	1
271389497	に	に	457	132	259	1	1
267326266	に	に	450	132	259	1	1
264442683	に	に	446	132	259	1	1
262869820	に	に	443	132	259	1	1
262083389	に	に	442	132	259	1	1
261428030	に	に	440	132	259	1	1
261034815	に	に	440	132	259	1	1
259986240	に	に	438	132	259	1	1
259199809	に	に	437	132	259	1	1
258806594	に	に	436	132	259	1	1
257233731	に	に	433	132	259	1	1
255923012	に	に	431	132	259	1	1
255660869	に	に	431	132	259	1	1
255267654	に	に	430	132	259	1	1
254350151	に	に	429	132	259	1	1
254088008	に	に	428	132	259	1	1
253563721	に	に	427	132	259	1	1
253170506	に	に	427	132	259	1	1
251597643	に	に	424	132	259	1	1
250680140	に	に	422	132	259	1	1
247927629	に	に	418	132	259	1	1
247272270	に	に	417	132	259	1	1
245175119	に	に	413	132	259	1	1
244781904	に	に	412	132	259	1	1
242160465	に	に	408	132	259	1	1
240980818	に	に	406	132	259	1	1
239145811	に	に	403	132	259	1	1
237835092	に	に	401	132	259	1	1
237572949	に	に	400	132	259	1	1
236000086	に	に	398	132	259	1	1
235606871	に	に	397	132	259	1	1
235213656	に	に	396	132	259	1	1
229184345	に	に	386	132	259	1	1
228397914	に	に	385	132	259	1	1
227873627	に	に	384	132	259	1	1
224334684	に	に	378	132	259	1	1
223941469	に	に	377	132	259	1	1
223417182	に	に	376	132	259	1	1
222499679	に	に	375	132	259	1	1
221188960	に	に	373	132	259	1	1
220664673	に	に	372	132	259	1	1
218698594	に	に	368	132	259	1	1
217518947	に	に	366	132	259	1	1
215290724	に	に	363	132	259	1	1
214373221	に	に	361	8	134	1	1
213062502	に	に	359	132	259	1	1
212013927	に	に	357	132	259	1	1
210965352	に	に	355	132	259	1	1
210441065	に	に	354	132	259	1	1
209916778	に	に	354	132	259	1	1
209523563	に	に	353	132	259	1	1
205329260	に	に	346	132	259	1	1
203887469	に	に	343	132	259	1	1
203625326	に	に	343	8	134	1	1
202707823	に	に	341	132	259	1	1
202576752	に	に	341	132	259	1	1
201659249	に	に	340	132	259	1	1
201266034	に	に	339	132	259	1	1
201003891	に	に	339	132	259	1	1
200086388	に	に	337	132	259	1	1
199955317	に	に	337	132	259	1	1
199168886	に	に	335	132	259	1	1
198906743	に	に	335	132	259	1	1
196285304	に	に	331	132	259	1	1
195761017	に	に	330	132	259	1	1
195236730	に	に	329	132	259	1	1
194581371	に	に	328	8	134	1	1
193794940	に	に	326	132	259	1	1
192877437	に	に	325	133	260	1	1
191697790	に	に	323	132	259	1	1
191304575	に	に	322	132	259	1	1
189469568	に	に	319	132	259	1	1
188289921	に	に	317	132	259	1	1
186061698	に	に	313	132	259	1	1
185275267	に	に	312	132	259	1	1
184750980	に	に	311	132	259	1	1
184226693	に	に	310	132	259	1	1
183309190	に	に	309	132	259	1	1
182129543	に	に	307	132	259	1	1
180949896	に	に	305	132	259	1	1
180556681	に	に	304	132	259	1	1
179770250	に	に	303	132	259	1	1
177279883	に	に	299	132	259	1	1
175313804	に	に	295	8	134	1	1
173872013	に	に	293	132	259	1	1
170988430	に	に	288	132	259	1	1
169022351	に	に	285	132	259	1	1
167187344	に	に	282	132	259	1	1
166400913	に	に	280	132	259	1	1
165745554	に	に	279	132	259	1	1
161813395	に	に	272	132	259	1	1
158274452	に	に	266	132	259	1	1
155915157	に	に	262	132	259	1	1
154604438	に	に	260	132	259	1	1
153424791	に	に	258	132	259	1	1
150016920	に	に	253	132	259	1	1
149230489	に	に	251	132	259	1	1
148575130	に	に	250	132	259	1	1
148312987	に	に	250	8	134	1	1
146740124	に	に	247	132	259	1	1
145822621	に	に	245	8	134	1	1
145036190	に	に	244	132	259	1	1
144249759	に	に	243	132	259	1	1
142414752	に	に	240	132	259	1	1
141890465	に	に	239	132	259	1	1
141759394	に	に	239	132	259	1	1
141235107	に	に	238	132	259	1	1
139793316	に	に	235	132	259	1	1
139006885	に	に	234	132	259	1	1
137171878	に	に	231	8	134	1	1
137040807	に	に	231	132	259	1	1
136123304	に	に	229	132	259	1	1
135467945	に	に	228	132	259	1	1
135074730	に	に	227	132	259	1	1
134812587	に	に	227	132	259	1	1
133501868	に	に	225	132	259	1	1
132453293	に	に	223	132	259	1	1
132060078	に	に	222	132	259	1	1
128521135	に	に	216	132	259	1	1
126555056	に	に	213	132	259	1	1
125899697	に	に	212	132	259	1	1
123278258	に	に	207	132	259	1	1
122229683	に	に	206	132	259	1	1
121705396	に	に	205	132	259	1	1
121050037	に	に	204	132	259	1	1
120656822	に	に	203	8	134	1	1
119870391	に	に	202	132	259	1	1
119608248	に	に	201	132	259	1	1
119477177	に	に	201	132	259	1	1
119346106	に	に	201	132	259	1	1
118559675	に	に	199	132	259	1	1
118035388	に	に	199	132	259	1	1
117642173	に	に	198	132	259	1	1
117248958	に	に	197	132	259	1	1
116593599	に	に	196	132	259	1	1
115807168	に	に	195	132	259	1	1
115020737	に	に	194	132	259	1	1
113972162	に	に	192	132	259	1	1
113054659	に	に	190	132	259	1	1
110695364	に	に	186	132	259	1	1
110171077	に	に	185	132	259	1	1
109908934	に	に	185	132	259	1	1
109646791	に	に	184	132	259	1	1
107942856	に	に	182	132	259	1	1
106763209	に	に	180	132	259	1	1
105714634	に	に	178	132	259	1	1
104928203	に	に	176	132	259	1	1
103748556	に	に	174	132	259	1	1
102437837	に	に	172	132	259	1	1
102175694	に	に	172	132	259	1	1
101782479	に	に	171	132	259	1	1
99554256	に	に	167	132	259	1	1
99161041	に	に	167	132	259	1	1
89461714	に	に	150	132	259	1	1
89199571	に	に	150	8	134	1	1
87102420	に	に	146	132	259	1	1
85529557	に	に	144	132	259	1	1
83170262	に	に	140	132	259	1	1
82514903	に	に	139	132	259	1	1
81466328	に	に	137	132	259	1	1
80548825	に	に	135	132	259	1	1
79631322	に	に	134	132	259	1	1
78058459	に	に	131	132	259	1	1
76878812	に	に	129	132	259	1	1
75699165	に	に	127	132	259	1	1
75568094	に	に	127	132	259	1	1
74650591	に	に	125	133	260	1	1
73995232	に	に	124	132	259	1	1
72029153	に	に	121	132	259	1	1
67179490	に	に	113	132	259	1	1
66786275	に	に	112	132	259	1	1
65868772	に	に	111	132	259	1	1
65344485	に	に	110	132	259	1	1
64820198	に	に	109	8	134	1	1
64558055	に	に	108	132	259	1	1
64164840	に	に	108	132	259	1	1
63378409	に	に	106	132	259	1	1
61674474	に	に	104	132	259	1	1
61281259	に	に	103	132	259	1	1
61150188	に	に	103	132	259	1	1
60101613	に	に	101	132	259	1	1
59970542	に	に	101	8	134	1	1
59708399	に	に	100	132	259	1	1
56562672	に	に	95	132	259	1	1
53679089	に	に	90	132	259	1	1
53154802	に	に	89	132	259	1	1
51057651	に	に	86	132	259	1	1
50664436	に	に	85	132	259	1	1
46207989	に	に	77	132	259	1	1
45814774	に	に	77	132	259	1	1
44897271	に	に	75	132	259	1	1
44504056	に	に	75	132	259	1	1
43455481	に	に	73	8	134	1	1
43062266	に	に	72	8	134	1	1
41096187	に	に	69	132	259	1	1
39130108	に	に	65	132	259	1	1
38343677	に	に	64	132	259	1	1
37819390	に	に	63	132	259	1	1
36901887	に	に	62	132	259	1	1
35853312	に	に	60	132	259	1	1
35329025	に	に	59	8	134	1	1
35066882	に	に	59	132	259	1	1
34935811	に	に	58	132	259	1	1
32052228	に	に	54	132	259	1	1
31527941	に	に	53	8	134	1	1
31134726	に	に	52	132	259	1	1
28775431	に	に	48	132	259	1	1
27857928	に	に	46	132	259	1	1
27202569	に	に	45	132	259	1	1
26285066	に	に	44	132	259	1	1
24056843	に	に	40	132	259	1	1
22483980	に	に	37	132	259	1	1
22090765	に	に	37	132	259	1	1
19207182	に	に	32	132	259	1	1
17110031	に	に	28	132	259	1	1
14881808	に	に	25	132	259	1	1
14357521	に	に	24	132	259	1	1
11080722	に	に	18	132	259	1	1
10294291	に	に	17	132	259	1	1
9507860	に	に	16	132	259	1	1
7410709	に	に	12	132	259	1	1
7279638	に	に	12	8	134	1	1
5837847	に	に	9	132	259	1	1
5706776	に	に	9	132	259	1	1
5313561	に	に	8	8	134	1	1
3871770	に	に	6	132	259	1	1
3478555	に	に	5	8	134	1	1
78255132	におい	におい	131	190	37	3	3
78124061	におい	におい	131	190	37	3	3
77992990	にがつ	２月	131	190	80	3	2
77861919	にがつ	２月	131	190	80	3	2
77730848	にがつ	２月	131	190	80	3	2
425727009	にがて	苦手	718	200	120	3	2
425595938	にがて	苦手	717	200	120	3	2
425464867	にがて	苦手	717	200	120	3	2
194516004	にぎやか	にぎやか	328	200	121	4	4
194384933	にぎやか	にぎやか	327	200	121	4	4
194253862	にぎやか	にぎやか	327	200	121	4	4
194122791	にくたい	肉体	327	190	37	4	2
246027304	にげ	逃げ	414	197	95	2	2
77599785	にた	似た	130	197	151	2	2
77468714	にちぎん	日銀	130	190	37	4	2
77337643	にちぎん	日銀	130	190	37	4	2
77206572	にちぎん	日銀	130	190	37	4	2
491787309	にちじょう	日常	829	190	37	5	2
77075502	にちべい	日米	130	190	37	4	2
436212783	にちようび	日曜日	735	190	37	5	3
436081712	にちようび	日曜日	735	190	37	5	3
435950641	にちようび	日曜日	735	190	37	5	3
435819570	にちようび	日曜日	735	190	37	5	3
470815795	にっき	日記	794	190	37	3	2
470684724	にっき	日記	793	190	37	3	2
470553653	にっき	日記	793	190	37	3	2
379851830	にってい	日程	640	190	37	4	2
379720759	にってい	日程	640	190	37	4	2
379589688	にってい	日程	640	190	37	4	2
379458617	にってい	日程	640	190	37	4	2
76944442	にて	似て	129	197	206	2	2
583406651	には	には	984	132	224	2	2
546051132	には	には	921	132	224	2	2
515445821	には	には	869	132	224	2	2
478352446	には	には	806	132	224	2	2
421991487	には	には	711	132	224	2	2
355013696	には	には	598	132	224	2	2
343872577	には	には	580	132	224	2	2
170726466	には	には	287	132	224	2	2
553849923	にほん	日本	934	190	37	3	2
76813380	にほんかい	日本海	129	190	37	5	3
76682309	にほんご	日本語	129	190	37	4	3
76551238	にほんご	日本語	129	190	37	4	3
76420167	にほんじん	日本人	128	190	41	5	3
76289096	にほんじん	日本人	128	190	41	5	3
76158025	にほんじん	日本人	128	190	41	5	3
344003658	にも	にも	580	132	222	2	2
189994059	にも	にも	320	132	222	2	2
189731916	にも	にも	320	132	222	2	2
57611341	にも	にも	97	132	222	2	2
76026958	にもかかわらず	にもかかわらず	128	196	67	7	7
396760143	にもつ	荷物	669	190	37	3	2
396629072	にもつ	荷物	669	190	37	3	2
299242577	にゅういん	入院	504	198	101	5	2
299111506	にゅういん	入院	504	198	101	5	2
298980435	にゅうし	入試	504	190	37	4	2
75895892	にゅうしゅ	入手	128	198	101	5	2
479204437	にゅーす	ニュース	808	190	37	4	4
479073366	にゅーす	ニュース	808	190	37	4	4
75764823	にゅーよーく	ニューヨーク	127	192	45	6	6
388240472	にわ	庭	654	190	37	2	1
388109401	にわ	庭	654	190	37	2	1
75633754	にわか	にわか	127	200	120	3	3
522130523	にんき	人気	880	190	37	3	2
521999452	にんき	人気	880	190	37	3	2
521868381	にんき	人気	880	190	37	3	2
521737310	にんき	人気	880	190	37	3	2
344331359	にんぎょう	人形	580	190	37	5	2
344200288	にんぎょう	人形	580	190	37	5	2
529994849	にんげん	人間	893	190	37	4	2
529863778	にんげん	人間	893	190	37	4	2
529732707	にんげん	人間	893	190	37	4	2
379327588	にんしき	認識	639	198	101	4	2
396498021	にんずう	人数	668	190	37	4	2
396366950	にんずう	人数	668	190	37	4	2
396235879	にんずう	人数	668	190	37	4	2
396104808	にんずう	人数	668	190	37	4	2
75502697	にーず	ニーズ	127	190	37	3	3
75371626	にーず	ニーズ	127	190	37	3	3
75240555	にーず	ニーズ	126	190	37	3	3
75109484	にーず	ニーズ	126	190	37	3	3
74978413	にーず	ニーズ	126	190	37	3	3
74847342	ぬい	抜い	126	197	164	2	2
74716271	ぬい	抜い	126	197	164	2	2
74585200	ぬき	抜き	125	197	162	2	2
588715121	ぬけ	抜け	993	197	94	2	2
588584050	ぬけ	抜け	992	197	94	2	2
74454131	ぬけ	抜け	125	197	141	2	2
74323060	ぬけ	抜け	125	197	141	2	2
574428277	ぬの	布	968	190	37	2	1
491656310	ぬま	沼	829	190	37	2	1
491525239	ぬま	沼	829	190	37	2	1
435688568	ね	寝	734	197	95	1	1
74191993	ねあがり	値上がり	125	198	101	4	4
193991802	ねあげ	値上げ	327	198	101	3	3
193860731	ねあげ	値上げ	326	198	101	3	3
298849404	ねくたい	ネクタイ	504	190	37	4	4
521606269	ねこ	猫	879	190	37	2	1
521475198	ねこ	猫	879	190	37	2	1
521344127	ねこ	猫	879	190	37	2	1
521213056	ねこ	猫	879	190	37	2	1
74060929	ねさがり	値下がり	124	198	101	4	4
73929858	ねさげ	値下げ	124	198	101	3	3
73798787	ねさげ	値下げ	124	198	101	3	3
529601668	ねだん	値段	893	190	37	3	2
529470597	ねだん	値段	893	190	37	3	2
529339526	ねだん	値段	892	190	37	3	2
529208455	ねだん	値段	892	190	37	3	2
395973768	ねっしん	熱心	667	200	121	4	2
395842697	ねっしん	熱心	667	200	121	4	2
513021066	ねっとわーく	ネットワーク	865	190	37	6	6
512889995	ねっとわーく	ネットワーク	865	190	37	6	6
462296204	ねつ	熱	779	190	37	2	1
286266509	ねて	寝て	482	197	180	2	2
286135438	ねて	寝て	482	197	180	2	2
73667727	ねて	寝て	124	197	206	2	2
73536656	ねて	寝て	124	197	206	2	2
73405585	ねぱーる	ネパール	123	190	37	4	4
73274514	ねらい	狙い	123	190	37	3	2
73143443	ねらい	狙い	123	190	37	3	2
73012372	ねらい	狙い	123	190	37	3	2
72881301	ねんきん	年金	122	190	37	4	2
72750230	ねんきん	年金	122	190	37	4	2
369628311	ねんだい	年代	623	190	37	4	2
369497240	ねんだい	年代	623	190	37	4	2
317592729	ねんど	年度	535	190	37	3	2
317461658	ねんど	年度	535	220	80	3	2
344069275	ねんない	年内	580	190	37	4	2
343938204	ねんない	年内	580	190	37	4	2
343807133	ねんない	年内	579	190	37	4	2
491394206	ねんまつ	年末	828	190	37	4	2
491263135	ねんまつ	年末	828	190	37	4	2
72619168	ねんりょう	燃料	122	190	37	5	2
72488097	ねんりょう	燃料	122	190	37	5	2
72357026	ねんりょう	燃料	122	190	37	5	2
536417443	ねんれい	年齢	904	190	37	4	2
536286372	ねんれい	年齢	904	190	37	4	2
536155301	ねんれい	年齢	904	190	37	4	2
592581798	の	の	999	136	262	1	1
592450727	の	の	999	136	262	1	1
591926440	の	の	998	136	262	1	1
591533225	の	の	997	136	262	1	1
590746794	の	の	996	136	262	1	1
590222507	の	の	995	136	262	1	1
589698220	の	の	994	136	262	1	1
589173933	の	の	993	136	262	1	1
588387502	の	の	992	136	262	1	1
588125359	の	の	992	136	262	1	1
587470000	の	の	990	136	262	1	1
587207857	の	の	990	136	262	1	1
585110706	の	の	986	136	262	1	1
584717491	の	の	986	136	262	1	1
584455348	の	の	985	136	262	1	1
583275701	の	の	983	136	262	1	1
582751414	の	の	982	136	262	1	1
582227127	の	の	982	136	262	1	1
581964984	の	の	981	136	262	1	1
581571769	の	の	980	136	262	1	1
581309626	の	の	980	136	262	1	1
581178555	の	の	980	136	262	1	1
580916412	の	の	979	136	262	1	1
580654269	の	の	979	136	262	1	1
580523198	の	の	979	136	262	1	1
579998911	の	の	978	136	262	1	1
579474624	の	の	977	136	262	1	1
578163905	の	の	975	136	262	1	1
577770690	の	の	974	136	262	1	1
577377475	の	の	973	136	262	1	1
577115332	の	の	973	136	262	1	1
576984261	の	の	973	136	262	1	1
575542470	の	の	970	136	262	1	1
574756039	の	の	969	136	262	1	1
574362824	の	の	968	136	262	1	1
574100681	の	の	968	136	262	1	1
572003530	の	の	964	136	262	1	1
571479243	の	の	963	136	262	1	1
571217100	の	の	963	136	262	1	1
570037453	の	の	961	136	262	1	1
569775310	の	の	961	136	262	1	1
569644239	の	の	960	136	262	1	1
569251024	の	の	960	136	262	1	1
569119953	の	の	959	136	262	1	1
568988882	の	の	959	136	262	1	1
568595667	の	の	959	136	262	1	1
568071380	の	の	958	136	262	1	1
567284949	の	の	956	136	262	1	1
567022806	の	の	956	136	262	1	1
566629591	の	の	955	136	262	1	1
564794584	の	の	952	136	262	1	1
563877081	の	の	951	136	262	1	1
563746010	の	の	950	136	262	1	1
563483867	の	の	950	136	262	1	1
563221724	の	の	950	136	262	1	1
562566365	の	の	948	136	262	1	1
562173150	の	の	948	136	262	1	1
561779935	の	の	947	136	262	1	1
561255648	の	の	946	136	262	1	1
560338145	の	の	945	136	262	1	1
559813858	の	の	944	136	262	1	1
559289571	の	の	943	136	262	1	1
556930276	の	の	939	136	262	1	1
555750629	の	の	937	136	262	1	1
555488486	の	の	936	136	262	1	1
554439911	の	の	935	136	262	1	1
554177768	の	の	934	136	262	1	1
553915625	の	の	934	136	262	1	1
553784554	の	の	934	136	262	1	1
553391339	の	の	933	136	262	1	1
552867052	の	の	932	136	262	1	1
552604909	の	の	932	136	262	1	1
552473838	の	の	931	136	262	1	1
552211695	の	の	931	136	262	1	1
551949552	の	の	931	136	262	1	1
551425265	の	の	930	136	262	1	1
549328114	の	の	926	136	262	1	1
549065971	の	の	926	136	262	1	1
548803828	の	の	925	136	262	1	1
548410613	の	の	925	136	262	1	1
548017398	の	の	924	136	262	1	1
547886327	の	の	924	136	262	1	1
547755256	の	の	923	136	262	1	1
547624185	の	の	923	136	262	1	1
546313466	の	の	921	136	262	1	1
545789179	の	の	920	136	262	1	1
545395964	の	の	919	136	262	1	1
544871677	の	の	919	136	262	1	1
544609534	の	の	918	136	262	1	1
544085247	の	の	917	136	262	1	1
543823104	の	の	917	136	262	1	1
543560961	の	の	916	136	262	1	1
542774530	の	の	915	136	262	1	1
541725955	の	の	913	136	262	1	1
541332740	の	の	913	136	262	1	1
540415237	の	の	911	136	262	1	1
540153094	の	の	911	136	262	1	1
539890951	の	の	910	136	262	1	1
539759880	の	の	910	136	262	1	1
537793801	の	の	907	136	262	1	1
536876298	の	の	905	136	262	1	1
536614155	の	の	905	136	262	1	1
535827724	の	の	903	136	262	1	1
534123789	の	の	900	136	262	1	1
533599502	の	の	900	136	262	1	1
533206287	の	の	899	136	262	1	1
532682000	の	の	898	136	262	1	1
532419857	の	の	898	136	262	1	1
532026642	の	の	897	136	262	1	1
531502355	の	の	896	136	262	1	1
531109140	の	の	895	136	262	1	1
530978069	の	の	895	136	262	1	1
530584854	の	の	894	136	262	1	1
530060567	の	の	894	136	262	1	1
529011992	の	の	892	136	262	1	1
528880921	の	の	892	136	262	1	1
528225562	の	の	891	136	262	1	1
527963419	の	の	890	136	262	1	1
527439132	の	の	889	136	262	1	1
527308061	の	の	889	136	262	1	1
526521630	の	の	888	136	262	1	1
525997343	の	の	887	136	262	1	1
525866272	の	の	887	136	262	1	1
525473057	の	の	886	136	262	1	1
525079842	の	の	885	136	262	1	1
524686627	の	の	885	136	262	1	1
524162340	の	の	884	136	262	1	1
523900197	の	の	883	136	262	1	1
522982694	の	の	882	136	262	1	1
522720551	の	の	881	136	262	1	1
522458408	の	の	881	136	262	1	1
521934121	の	の	880	136	262	1	1
521671978	の	の	879	136	262	1	1
520885547	の	の	878	136	262	1	1
520099116	の	の	877	136	262	1	1
519574829	の	の	876	136	262	1	1
518853934	の	の	875	136	262	1	1
518460719	の	の	874	136	262	1	1
518329648	の	の	874	136	262	1	1
517412145	の	の	872	136	262	1	1
515839282	の	の	870	136	262	1	1
515577139	の	の	869	136	262	1	1
514921780	の	の	868	136	262	1	1
514790709	の	の	868	136	262	1	1
513873206	の	の	866	136	262	1	1
512955703	の	の	865	136	262	1	1
512562488	の	の	864	136	262	1	1
512038201	の	の	863	136	262	1	1
511513914	の	の	862	136	262	1	1
510727483	の	の	861	136	262	1	1
510334268	の	の	860	136	262	1	1
509285693	の	の	859	136	262	1	1
508630334	の	の	857	136	262	1	1
508106047	の	の	857	136	262	1	1
507974976	の	の	856	136	262	1	1
507581761	の	の	856	136	262	1	1
507319618	の	の	855	136	262	1	1
506533187	の	の	854	136	262	1	1
505222468	の	の	852	136	262	1	1
504698181	の	の	851	136	262	1	1
504567110	の	の	851	136	262	1	1
504042823	の	の	850	136	262	1	1
503780680	の	の	849	136	262	1	1
503387465	の	の	849	136	262	1	1
502863178	の	の	848	136	262	1	1
502469963	の	の	847	136	262	1	1
502207820	の	の	847	136	262	1	1
501814605	の	の	846	136	262	1	1
501683534	の	の	846	136	262	1	1
501159247	の	の	845	136	262	1	1
501028176	の	の	845	136	262	1	1
500241745	の	の	843	136	262	1	1
500110674	の	の	843	136	262	1	1
499848531	の	の	843	136	262	1	1
499717460	の	の	842	136	262	1	1
498931029	の	の	841	136	262	1	1
497358166	の	の	838	136	262	1	1
497096023	の	の	838	136	262	1	1
495916376	の	の	836	136	262	1	1
495785305	の	の	836	136	262	1	1
495392090	の	の	835	136	262	1	1
494998875	の	の	834	136	262	1	1
494212444	の	の	833	136	262	1	1
493557085	の	の	832	136	262	1	1
492770654	の	の	831	136	262	1	1
491984223	の	の	829	136	262	1	1
491853152	の	の	829	136	262	1	1
491328865	の	の	828	136	262	1	1
490804578	の	の	827	136	262	1	1
490542435	の	の	827	136	262	1	1
490018148	の	の	826	136	262	1	1
489100645	の	の	825	136	262	1	1
488838502	の	の	824	136	262	1	1
488576359	の	の	824	136	262	1	1
487921000	の	の	823	136	262	1	1
487789929	の	の	822	136	262	1	1
487265642	の	の	821	136	262	1	1
486217067	の	の	820	136	262	1	1
485037420	の	の	818	136	262	1	1
484119917	の	の	816	136	262	1	1
483333486	の	の	815	136	262	1	1
482415983	の	の	813	136	262	1	1
482284912	の	の	813	136	262	1	1
481760625	の	の	812	136	262	1	1
481367410	の	の	811	136	262	1	1
480712051	の	の	810	136	262	1	1
480318836	の	の	810	136	262	1	1
479663477	の	の	809	136	262	1	1
479008118	の	の	807	136	262	1	1
478221687	の	の	806	136	262	1	1
477566328	の	の	805	136	262	1	1
477304185	の	の	805	136	262	1	1
476779898	の	の	804	136	262	1	1
475993467	の	の	802	136	262	1	1
474682748	の	の	800	136	262	1	1
473503101	の	の	798	136	262	1	1
473109886	の	の	798	136	262	1	1
472192383	の	の	796	136	262	1	1
471930240	の	の	796	136	262	1	1
470095233	の	の	792	136	262	1	1
469702018	の	の	792	136	262	1	1
468260227	の	の	789	136	262	1	1
468129156	の	の	789	136	262	1	1
467342725	の	の	788	136	262	1	1
466949510	の	の	787	136	262	1	1
466556295	の	の	786	136	262	1	1
466163080	の	の	786	136	262	1	1
465769865	の	の	785	136	262	1	1
465507722	の	の	785	136	262	1	1
465114507	の	の	784	136	262	1	1
464590220	の	の	783	136	262	1	1
464459149	の	の	783	136	262	1	1
461837710	の	の	779	136	262	1	1
460920207	の	の	777	136	262	1	1
459085200	の	の	774	136	262	1	1
458036625	の	の	772	136	262	1	1
457643410	の	の	771	136	262	1	1
457381267	の	の	771	136	262	1	1
456988052	の	の	770	136	262	1	1
456463765	の	の	769	136	262	1	1
456332694	の	の	769	136	262	1	1
456070551	の	の	769	136	262	1	1
455415192	の	の	768	136	262	1	1
454890905	の	の	767	136	262	1	1
453973402	の	の	765	136	262	1	1
453842331	の	の	765	136	262	1	1
453449116	の	の	764	136	262	1	1
453055901	の	の	764	136	262	1	1
452924830	の	の	763	136	262	1	1
452269471	の	の	762	136	262	1	1
451876256	の	の	762	136	262	1	1
451483041	の	の	761	136	262	1	1
451351970	の	の	761	136	262	1	1
450958755	の	の	760	136	262	1	1
450434468	の	の	759	136	262	1	1
449910181	の	の	758	136	262	1	1
448206246	の	の	756	136	262	1	1
448075175	の	の	755	136	262	1	1
447026600	の	の	754	136	262	1	1
445978025	の	の	752	136	262	1	1
444405162	の	の	749	136	262	1	1
443487659	の	の	748	136	262	1	1
442832300	の	の	746	136	262	1	1
442570157	の	の	746	136	262	1	1
441652654	の	の	744	136	262	1	1
440997295	の	の	743	136	262	1	1
440604080	の	の	743	136	262	1	1
440210865	の	の	742	136	262	1	1
438900146	の	の	740	136	262	1	1
437982643	の	の	738	136	262	1	1
437851572	の	の	738	136	262	1	1
437327285	の	の	737	136	262	1	1
436409782	の	の	736	136	262	1	1
436278711	の	の	735	136	262	1	1
435492280	の	の	734	136	262	1	1
434836921	の	の	733	136	262	1	1
433919418	の	の	731	136	262	1	1
433788347	の	の	731	136	262	1	1
433395132	の	の	731	136	262	1	1
433001917	の	の	730	136	262	1	1
432608702	の	の	729	136	262	1	1
431035839	の	の	727	136	262	1	1
430773696	の	の	726	136	262	1	1
430511553	の	の	726	136	262	1	1
429987266	の	の	725	136	262	1	1
429594051	の	の	724	136	262	1	1
428938692	の	の	723	136	262	1	1
428021189	の	の	721	136	262	1	1
427627974	の	の	721	136	262	1	1
426841543	の	の	719	136	262	1	1
424875464	の	の	716	136	262	1	1
424613321	の	の	716	136	262	1	1
423040458	の	の	713	136	262	1	1
422385099	の	の	712	136	262	1	1
420681164	の	の	709	136	262	1	1
420419021	の	の	709	136	262	1	1
419894734	の	の	708	136	262	1	1
419370447	の	の	707	136	262	1	1
417797584	の	の	704	136	262	1	1
417404369	の	の	704	136	262	1	1
415962578	の	の	701	136	262	1	1
414127571	の	の	698	136	262	1	1
413472212	の	の	697	136	262	1	1
413078997	の	の	696	136	262	1	1
412554710	の	の	695	136	262	1	1
412030423	の	の	695	136	262	1	1
411768280	の	の	694	136	262	1	1
411375065	の	の	693	136	262	1	1
410850778	の	の	693	136	262	1	1
410457563	の	の	692	136	262	1	1
409802204	の	の	691	136	262	1	1
409408989	の	の	690	136	262	1	1
408753630	の	の	689	136	262	1	1
407967199	の	の	688	136	262	1	1
407573984	の	の	687	136	262	1	1
407049697	の	の	686	136	262	1	1
406656482	の	の	685	136	262	1	1
406394339	の	の	685	136	262	1	1
405476836	の	の	683	136	262	1	1
405214693	の	の	683	136	262	1	1
404166118	の	の	681	136	262	1	1
404035047	の	の	681	136	262	1	1
403903976	の	の	681	136	262	1	1
403379689	の	の	680	136	262	1	1
403117546	の	の	679	136	262	1	1
402593259	の	の	679	136	262	1	1
402068972	の	の	678	136	262	1	1
401544685	の	の	677	136	262	1	1
399840750	の	の	674	136	262	1	1
399316463	の	の	673	136	262	1	1
399054320	の	の	673	136	262	1	1
398923249	の	の	672	136	262	1	1
398530034	の	の	672	136	262	1	1
397743603	の	の	670	136	262	1	1
395515380	の	の	667	136	262	1	1
395253237	の	の	666	136	262	1	1
394860022	の	の	666	136	262	1	1
394204663	の	の	664	136	262	1	1
393811448	の	の	664	136	262	1	1
393418233	の	の	663	136	262	1	1
393287162	の	の	663	136	262	1	1
392893947	の	の	662	136	262	1	1
392762876	の	の	662	136	262	1	1
392631805	の	の	662	136	262	1	1
392369662	の	の	661	136	262	1	1
391714303	の	の	660	136	262	1	1
391190016	の	の	659	136	262	1	1
390796801	の	の	659	136	262	1	1
390665730	の	の	658	136	262	1	1
389879299	の	の	657	136	262	1	1
389617156	の	の	657	136	262	1	1
388830725	の	の	655	136	262	1	1
388437510	の	の	655	136	262	1	1
388306439	の	の	654	136	262	1	1
387651080	の	の	653	136	262	1	1
386602505	の	の	652	136	262	1	1
386340362	の	の	651	136	262	1	1
385553931	の	の	650	136	262	1	1
384636428	の	の	648	136	262	1	1
384505357	の	の	648	136	262	1	1
384374286	の	の	648	136	262	1	1
383849999	の	の	647	136	262	1	1
383587856	の	の	647	136	262	1	1
383194641	の	の	646	136	262	1	1
382932498	の	の	645	136	262	1	1
382801427	の	の	645	136	262	1	1
380966420	の	の	642	136	262	1	1
380179989	の	の	641	136	262	1	1
379655702	の	の	640	136	262	1	1
379131415	の	の	639	136	262	1	1
378738200	の	の	638	136	262	1	1
378344985	の	の	638	136	262	1	1
377689626	の	の	637	136	262	1	1
376641051	の	の	635	136	262	1	1
375592476	の	の	633	136	262	1	1
375461405	の	の	633	136	262	1	1
374150686	の	の	631	136	262	1	1
374019615	の	の	630	136	262	1	1
373233184	の	の	629	136	262	1	1
373102113	の	の	629	136	262	1	1
371267106	の	の	626	136	262	1	1
370873891	の	の	625	136	262	1	1
370611748	の	の	625	136	262	1	1
370349605	の	の	624	136	262	1	1
369563174	の	の	623	136	262	1	1
367859239	の	の	620	136	262	1	1
367466024	の	の	619	136	262	1	1
365893161	の	の	617	136	262	1	1
365106730	の	の	615	136	262	1	1
364713515	の	の	615	136	262	1	1
364451372	の	の	614	136	262	1	1
363664941	の	の	613	136	262	1	1
363271726	の	の	612	136	262	1	1
363140655	の	の	612	136	262	1	1
362485296	の	の	611	136	262	1	1
361961009	の	の	610	136	262	1	1
361567794	の	の	609	136	262	1	1
361436723	の	の	609	136	262	1	1
360912436	の	の	608	136	262	1	1
359470645	の	の	606	136	262	1	1
359208502	の	の	605	136	262	1	1
359077431	の	の	605	136	262	1	1
358291000	の	の	604	136	262	1	1
357897785	の	の	603	136	262	1	1
357504570	の	の	603	136	262	1	1
357111355	の	の	602	136	262	1	1
355931708	の	の	600	136	262	1	1
354096701	の	の	597	136	262	1	1
353310270	の	の	595	136	262	1	1
353048127	の	の	595	136	262	1	1
352392768	の	の	594	136	262	1	1
351737409	の	の	593	136	262	1	1
351213122	の	の	592	136	262	1	1
350688835	の	の	591	136	262	1	1
350426692	の	の	591	136	262	1	1
350033477	の	の	590	136	262	1	1
349771334	の	の	589	136	262	1	1
349509191	の	の	589	136	262	1	1
348722760	の	の	588	136	262	1	1
348460617	の	の	587	136	262	1	1
348329546	の	の	587	136	262	1	1
348067403	の	の	587	136	262	1	1
347674188	の	の	586	136	262	1	1
347543117	の	の	586	136	262	1	1
347018830	の	の	585	136	262	1	1
345970255	の	の	583	136	262	1	1
345314896	の	の	582	136	262	1	1
345052753	の	の	582	136	262	1	1
343348818	の	の	579	136	262	1	1
342562387	の	の	577	136	262	1	1
342300244	の	の	577	136	262	1	1
340727381	の	の	574	136	262	1	1
340203094	の	の	573	136	262	1	1
339809879	の	の	573	136	262	1	1
339416664	の	の	572	136	262	1	1
338892377	の	の	571	136	262	1	1
338499162	の	の	570	136	262	1	1
337581659	の	の	569	136	262	1	1
336533084	の	の	567	136	262	1	1
335091293	の	の	565	136	262	1	1
334829150	の	の	564	136	262	1	1
334698079	の	の	564	136	262	1	1
334567008	の	の	564	136	262	1	1
334173793	の	の	563	136	262	1	1
333780578	の	の	563	136	262	1	1
332994147	の	の	561	136	262	1	1
332207716	の	の	560	136	262	1	1
331552357	の	の	559	136	262	1	1
330765926	の	の	557	136	262	1	1
329586279	の	の	555	136	262	1	1
329193064	の	の	555	136	262	1	1
328930921	の	の	554	136	262	1	1
327751274	の	の	552	136	262	1	1
327095915	の	の	551	136	262	1	1
326047340	の	の	549	136	262	1	1
325654125	の	の	549	136	262	1	1
324343406	の	の	547	136	262	1	1
323425903	の	の	545	136	262	1	1
323163760	の	の	545	136	262	1	1
321459825	の	の	542	136	262	1	1
320673394	の	の	540	136	262	1	1
320018035	の	の	539	136	262	1	1
319362676	の	の	538	136	262	1	1
319100533	の	の	538	136	262	1	1
318051958	の	の	536	136	262	1	1
317658743	の	の	535	136	262	1	1
317527672	の	の	535	136	262	1	1
317265529	の	の	535	136	262	1	1
316872314	の	の	534	136	262	1	1
316610171	の	の	534	136	262	1	1
316085884	の	の	533	136	262	1	1
315037309	の	の	531	136	262	1	1
313857662	の	の	529	136	262	1	1
312415871	の	の	526	136	262	1	1
311629440	の	の	525	136	262	1	1
311367297	の	の	525	136	262	1	1
310711938	の	の	524	136	262	1	1
308876931	の	の	521	136	262	1	1
308483716	の	の	520	136	262	1	1
306910853	の	の	517	136	262	1	1
306779782	の	の	517	136	262	1	1
305731207	の	の	515	136	262	1	1
305206920	の	の	514	136	262	1	1
303371913	の	の	511	136	262	1	1
302978698	の	の	511	136	262	1	1
302323339	の	の	509	136	262	1	1
301930124	の	の	509	136	262	1	1
301536909	の	の	508	136	262	1	1
301405838	の	の	508	136	262	1	1
300881551	の	の	507	136	262	1	1
299046544	の	の	504	136	262	1	1
297080465	の	の	501	136	262	1	1
295900818	の	の	499	136	262	1	1
293803667	の	の	495	136	262	1	1
293410452	の	の	494	136	262	1	1
292230805	の	の	492	136	262	1	1
292099734	の	の	492	136	262	1	1
291313303	の	の	491	136	262	1	1
290789016	の	の	490	136	262	1	1
290264729	の	の	489	136	262	1	1
290002586	の	の	489	136	262	1	1
289347227	の	の	488	136	262	1	1
288822940	の	の	487	136	262	1	1
287905437	の	の	485	136	262	1	1
287381150	の	の	484	136	262	1	1
286987935	の	の	484	136	262	1	1
286594720	の	の	483	136	262	1	1
284890785	の	の	480	136	262	1	1
283973282	の	の	478	136	262	1	1
281876131	の	の	475	136	262	1	1
281613988	の	の	475	136	262	1	1
280827557	の	の	473	136	262	1	1
280565414	の	の	473	136	262	1	1
279910055	の	の	472	136	262	1	1
279647912	の	の	471	136	262	1	1
279123625	の	の	470	136	262	1	1
278075050	の	の	469	136	262	1	1
276371115	の	の	466	136	262	1	1
275846828	の	の	465	136	262	1	1
274929325	の	の	463	136	262	1	1
274405038	の	の	462	136	262	1	1
273487535	の	の	461	136	262	1	1
273225392	の	の	460	136	262	1	1
272963249	の	の	460	136	262	1	1
272832178	の	の	460	136	262	1	1
272701107	の	の	459	136	262	1	1
272307892	の	の	459	136	262	1	1
271652533	の	の	458	136	262	1	1
270210742	の	の	455	136	262	1	1
269162167	の	の	454	136	262	1	1
268637880	の	の	453	136	262	1	1
268113593	の	の	452	136	262	1	1
267458234	の	の	451	136	262	1	1
267196091	の	の	450	136	262	1	1
266802876	の	の	450	136	262	1	1
266409661	の	の	449	136	262	1	1
266278590	の	の	449	136	262	1	1
264574655	の	の	446	136	262	1	1
263132864	の	の	443	136	262	1	1
262608577	の	の	442	136	262	1	1
262477506	の	の	442	136	262	1	1
262346435	の	の	442	136	262	1	1
261953220	の	の	441	136	262	1	1
261560005	の	の	441	136	262	1	1
260642502	の	の	439	136	262	1	1
260380359	の	の	439	136	262	1	1
260118216	の	の	438	136	262	1	1
259856073	の	の	438	136	262	1	1
259462858	の	の	437	136	262	1	1
258545355	の	の	436	136	262	1	1
258414284	の	の	435	136	262	1	1
257758925	の	の	434	136	262	1	1
257103566	の	の	433	136	262	1	1
256841423	の	の	433	136	262	1	1
256054992	の	の	431	136	262	1	1
255399633	の	の	430	136	262	1	1
255137490	の	の	430	136	262	1	1
254744275	の	の	429	136	262	1	1
253433556	の	の	427	136	262	1	1
253302485	の	の	427	136	262	1	1
252516054	の	の	425	136	262	1	1
251729623	の	の	424	136	262	1	1
251074264	の	の	423	136	262	1	1
250549977	の	の	422	136	262	1	1
249763546	の	の	421	136	262	1	1
249370331	の	の	420	136	262	1	1
248714972	の	の	419	136	262	1	1
248190685	の	の	418	136	262	1	1
248059614	の	の	418	136	262	1	1
246355679	の	の	415	136	262	1	1
245307104	の	の	413	136	262	1	1
243996385	の	の	411	136	262	1	1
243209954	の	の	410	136	262	1	1
242030307	の	の	408	136	262	1	1
241637092	の	の	407	136	262	1	1
241506021	の	の	407	136	262	1	1
241374950	の	の	407	136	262	1	1
240719591	の	の	406	136	262	1	1
240457448	の	の	405	136	262	1	1
239933161	の	の	404	136	262	1	1
239015658	の	の	403	136	262	1	1
238491371	の	の	402	136	262	1	1
238360300	の	の	402	136	262	1	1
237967085	の	の	401	136	262	1	1
237704942	の	の	400	136	262	1	1
236656367	の	の	399	136	262	1	1
236394224	の	の	398	136	262	1	1
235476721	の	の	397	136	262	1	1
234166002	の	の	394	136	262	1	1
233903859	の	の	394	136	262	1	1
232986356	の	の	392	136	262	1	1
232199925	の	の	391	136	262	1	1
231937782	の	の	391	136	262	1	1
231413495	の	の	390	136	262	1	1
230233848	の	の	388	136	262	1	1
229578489	の	の	387	136	262	1	1
229054202	の	の	386	136	262	1	1
228005627	の	の	384	136	262	1	1
227481340	の	の	383	136	262	1	1
227219197	の	の	383	136	262	1	1
226301694	の	の	381	136	262	1	1
226170623	の	の	381	136	262	1	1
224597760	の	の	378	136	262	1	1
224204545	の	の	378	136	262	1	1
223155970	の	の	376	136	262	1	1
222369539	の	の	375	136	262	1	1
222238468	の	の	374	136	262	1	1
220403461	の	の	371	136	262	1	1
219092742	の	の	369	136	262	1	1
218961671	の	の	369	136	262	1	1
218044168	の	の	367	136	262	1	1
217388809	の	の	366	136	262	1	1
217257738	の	の	366	136	262	1	1
215947019	の	の	364	136	262	1	1
215815948	の	の	364	136	262	1	1
215029517	の	の	362	136	262	1	1
214636302	の	の	362	136	262	1	1
213718799	の	の	360	136	262	1	1
213194512	の	の	359	136	262	1	1
212277009	の	の	358	136	262	1	1
211883794	の	の	357	136	262	1	1
211359507	の	の	356	136	262	1	1
211097364	の	の	356	136	262	1	1
210573077	の	の	355	136	262	1	1
210179862	の	の	354	136	262	1	1
209786647	の	の	353	136	262	1	1
209393432	の	の	353	136	262	1	1
209131289	の	の	352	136	262	1	1
208869146	の	の	352	136	262	1	1
208344859	の	の	351	136	262	1	1
208082716	の	の	350	136	262	1	1
207427357	の	の	349	136	262	1	1
206771998	の	の	348	136	262	1	1
205592351	の	の	346	136	262	1	1
205199136	の	の	346	136	262	1	1
204019489	の	の	344	136	262	1	1
202446626	の	の	341	136	262	1	1
201922339	の	の	340	136	262	1	1
201135908	の	の	339	136	262	1	1
199431973	の	の	336	136	262	1	1
197859110	の	の	333	136	262	1	1
197596967	の	の	333	136	262	1	1
197334824	の	の	332	136	262	1	1
197072681	の	の	332	136	262	1	1
196679466	の	の	331	136	262	1	1
196417323	の	の	331	136	262	1	1
196155180	の	の	330	136	262	1	1
195893037	の	の	330	136	262	1	1
195106606	の	の	329	136	262	1	1
193533743	の	の	326	136	262	1	1
192616240	の	の	324	136	262	1	1
191829809	の	の	323	136	262	1	1
191436594	の	の	322	136	262	1	1
191043379	の	の	322	136	262	1	1
190781236	の	の	321	136	262	1	1
190388021	の	の	321	136	262	1	1
188159798	の	の	317	136	262	1	1
187504439	の	の	316	136	262	1	1
187373368	の	の	316	136	262	1	1
186193721	の	の	314	136	262	1	1
185931578	の	の	313	136	262	1	1
185669435	の	の	313	136	262	1	1
184883004	の	の	311	136	262	1	1
184358717	の	の	310	136	262	1	1
182654782	の	の	308	136	262	1	1
181606207	の	の	306	136	262	1	1
181344064	の	の	305	136	262	1	1
181081921	の	の	305	136	262	1	1
180295490	の	の	304	136	262	1	1
180033347	の	の	303	136	262	1	1
179902276	の	の	303	136	262	1	1
176887621	の	の	298	136	262	1	1
175970118	の	の	296	136	262	1	1
175707975	の	の	296	136	262	1	1
175576904	の	の	296	136	262	1	1
174004041	の	の	293	136	262	1	1
172037962	の	の	290	136	262	1	1
171251531	の	の	288	136	262	1	1
171120460	の	の	288	136	262	1	1
170858317	の	の	288	136	262	1	1
170071886	の	の	286	136	262	1	1
167843663	の	の	283	136	262	1	1
163911504	の	の	276	136	262	1	1
163387217	の	の	275	136	262	1	1
162469714	の	の	274	136	262	1	1
161945427	の	の	273	136	262	1	1
161552212	の	の	272	136	262	1	1
161421141	の	の	272	136	262	1	1
160634710	の	の	270	136	262	1	1
160503639	の	の	270	136	262	1	1
160372568	の	の	270	136	262	1	1
158799705	の	の	267	136	262	1	1
158144346	の	の	266	136	262	1	1
156964699	の	の	264	136	262	1	1
156702556	の	の	264	136	262	1	1
156309341	の	の	263	136	262	1	1
155522910	の	の	262	136	262	1	1
155391839	の	の	262	136	262	1	1
154867552	の	の	261	136	262	1	1
154736481	の	の	260	136	262	1	1
154474338	の	の	260	136	262	1	1
154081123	の	の	259	136	262	1	1
153818980	の	の	259	136	262	1	1
153163621	の	の	258	136	262	1	1
153032550	の	の	258	136	262	1	1
152246119	の	の	256	136	262	1	1
151197544	の	の	255	136	262	1	1
150411113	の	の	253	136	262	1	1
150148970	の	の	253	136	262	1	1
148969323	の	の	251	136	262	1	1
148707180	の	の	250	136	262	1	1
147920749	の	の	249	136	262	1	1
147527534	の	の	248	136	262	1	1
147265391	の	の	248	136	262	1	1
146347888	の	の	246	136	262	1	1
146085745	の	の	246	136	262	1	1
145692530	の	の	245	136	262	1	1
144381811	の	の	243	136	262	1	1
143857524	の	の	242	136	262	1	1
143333237	の	の	241	136	262	1	1
143202166	の	の	241	136	262	1	1
142677879	の	の	240	136	262	1	1
142546808	の	の	240	136	262	1	1
142153593	の	の	239	136	262	1	1
141498234	の	の	238	136	262	1	1
141367163	の	の	238	136	262	1	1
140318588	の	の	236	136	262	1	1
139270013	の	の	234	136	262	1	1
138745726	の	の	234	136	262	1	1
137828223	の	の	232	136	262	1	1
137435008	の	の	231	136	262	1	1
136517505	の	の	230	136	262	1	1
135600002	の	の	228	136	262	1	1
135206787	の	の	228	136	262	1	1
134944644	の	の	227	136	262	1	1
134551429	の	の	226	136	262	1	1
134420358	の	の	226	136	262	1	1
133896071	の	の	225	136	262	1	1
133371784	の	の	224	136	262	1	1
133240713	の	の	224	136	262	1	1
133109642	の	の	224	136	262	1	1
132978571	の	の	224	136	262	1	1
131798924	の	の	222	136	262	1	1
131274637	の	の	221	136	262	1	1
130881422	の	の	220	136	262	1	1
130226063	の	の	219	136	262	1	1
128653200	の	の	217	136	262	1	1
127866769	の	の	215	136	262	1	1
127735698	の	の	215	136	262	1	1
126162835	の	の	212	136	262	1	1
125114260	の	の	211	136	262	1	1
124983189	の	の	210	136	262	1	1
123148182	の	の	207	136	262	1	1
121968535	の	の	205	136	262	1	1
121837464	の	の	205	136	262	1	1
121182105	の	の	204	136	262	1	1
120133530	の	の	202	136	262	1	1
119740315	の	の	201	136	262	1	1
118953884	の	の	200	136	262	1	1
118691741	の	の	200	136	262	1	1
118429598	の	の	199	136	262	1	1
117512095	の	の	198	136	262	1	1
117118880	の	の	197	136	262	1	1
116201377	の	の	195	136	262	1	1
115939234	の	の	195	136	262	1	1
115546019	の	の	194	136	262	1	1
114759588	の	の	193	136	262	1	1
114235301	の	の	192	136	262	1	1
113842086	の	の	192	136	262	1	1
113448871	の	の	191	136	262	1	1
113186728	の	の	190	136	262	1	1
112531369	の	の	189	136	262	1	1
112269226	の	の	189	136	262	1	1
111220651	の	の	187	136	262	1	1
110827436	の	の	186	136	262	1	1
110303149	の	の	186	136	262	1	1
109778862	の	の	185	136	262	1	1
109385647	の	の	184	136	262	1	1
108337072	の	の	182	136	262	1	1
108206001	の	の	182	136	262	1	1
107550642	の	の	181	136	262	1	1
106502067	の	の	179	136	262	1	1
105060276	の	の	177	136	262	1	1
103356341	の	の	174	136	262	1	1
100997046	の	の	170	136	262	1	1
100734903	の	の	169	136	262	1	1
99424184	の	の	167	136	262	1	1
99293113	の	の	167	136	262	1	1
98768826	の	の	166	136	262	1	1
98637755	の	の	166	136	262	1	1
98244540	の	の	165	136	262	1	1
98113469	の	の	165	136	262	1	1
89724862	の	の	151	136	262	1	1
87234495	の	の	147	136	262	1	1
85923776	の	の	144	136	262	1	1
85399489	の	の	144	136	262	1	1
85268418	の	の	143	136	262	1	1
85137347	の	の	143	136	262	1	1
84481988	の	の	142	136	262	1	1
83826629	の	の	141	136	262	1	1
83040198	の	の	140	136	262	1	1
82646983	の	の	139	136	262	1	1
82253768	の	の	138	136	262	1	1
81729481	の	の	137	136	262	1	1
81205194	の	の	136	136	262	1	1
80418763	の	の	135	136	262	1	1
79763404	の	の	134	136	262	1	1
77797325	の	の	131	136	262	1	1
77404110	の	の	130	136	262	1	1
77141967	の	の	130	136	262	1	1
76748752	の	の	129	136	262	1	1
76486609	の	の	129	136	262	1	1
75831250	の	の	127	136	262	1	1
75306963	の	の	127	136	262	1	1
73471956	の	の	123	136	262	1	1
72816597	の	の	122	136	262	1	1
72685526	の	の	122	136	262	1	1
72292311	の	の	121	136	262	1	1
69801944	の	の	117	136	262	1	1
67835865	の	の	114	136	262	1	1
66918362	の	の	112	136	262	1	1
66263003	の	の	111	136	262	1	1
65214428	の	の	109	136	262	1	1
64690141	の	の	109	136	262	1	1
64296926	の	の	108	136	262	1	1
63903711	の	の	107	136	262	1	1
62855136	の	の	106	136	262	1	1
62724065	の	の	105	136	262	1	1
62461922	の	の	105	136	262	1	1
62330851	の	の	105	136	262	1	1
61937636	の	の	104	136	262	1	1
61806565	の	の	104	136	262	1	1
60757990	の	の	102	136	262	1	1
59447271	の	の	100	136	262	1	1
59185128	の	の	99	136	262	1	1
58398697	の	の	98	136	262	1	1
58005482	の	の	97	136	262	1	1
57874411	の	の	97	136	262	1	1
55121900	の	の	92	136	262	1	1
54597613	の	の	92	136	262	1	1
54073326	の	の	91	136	262	1	1
53942255	の	の	90	136	262	1	1
53811184	の	の	90	136	262	1	1
53417969	の	の	90	136	262	1	1
53024754	の	の	89	136	262	1	1
52762611	の	の	88	136	262	1	1
51320820	の	の	86	136	262	1	1
51189749	の	の	86	136	262	1	1
49879030	の	の	84	136	262	1	1
49092599	の	の	82	136	262	1	1
48437240	の	の	81	136	262	1	1
46733305	の	の	78	136	262	1	1
46340090	の	の	78	136	262	1	1
45422587	の	の	76	136	262	1	1
44636156	の	の	75	136	262	1	1
44374013	の	の	74	136	262	1	1
44111870	の	の	74	136	262	1	1
43980799	の	の	74	136	262	1	1
43325440	の	の	73	136	262	1	1
42801153	の	の	72	136	262	1	1
42276866	の	の	71	136	262	1	1
42145795	の	の	71	136	262	1	1
42014724	の	の	70	136	262	1	1
41490437	の	の	69	136	262	1	1
41228294	の	の	69	136	262	1	1
39786503	の	の	67	136	262	1	1
39655432	の	の	66	136	262	1	1
39524361	の	の	66	136	262	1	1
39000074	の	の	65	136	262	1	1
38869003	の	の	65	136	262	1	1
38737932	の	の	65	136	262	1	1
37558285	の	の	63	136	262	1	1
37296142	の	の	62	136	262	1	1
36771855	の	の	62	136	262	1	1
35985424	の	の	60	136	262	1	1
35198993	の	の	59	136	262	1	1
34805778	の	の	58	136	262	1	1
34543635	の	の	58	136	262	1	1
33757204	の	の	56	136	262	1	1
33495061	の	の	56	136	262	1	1
33232918	の	の	56	136	262	1	1
32315415	の	の	54	136	262	1	1
31791128	の	の	53	136	262	1	1
31266841	の	の	52	136	262	1	1
31004698	の	の	52	136	262	1	1
29562907	の	の	49	136	262	1	1
27990044	の	の	47	136	262	1	1
27596829	の	の	46	136	262	1	1
27072542	の	の	45	136	262	1	1
26941471	の	の	45	136	262	1	1
26417184	の	の	44	136	262	1	1
25499681	の	の	43	136	262	1	1
23926818	の	の	40	136	262	1	1
22878243	の	の	38	136	262	1	1
19601444	の	の	33	136	262	1	1
17766437	の	の	29	136	262	1	1
17373222	の	の	29	136	262	1	1
16193575	の	の	27	136	262	1	1
15931432	の	の	26	136	262	1	1
15145001	の	の	25	136	262	1	1
14489642	の	の	24	136	262	1	1
14096427	の	の	23	136	262	1	1
13965356	の	の	23	136	262	1	1
13178925	の	の	22	136	262	1	1
13047854	の	の	21	136	262	1	1
11737135	の	の	19	136	262	1	1
11474992	の	の	19	136	262	1	1
11212849	の	の	18	136	262	1	1
10688562	の	の	18	136	262	1	1
9771059	の	の	16	136	262	1	1
9246772	の	の	15	136	262	1	1
8853557	の	の	14	136	262	1	1
8591414	の	の	14	136	262	1	1
8329271	の	の	14	136	262	1	1
7804984	の	の	13	136	262	1	1
6625337	の	の	11	136	262	1	1
6101050	の	の	10	136	262	1	1
4790331	の	の	8	136	262	1	1
4528188	の	の	7	136	262	1	1
4266045	の	の	7	136	262	1	1
3741758	の	の	6	136	262	1	1
3348543	の	の	5	136	262	1	1
3086400	の	の	5	136	262	1	1
2037825	の	の	3	136	262	1	1
1906754	の	の	3	136	262	1	1
1513539	の	の	2	136	262	1	1
1251396	の	の	2	136	262	1	1
464965	の	の	0	136	262	1	1
202822	の	の	0	136	262	1	1
498866247	のう	脳	841	190	37	2	1
72226888	のうか	農家	121	190	41	3	2
72095817	のうか	農家	121	190	41	3	2
71964746	のうか	農家	121	190	41	3	2
71833675	のうか	農家	121	190	41	3	2
71702604	のうはう	ノウハウ	120	190	37	4	4
71571533	のうはう	ノウハウ	120	190	37	4	4
536025166	のうりょく	能力	904	190	37	5	2
535894095	のうりょく	能力	903	190	37	5	2
535763024	のうりょく	能力	903	190	37	5	2
535631953	のうりょく	能力	903	190	37	5	2
71440466	のがれ	逃れ	120	197	94	3	2
71309395	のがれ	逃れ	120	197	94	3	2
71178324	のがれ	逃れ	120	197	94	3	2
71047253	のがれ	逃れ	119	197	94	3	2
70916182	のこし	残し	119	197	164	3	2
70785111	のこし	残し	119	197	164	3	2
70654040	のこした	残した	119	197	151	4	3
70522969	のこして	残して	118	197	206	4	3
70391898	のこっ	残っ	118	197	164	3	2
70260827	のこっ	残っ	118	197	164	3	2
70129756	のこった	残った	118	197	151	4	3
69998685	のこって	残って	118	197	206	4	3
69867614	のこって	残って	117	197	206	4	3
505157727	のこり	残り	852	190	37	3	2
505026656	のこり	残り	851	190	37	3	2
69736545	のこり	残り	117	197	162	3	2
69605474	のこり	残り	117	197	162	3	2
369367139	のせ	載せ	623	197	95	2	2
369236068	のせ	載せ	622	197	95	2	2
369104997	のせ	載せ	622	197	95	2	2
245897318	のぞみ	望み	414	190	37	3	2
245766247	のぞみ	望み	414	190	37	3	2
69474408	のぞみ	望み	117	197	162	3	2
69343337	のぞみ	望み	116	197	162	3	2
69212266	のぞん	望ん	116	197	163	3	2
69081195	のぞん	望ん	116	197	163	3	2
545069164	のち	後	919	190	37	2	1
544938093	のち	後	919	190	37	2	1
544807022	のち	後	918	190	37	2	1
193730671	のち	のち	326	190	37	2	2
193599600	のち	のち	326	190	37	2	2
193468529	のち	のち	326	190	37	2	2
68950130	のっ	乗っ	116	197	164	2	2
68819059	のっ	乗っ	116	197	164	2	2
68687988	のった	乗った	115	197	151	3	3
387979381	のって	乗って	654	197	180	3	3
387848310	のって	乗って	654	197	180	3	3
355604599	のど	のど	599	190	37	2	2
355473528	のど	のど	599	190	37	2	2
355342457	のど	のど	599	190	37	2	2
355211386	のど	のど	599	190	37	2	2
68556923	のばし	伸ばし	115	197	162	3	3
68425852	のばし	伸ばし	115	197	164	3	3
68294781	のばし	伸ばし	115	197	164	3	3
68163710	のび	伸び	114	197	94	2	2
343677055	のべ	述べ	579	197	94	2	2
343545984	のべ	述べ	579	197	94	2	2
343414913	のべ	述べ	579	197	94	2	2
68032642	のぼり	上り	114	197	162	3	2
67901571	のま	飲ま	114	197	165	2	2
425334916	のむ	飲む	717	197	161	2	2
425203845	のむ	飲む	717	197	161	2	2
67770502	のるうぇー	ノルウェー	114	192	45	5	5
67639431	のん	飲ん	114	197	163	2	2
67508360	のん	飲ん	113	197	163	2	2
470423689	のーと	ノート	793	198	101	3	3
470292618	のーと	ノート	793	198	101	3	3
592058507	は	は	998	143	224	1	1
591665292	は	は	998	143	224	1	1
588912781	は	は	993	143	224	1	1
588519566	は	は	992	143	224	1	1
587602063	は	は	991	143	224	1	1
586553488	は	は	989	143	224	1	1
584587409	は	は	986	143	224	1	1
583800978	は	は	984	143	224	1	1
583014547	は	は	983	143	224	1	1
582359188	は	は	982	143	224	1	1
581048469	は	は	980	143	224	1	1
580786326	は	は	979	143	224	1	1
580262039	は	は	978	143	224	1	1
578033816	は	は	975	143	224	1	1
577247385	は	は	973	143	224	1	1
575936666	は	は	971	143	224	1	1
575412379	は	は	970	143	224	1	1
575281308	は	は	970	143	224	1	1
573315229	は	は	967	143	224	1	1
572790942	は	は	966	143	224	1	1
571349151	は	は	963	143	224	1	1
570300576	は	は	961	143	224	1	1
568727713	は	は	959	143	224	1	1
568465570	は	は	958	143	224	1	1
567548067	は	は	957	143	224	1	1
567154852	は	は	956	143	224	1	1
564533413	は	は	952	143	224	1	1
562436262	は	は	948	143	224	1	1
561387687	は	は	946	143	224	1	1
561125544	は	は	946	143	224	1	1
559421609	は	は	943	143	224	1	1
558766250	は	は	942	143	224	1	1
555882667	は	は	937	143	224	1	1
555227308	は	は	936	143	224	1	1
552343725	は	は	931	143	224	1	1
552081582	は	は	931	143	224	1	1
551688367	は	は	930	143	224	1	1
551557296	は	は	930	143	224	1	1
549460145	は	は	926	143	224	1	1
549198002	は	は	926	143	224	1	1
545659059	は	は	920	143	224	1	1
543037620	は	は	915	143	224	1	1
542251189	は	は	914	143	224	1	1
541857974	は	は	913	143	224	1	1
541071543	は	は	912	143	224	1	1
539629752	は	は	910	143	224	1	1
539236537	は	は	909	143	224	1	1
538319034	は	は	908	143	224	1	1
537663675	は	は	906	143	224	1	1
537008316	は	は	905	143	224	1	1
536221885	は	は	904	143	224	1	1
535697598	は	は	903	143	224	1	1
532551871	は	は	898	143	224	1	1
531372224	は	は	896	143	224	1	1
530716865	は	は	895	143	224	1	1
529799362	は	は	893	143	224	1	1
529537219	は	は	893	143	224	1	1
528095428	は	は	890	143	224	1	1
527702213	は	は	890	143	224	1	1
526784710	は	は	888	143	224	1	1
525605063	は	は	886	143	224	1	1
525211848	は	は	885	143	224	1	1
524556489	は	は	884	143	224	1	1
524032202	は	は	883	143	224	1	1
521803979	は	は	880	143	224	1	1
521279692	は	は	879	143	224	1	1
518199501	は	は	874	143	224	1	1
516626638	は	は	871	143	224	1	1
516102351	は	は	870	143	224	1	1
514660560	は	は	868	143	224	1	1
511908049	は	は	863	143	224	1	1
511252690	は	は	862	143	224	1	1
507713747	は	は	856	143	224	1	1
505092308	は	は	851	143	224	1	1
504436949	は	は	850	143	224	1	1
500373718	は	は	844	143	224	1	1
497752279	は	は	839	143	224	1	1
497227992	は	は	838	143	224	1	1
495524057	は	は	835	143	224	1	1
494737626	は	は	834	143	224	1	1
493689051	は	は	832	143	224	1	1
492378332	は	は	830	143	224	1	1
490412253	は	は	827	143	224	1	1
487528670	は	は	822	143	224	1	1
486086879	は	は	819	143	224	1	1
484382944	は	は	817	143	224	1	1
480581857	は	は	810	143	224	1	1
478484706	は	は	807	143	224	1	1
473897187	は	は	799	143	224	1	1
472062180	は	は	796	143	224	1	1
471275749	は	は	794	143	224	1	1
470620390	は	は	793	143	224	1	1
467474663	は	は	788	143	224	1	1
464722152	は	は	783	143	224	1	1
464328937	は	は	783	143	224	1	1
462756074	は	は	780	143	224	1	1
461052139	は	は	777	143	224	1	1
455284972	は	は	767	143	224	1	1
455022829	は	は	767	143	224	1	1
453187822	は	は	764	143	224	1	1
452008175	は	は	762	143	224	1	1
450697456	は	は	760	143	224	1	1
449648881	は	は	758	143	224	1	1
445716722	は	は	751	143	224	1	1
443619571	は	は	748	143	224	1	1
442964212	は	は	747	143	224	1	1
441784565	は	は	745	143	224	1	1
441129206	は	は	744	143	224	1	1
438376695	は	は	739	143	224	1	1
436934904	は	は	737	143	224	1	1
435886329	は	は	735	143	224	1	1
434444538	は	は	732	143	224	1	1
431692027	は	は	728	143	224	1	1
431429884	は	は	727	143	224	1	1
429725949	は	は	724	143	224	1	1
428284158	は	は	722	143	224	1	1
427497727	は	は	721	143	224	1	1
426711296	は	は	719	143	224	1	1
423303425	は	は	714	143	224	1	1
422123778	は	は	712	143	224	1	1
419240195	は	は	707	143	224	1	1
417274116	は	は	703	143	224	1	1
417143045	は	は	703	143	224	1	1
416880902	は	は	703	143	224	1	1
414521607	は	は	699	143	224	1	1
412162312	は	は	695	143	224	1	1
410720521	は	は	692	143	224	1	1
406001930	は	は	684	143	224	1	1
404822283	は	は	682	143	224	1	1
403249420	は	は	680	143	224	1	1
402331917	は	は	678	143	224	1	1
396695822	は	は	669	143	224	1	1
396171535	は	は	668	143	224	1	1
394467600	は	は	665	143	224	1	1
392501521	は	は	662	143	224	1	1
391977234	は	は	661	143	224	1	1
390928659	は	は	659	143	224	1	1
387389716	は	は	653	143	224	1	1
385030421	は	は	649	143	224	1	1
384768278	は	は	649	143	224	1	1
380836119	は	は	642	143	224	1	1
380311832	は	は	641	143	224	1	1
378476825	は	は	638	143	224	1	1
366287130	は	は	617	143	224	1	1
365500699	は	は	616	143	224	1	1
364976412	は	は	615	143	224	1	1
364583197	は	は	614	143	224	1	1
363010334	は	は	612	143	224	1	1
359733535	は	は	606	143	224	1	1
357767456	は	は	603	143	224	1	1
354621729	は	は	598	143	224	1	1
354228514	は	は	597	143	224	1	1
352131363	は	は	593	143	224	1	1
351869220	は	は	593	143	224	1	1
351344933	は	は	592	143	224	1	1
350951718	は	は	591	143	224	1	1
349378855	は	は	589	143	224	1	1
347937064	は	は	586	143	224	1	1
342694185	は	は	578	143	224	1	1
337844522	は	は	569	143	224	1	1
337320235	は	は	568	143	224	1	1
336664876	は	は	567	143	224	1	1
334305581	は	は	563	143	224	1	1
330897710	は	は	558	143	224	1	1
330373423	は	は	557	143	224	1	1
329324848	は	は	555	143	224	1	1
326834481	は	は	551	143	224	1	1
325523762	は	は	549	143	224	1	1
324475187	は	は	547	143	224	1	1
324081972	は	は	546	143	224	1	1
312809781	は	は	527	143	224	1	1
308222262	は	は	519	143	224	1	1
306125111	は	は	516	143	224	1	1
304421176	は	は	513	143	224	1	1
302455097	は	は	510	143	224	1	1
293280058	は	は	494	143	224	1	1
291707195	は	は	492	143	224	1	1
287643964	は	は	485	143	224	1	1
286005565	は	葉	482	190	37	1	1
285874494	は	葉	482	190	37	1	1
284105023	は	は	479	143	224	1	1
283056448	は	は	477	143	224	1	1
282007873	は	は	475	143	224	1	1
281221442	は	は	474	143	224	1	1
280435011	は	は	473	143	224	1	1
279517508	は	は	471	143	224	1	1
278206789	は	は	469	143	224	1	1
276109638	は	は	465	143	224	1	1
273357127	は	は	461	143	224	1	1
272439624	は	は	459	143	224	1	1
270604617	は	は	456	143	224	1	1
269818186	は	は	455	143	224	1	1
266934603	は	は	450	143	224	1	1
259070284	は	は	436	143	224	1	1
252778829	は	は	426	143	224	1	1
252254542	は	は	425	143	224	1	1
251468111	は	は	424	143	224	1	1
248584528	は	は	419	143	224	1	1
246487377	は	は	415	143	224	1	1
243865938	は	は	411	143	224	1	1
243472723	は	は	410	143	224	1	1
243079508	は	は	410	143	224	1	1
240851285	は	は	406	143	224	1	1
240195926	は	は	405	143	224	1	1
239802711	は	は	404	143	224	1	1
238885208	は	は	402	143	224	1	1
234035545	は	は	394	143	224	1	1
233118042	は	は	393	143	224	1	1
231807323	は	は	391	143	224	1	1
228268380	は	は	385	143	224	1	1
227613021	は	は	383	143	224	1	1
224991582	は	は	379	143	224	1	1
223549791	は	は	377	143	224	1	1
221583712	は	は	373	143	224	1	1
220535137	は	は	371	143	224	1	1
215423330	は	は	363	143	224	1	1
213850467	は	は	360	143	224	1	1
211491172	は	は	356	143	224	1	1
210835813	は	は	355	143	224	1	1
210311526	は	は	354	143	224	1	1
210049383	は	は	354	143	224	1	1
207821160	は	は	350	143	224	1	1
205986153	は	は	347	143	224	1	1
205724010	は	は	347	143	224	1	1
198777195	は	は	335	143	224	1	1
198646124	は	は	335	143	224	1	1
196811117	は	は	331	143	224	1	1
193927534	は	は	327	143	224	1	1
193010031	は	は	325	143	224	1	1
189208944	は	は	319	143	224	1	1
187767153	は	は	316	143	224	1	1
185801074	は	は	313	143	224	1	1
185538931	は	は	312	143	224	1	1
184621428	は	は	311	143	224	1	1
183179637	は	は	308	143	224	1	1
181475702	は	は	306	143	224	1	1
173480311	は	は	292	143	224	1	1
169941368	は	は	286	143	224	1	1
168106361	は	は	283	143	224	1	1
166009210	は	は	280	143	224	1	1
165615995	は	は	279	143	224	1	1
165091708	は	は	278	143	224	1	1
162208125	は	は	273	143	224	1	1
156572030	は	は	264	143	224	1	1
155261311	は	は	261	143	224	1	1
154212736	は	は	260	143	224	1	1
153295233	は	は	258	143	224	1	1
150804866	は	は	254	143	224	1	1
148838787	は	は	251	143	224	1	1
147659140	は	は	249	143	224	1	1
145430917	は	は	245	143	224	1	1
144644486	は	は	243	143	224	1	1
144513415	は	は	243	143	224	1	1
142809480	は	は	240	143	224	1	1
141629833	は	は	238	143	224	1	1
138615178	は	は	233	143	224	1	1
138353035	は	は	233	143	224	1	1
137566604	は	は	232	143	224	1	1
136911245	は	は	230	143	224	1	1
135993742	は	は	229	143	224	1	1
134027663	は	は	226	143	224	1	1
131406224	は	は	221	143	224	1	1
128915857	は	は	217	143	224	1	1
126818706	は	は	213	143	224	1	1
123935123	は	は	209	143	224	1	1
121313684	は	は	204	143	224	1	1
115677589	は	は	195	143	224	1	1
114629014	は	は	193	143	224	1	1
113318295	は	は	191	143	224	1	1
108468632	は	は	182	143	224	1	1
107682201	は	は	181	143	224	1	1
107288986	は	は	180	143	224	1	1
103094683	は	は	173	143	224	1	1
102046108	は	は	172	143	224	1	1
101390749	は	は	171	143	224	1	1
90511774	は	は	152	143	224	1	1
87890335	は	は	148	143	224	1	1
82909600	は	は	139	143	224	1	1
82385313	は	は	138	143	224	1	1
77535650	は	は	130	143	224	1	1
76356003	は	は	128	143	224	1	1
75176356	は	は	126	143	224	1	1
73341349	は	は	123	143	224	1	1
72161702	は	は	121	143	224	1	1
69671335	は	は	117	143	224	1	1
66132392	は	は	111	143	224	1	1
59316649	は	は	100	143	224	1	1
58661290	は	は	98	143	224	1	1
58268075	は	は	98	143	224	1	1
55646636	は	は	93	143	224	1	1
55253421	は	は	93	143	224	1	1
50010542	は	は	84	143	224	1	1
48044463	は	は	81	143	224	1	1
47520176	は	は	80	143	224	1	1
46471601	は	は	78	143	224	1	1
45291954	は	は	76	143	224	1	1
44767667	は	は	75	143	224	1	1
41753012	は	は	70	143	224	1	1
39262645	は	は	66	143	224	1	1
38476214	は	は	64	143	224	1	1
37165495	は	は	62	143	224	1	1
35592632	は	は	60	143	224	1	1
34675129	は	は	58	143	224	1	1
34019770	は	は	57	143	224	1	1
33364411	は	は	56	143	224	1	1
30742972	は	は	51	143	224	1	1
29694397	は	は	50	143	224	1	1
24713662	は	は	41	143	224	1	1
24189375	は	は	40	143	224	1	1
22223296	は	は	37	143	224	1	1
21830081	は	は	36	143	224	1	1
21567938	は	は	36	143	224	1	1
20912579	は	は	35	143	224	1	1
19339716	は	は	32	143	224	1	1
16849349	は	は	28	143	224	1	1
15276486	は	は	25	143	224	1	1
13703623	は	は	23	143	224	1	1
13441480	は	は	22	143	224	1	1
10426825	は	は	17	143	224	1	1
9116106	は	は	15	143	224	1	1
8198603	は	は	13	143	224	1	1
7543244	は	は	12	143	224	1	1
5052877	は	は	8	143	224	1	1
4397518	は	は	7	143	224	1	1
2300367	は	は	3	143	224	1	1
2169296	は	は	3	143	224	1	1
1776081	は	は	2	143	224	1	1
1645010	は	は	2	143	224	1	1
596435	は	は	0	143	224	1	1
245635540	はあく	把握	414	198	101	3	2
245504469	はあく	把握	414	198	101	3	2
245373398	はあく	把握	413	198	101	3	2
395712983	はい	はい	667	195	66	2	2
355080664	はいけい	背景	598	190	37	4	2
354949593	はいけい	背景	598	190	37	4	2
67377626	はいっ	入っ	113	197	164	3	2
67246555	はいっ	入っ	113	197	164	3	2
326638044	はいった	入った	550	197	151	4	3
317331933	はいって	入って	535	197	180	4	3
245242334	はくぶつかん	博物館	413	190	37	6	3
245111263	はくぶつかん	博物館	413	190	37	6	3
244980192	はくぶつかん	博物館	413	190	37	6	3
529078753	はじめて	初めて	892	193	63	4	3
528947682	はじめて	初めて	892	193	63	4	3
403315171	はじめて	はじめて	680	193	63	4	4
343284196	はだ	肌	579	190	37	2	1
343153125	はだ	肌	578	190	37	2	1
343022054	はだ	肌	578	190	37	2	1
342890983	はだ	肌	578	190	37	2	1
67115496	はちがつ	８月	113	190	80	4	2
498735593	はっきり	はっきり	841	193	55	4	4
498604522	はっきり	はっきり	841	193	55	4	4
498473451	はっきり	はっきり	840	193	55	4	4
285743596	はっけん	発見	481	198	101	4	2
470161901	はっこう	発行	793	198	101	4	2
298719726	はっせい	発生	503	198	101	4	2
298588655	はっせい	発生	503	198	101	4	2
448535024	はっぴょう	発表	756	198	101	5	2
66984433	はつか	２０日	112	190	37	3	3
66853362	はつか	２０日	112	190	37	3	3
66722291	はつか	２０日	112	190	37	3	3
66591220	はつか	２０日	112	190	37	3	3
368974325	はつばい	発売	622	198	101	4	2
368843254	はつばい	発売	622	198	101	4	2
244849143	はで	派手	413	200	120	2	2
244718072	はで	派手	412	200	120	2	2
66460153	はどめ	歯止め	112	190	37	3	3
66329082	はどめ	歯止め	111	190	37	3	3
491133435	はな	花	828	190	37	2	1
491002364	はな	花	828	190	37	2	1
535501309	はなし	話	903	198	101	3	1
193337854	はね	羽	326	190	37	2	1
403184127	はは	母	680	191	42	2	1
403053056	はは	母	679	191	42	2	1
66198017	ははおや	母親	111	190	37	4	2
66066946	ははおや	母親	111	190	37	4	2
65935875	ははおや	母親	111	190	37	4	2
193206788	はば	幅	325	190	37	2	1
193075717	はば	幅	325	190	37	2	1
192944646	はば	幅	325	190	37	2	1
65804807	はめ	はめ	110	197	94	2	2
65673736	はめ	はめ	110	197	94	2	2
65542665	はもん	波紋	110	190	37	3	2
65411594	はもん	波紋	110	190	37	3	2
462166539	はやい	早い	779	199	152	3	2
368712204	はやく	早く	621	193	63	3	2
368581133	はやく	早く	621	193	63	3	2
192813582	はやめ	早め	325	197	94	3	2
192682511	はやめ	早め	325	197	94	3	2
244587024	はら	腹	412	190	37	2	1
244455953	はら	腹	412	190	37	2	1
65280530	はらん	波乱	110	190	37	3	2
65149459	はらん	波乱	109	190	37	3	2
65018388	はらん	波乱	109	190	37	3	2
64887317	はらん	波乱	109	190	37	3	2
192551446	はり	針	324	190	37	2	1
192420375	はり	針	324	190	37	2	1
192289304	はり	針	324	190	37	2	1
478943769	はる	春	807	190	37	2	1
478812698	はる	春	807	190	37	2	1
478681627	はる	春	807	190	37	2	1
64756252	はるか	はるか	109	200	123	3	3
244324893	はれ	晴れ	412	197	94	2	2
244193822	はれ	晴れ	411	197	94	2	2
64625183	はわい	ハワイ	108	192	45	3	3
64494112	はわい	ハワイ	108	192	45	3	3
361634337	はんだん	判断	609	198	101	4	2
462035490	はんばい	販売	779	198	101	4	2
342759971	はんぶん	半分	578	190	37	4	2
342628900	はんぶん	半分	577	190	37	4	2
246225445	ば	ば	415	144	215	1	1
174529062	ば	ば	294	144	215	1	1
99818023	ば	ば	168	144	215	1	1
97065512	ば	ば	163	144	215	1	1
78977577	ば	ば	133	144	215	1	1
55777834	ば	ば	94	144	215	1	1
16587307	ば	ば	27	144	215	1	1
12393004	ば	ば	20	144	215	1	1
12261933	ば	ば	20	144	215	1	1
478550574	ばあい	場合	807	190	37	3	2
478419503	ばあい	場合	806	190	37	3	2
478288432	ばあい	場合	806	190	37	3	2
395582001	ばい	倍	667	218	101	2	1
395450930	ばい	倍	667	218	101	2	1
64363059	ばいたい	媒体	108	190	37	4	2
64231988	ばいたい	媒体	108	190	37	4	2
64100917	ばいたい	媒体	108	190	37	4	2
63969846	ばいたい	媒体	107	190	37	4	2
63838775	ばいばい	売買	107	198	101	4	2
63707704	ばいばい	売買	107	198	101	4	2
63576633	ばくだん	爆弾	107	190	37	4	2
63445562	ばくだん	爆弾	107	190	37	4	2
565516859	ばしょ	場所	953	190	37	3	2
565385788	ばしょ	場所	953	190	37	3	2
556997181	ばす	バス	939	190	37	2	2
556866110	ばす	バス	939	190	37	2	2
63314495	ばっく	バック	106	198	101	3	3
425073216	ばっぐ	バッグ	717	190	37	3	3
424942145	ばっぐ	バッグ	716	190	37	3	3
424811074	ばっぐ	バッグ	716	190	37	3	3
424680003	ばっぐ	バッグ	716	190	37	3	3
504896068	ばめん	場面	851	190	37	3	2
504764997	ばめん	場面	851	190	37	3	2
512760390	ばらんす	バランス	864	190	37	4	4
512629319	ばらんす	バランス	864	190	37	4	4
512498248	ばらんす	バランス	864	190	37	4	4
461904457	ばん	晩	779	190	37	2	1
528816714	ばんぐみ	番組	891	190	37	4	2
528685643	ばんぐみ	番組	891	190	37	4	2
498342476	ばんごう	番号	840	190	37	4	2
490871373	ばんど	バンド	827	198	101	3	3
63183438	ばんど	バンド	106	190	37	3	3
244062799	ばーじょん	バージョン	411	190	37	5	5
243931728	ばーじょん	バージョン	411	190	37	5	5
243800657	ばーじょん	バージョン	411	190	37	5	5
63052370	ぱいぷ	パイプ	106	190	37	3	3
62921299	ぱいぷ	パイプ	106	198	101	3	3
62790228	ぱいろっと	パイロット	105	190	37	5	5
62659157	ぱきすたん	パキスタン	105	190	37	5	5
579410518	ぱそこん	パソコン	977	198	101	4	4
579279447	ぱそこん	パソコン	977	198	101	4	4
62528088	ぱたーん	パターン	105	190	37	4	4
62397017	ぱたーん	パターン	105	190	37	4	4
490740314	ぱっけーじ	パッケージ	827	198	101	5	5
490609243	ぱっけーじ	パッケージ	827	198	101	5	5
62265948	ぱなま	パナマ	105	190	37	3	3
62134877	ぱねる	パネル	104	190	37	3	3
62003806	ぱふぉーまんす	パフォーマンス	104	198	101	7	7
61872735	ぱふぉーまんす	パフォーマンス	104	198	101	7	7
61741664	ぱり	パリ	104	192	45	2	2
61610593	ぱり	パリ	103	192	45	2	2
61479522	ぱり	パリ	103	192	45	2	2
544676451	ぱわー	パワー	918	190	37	3	3
61348452	ぱんふれっと	パンフレット	103	190	37	6	6
61217381	ぱんふれっと	パンフレット	103	190	37	6	6
61086310	ぱーてぃー	パーティー	103	198	101	5	5
60955239	ぱーてぃー	パーティー	102	198	101	5	5
60824168	ぱーてぃー	パーティー	102	198	101	5	5
60693097	ぱーてぃー	パーティー	102	198	101	5	5
342497898	ひ	日	577	190	37	1	1
342366827	ひ	日	577	190	37	1	1
310516332	ひ	火	523	190	37	1	1
310385261	ひ	火	523	190	37	1	1
60562030	ひい	引い	102	197	164	2	2
60430959	ひい	引い	101	197	164	2	2
192158320	ひえ	冷え	324	197	94	2	2
387717745	ひかり	光	653	190	37	3	1
387586674	ひかり	光	653	190	37	3	1
243669619	ひがい	被害	411	190	37	3	2
243538548	ひがい	被害	410	190	37	3	2
243407477	ひがい	被害	410	190	37	3	2
60299894	ひきさげ	引き下げ	101	197	95	4	4
60168823	ひきつづき	引き続き	101	193	58	5	4
243276408	ひくい	低い	410	199	152	3	2
243145337	ひこうき	飛行機	410	190	37	4	3
243014266	ひこうき	飛行機	409	190	37	4	3
242883195	ひこうき	飛行機	409	190	37	4	3
242752124	ひこうき	飛行機	409	190	37	4	3
379198077	ひさしぶり	久しぶり	639	200	121	5	4
379067006	ひさしぶり	久しぶり	639	200	121	5	4
192027263	ひしょ	秘書	323	190	37	3	2
191896192	ひしょ	秘書	323	190	37	3	2
191765121	ひしょ	秘書	323	190	37	3	2
60037762	ひじょう	非常	101	200	120	4	2
59906691	ひそか	ひそか	101	200	120	3	3
59775620	ひそか	ひそか	100	200	120	3	3
191634053	ひっし	必死	323	200	120	3	2
191502982	ひっし	必死	323	200	120	3	2
191371911	ひっし	必死	322	200	120	3	2
191240840	ひっし	必死	322	190	120	3	2
191109769	ひっし	必死	322	190	120	3	2
190978698	ひっし	必死	322	190	120	3	2
59644555	ひっし	必死	100	190	37	3	2
59513484	ひっし	必死	100	190	37	3	2
59382413	ひっし	必死	100	190	37	3	2
59251342	ひっしゃ	筆者	99	190	41	4	2
59120271	ひっしゃ	筆者	99	190	41	4	2
58989200	ひっしゃ	筆者	99	190	41	4	2
576526993	ひつよう	必要	972	200	120	4	2
576395922	ひつよう	必要	972	200	120	4	2
576264851	ひつよう	必要	972	200	120	4	2
58858132	ひつようせい	必要性	99	190	37	6	3
58727061	ひつようせい	必要性	99	190	37	6	3
58595990	ひつようせい	必要性	98	190	37	6	3
242621079	ひてい	否定	409	198	101	3	2
242490008	ひてい	否定	409	198	101	3	2
242358937	ひてい	否定	408	190	101	3	2
242227866	ひてい	否定	408	190	101	3	2
592124571	ひと	人	998	190	37	2	1
591993500	ひと	人	998	190	37	2	1
326507165	ひとこと	一言	550	190	37	4	2
326376094	ひとこと	一言	550	190	37	4	2
326245023	ひとこと	一言	550	190	37	4	2
58464928	ひとたち	人たち	98	191	43	4	3
58333857	ひとたち	人たち	98	191	43	4	3
58202786	ひとたち	人たち	98	191	43	4	3
504634019	ひとつ	ひとつ	851	176	80	3	3
58071716	ひとつ	一つ	97	176	80	3	2
57940645	ひとつ	一つ	97	176	80	3	2
57809574	ひとつ	１つ	97	176	80	3	2
490478247	ひとびと	人々	827	190	37	4	2
490347176	ひとびと	人々	827	190	37	4	2
490216105	ひとびと	人々	826	190	37	4	2
490085034	ひとびと	人々	826	190	37	4	2
535370411	ひとり	一人	903	176	80	3	2
326113964	ひとり	ひとり	550	190	37	3	3
325982893	ひとり	ひとり	549	190	37	3	3
190847662	ひなん	非難	321	198	101	3	2
190716591	ひなん	非難	321	198	101	3	2
190585520	ひなん	非難	321	198	101	3	2
190454449	ひなん	非難	321	190	101	3	2
190323378	ひなん	非難	321	190	101	3	2
190192307	ひなん	非難	320	190	101	3	2
190061236	ひにく	皮肉	320	190	121	3	2
189930165	ひにく	皮肉	320	190	121	3	2
189799094	ひにく	皮肉	320	200	121	3	2
189668023	ひにく	皮肉	319	200	121	3	2
57678520	ひにく	皮肉	97	190	37	3	2
57547449	ひにく	皮肉	97	190	37	3	2
285612730	ひはん	批判	481	198	101	3	2
285481659	ひはん	批判	481	198	101	3	2
285350588	ひはん	批判	481	190	101	3	2
285219517	ひはん	批判	481	190	101	3	2
413407934	ひび	日々	697	190	37	2	2
413276863	ひび	日々	697	190	37	2	2
413145792	ひび	日々	696	190	37	2	2
57416385	ひびき	響き	96	190	37	3	2
57285314	ひびき	響き	96	190	37	3	2
57154243	ひびき	響き	96	190	37	3	2
57023172	ひびき	響き	96	197	162	3	2
56892101	ひびき	響き	95	197	162	3	2
56761030	ひびき	響き	95	197	162	3	2
242096839	ひふ	皮膚	408	190	37	2	2
241965768	ひふ	皮膚	408	190	37	2	2
241834697	ひふ	皮膚	407	190	37	2	2
310254282	ひま	暇	523	200	120	2	1
310123211	ひま	暇	523	200	120	2	1
309992140	ひま	暇	522	200	120	2	1
241703629	ひみつ	秘密	407	200	120	3	2
241572558	ひみつ	秘密	407	200	120	3	2
241441487	ひゃっかてん	百貨店	407	190	37	6	3
56629968	ひやく	飛躍	95	198	101	3	2
56498897	ひやくてき	飛躍的	95	200	120	5	3
56367826	ひやくてき	飛躍的	95	200	120	5	3
368450259	ひょうげん	表現	621	198	101	5	2
368319188	ひょうじ	表示	621	198	101	4	2
337386197	ひょうじょう	表情	569	190	37	6	2
337255126	ひょうじょう	表情	568	190	37	6	2
337124055	ひょうじょう	表情	568	190	37	6	2
336992984	ひょうじょう	表情	568	190	37	6	2
336861913	ひよう	費用	568	190	37	3	2
336730842	ひよう	費用	567	190	37	3	2
336599771	ひよう	費用	567	190	37	3	2
336468700	ひよう	費用	567	190	37	3	2
56236765	ひらい	開い	94	197	164	3	2
56105694	ひらい	開い	94	197	164	3	2
55974623	ひらけ	開け	94	197	141	3	2
55843552	ひらけ	開け	94	197	141	3	2
55712481	ひらけ	開け	93	197	141	3	2
55581410	ひりつ	比率	93	190	37	3	2
55450339	ひりつ	比率	93	190	37	3	2
55319268	ひりつ	比率	93	190	37	3	2
55188197	ひるま	昼間	93	190	37	3	2
55057126	ひるま	昼間	92	190	37	3	2
54926055	ひるま	昼間	92	190	37	3	2
54794984	ひれい	比例	92	198	101	3	2
54663913	ひれい	比例	92	198	101	3	2
361503466	ひろしま	広島	609	190	37	4	2
54532843	ひろしま	広島	91	192	45	4	2
241310444	ひんしつ	品質	407	190	37	4	2
241179373	ひんしつ	品質	406	190	37	4	2
54401774	びざ	ビザ	91	190	37	2	2
54270703	びざ	ビザ	91	190	37	2	2
54139632	びじゅつかん	美術館	91	190	37	6	3
54008561	びじゅつかん	美術館	91	190	37	6	3
528554738	びっくり	びっくり	891	198	101	4	4
528423667	びっくり	びっくり	891	198	101	4	4
53877492	びっと	ビット	90	190	37	3	3
361372405	びにーる	ビニール	609	190	37	4	4
521083638	びみょう	微妙	878	200	120	4	2
520952567	びみょう	微妙	878	200	120	4	2
584915704	びょういん	病院	986	190	37	5	2
584784633	びょういん	病院	986	190	37	5	2
584653562	びょういん	病院	986	190	37	5	2
581638907	びょうき	病気	981	198	101	4	2
581507836	びょうき	病気	980	198	101	4	2
361241341	びょうどう	平等	609	200	120	5	2
361110270	びょうどう	平等	609	200	120	5	2
574298879	びる	ビル	968	190	37	2	2
53746432	びるま	ビルマ	90	190	37	3	3
378936065	びん	便	639	190	37	2	1
378804994	びん	便	638	190	37	2	1
402922243	びんかん	敏感	679	200	121	4	2
402791172	びんかん	敏感	679	200	121	4	2
402660101	びんかん	敏感	679	200	121	4	2
569318150	びーる	ビール	960	190	37	3	3
569187079	びーる	ビール	960	190	37	3	3
578231048	ぴあの	ピアノ	975	190	37	3	3
578099977	ぴあの	ピアノ	975	190	37	3	3
577968906	ぴあの	ピアノ	974	190	37	3	3
53615371	ぴーく	ピーク	90	190	37	3	3
53484300	ぴーく	ピーク	90	190	37	3	3
489954061	ふぁいる	ファイル	826	198	101	4	4
489822990	ふぁいる	ファイル	826	198	101	4	4
53353231	ふぁっしょん	ファッション	89	190	37	6	6
520821520	ふぁん	ファン	878	190	37	3	3
520690449	ふぁん	ファン	878	190	37	3	3
549657362	ふあん	不安	927	200	121	3	2
549526291	ふあん	不安	926	200	121	3	2
241048340	ふあんてい	不安定	406	190	120	5	3
240917269	ふあんてい	不安定	406	190	120	5	3
53222166	ふあんてい	不安定	89	190	37	5	3
53091095	ふあんてい	不安定	89	190	37	5	3
52960024	ふぃりぴん	フィリピン	89	190	37	5	5
52828953	ふぃるむ	フィルム	89	190	37	4	4
52697882	ふぃるむ	フィルム	88	190	37	4	4
52566811	ふい	吹い	88	197	164	2	2
52435740	ふい	吹い	88	197	164	2	2
387455773	ふうけい	風景	653	190	37	4	2
387324702	ふうけい	風景	653	190	37	4	2
387193631	ふうけい	風景	653	190	37	4	2
378673952	ふうふ	夫婦	638	190	41	3	2
378542881	ふうふ	夫婦	638	190	41	3	2
378411810	ふうふ	夫婦	638	190	41	3	2
520559395	ふえ	増え	878	197	94	2	2
520428324	ふえ	増え	877	197	94	2	2
520297253	ふえ	増え	877	197	94	2	2
52304678	ふえて	増えて	88	197	206	3	3
52173607	ふえて	増えて	87	197	206	3	3
52042536	ふえる	増える	87	197	161	3	3
51911465	ふえる	増える	87	197	161	3	3
51780394	ふか	深	87	199	76	2	1
51649323	ふか	深	87	199	76	2	1
368188204	ふかい	深い	621	199	152	3	2
51518253	ふかけつ	不可欠	86	200	120	4	3
51387182	ふかけつ	不可欠	86	200	120	4	3
51256111	ふかけつ	不可欠	86	200	120	4	3
309861168	ふかのう	不可能	522	200	120	4	3
309730097	ふかのう	不可能	522	200	120	4	3
309599026	ふかのう	不可能	522	200	120	4	3
309467955	ふかのう	不可能	521	200	120	4	3
325851956	ふきゅう	普及	549	198	101	4	2
325720885	ふきゅう	普及	549	198	101	4	2
317201206	ふきょう	不況	535	190	37	4	2
317070135	ふきょう	不況	534	190	37	4	2
51125048	ふきん	付近	86	190	37	3	2
50993977	ふきん	付近	86	190	37	3	2
50862906	ふきん	付近	85	190	37	3	2
395320123	ふく	服	666	198	101	2	1
387062588	ふくざつ	複雑	652	200	121	4	2
386931517	ふくざつ	複雑	652	200	121	4	2
50731838	ふくざつ	複雑	85	190	37	4	2
50600767	ふくざつ	複雑	85	190	37	4	2
395189056	ふくすう	複数	666	190	37	4	2
336337729	ふくめ	含め	567	197	95	3	2
336206658	ふくめ	含め	567	197	95	3	2
336075587	ふくめ	含め	566	197	95	3	2
50469700	ふくめ	含め	85	197	141	3	2
50338629	ふくめ	含め	84	197	141	3	2
50207558	ふくめ	含め	84	197	141	3	2
285088583	ふこう	不幸	480	190	121	3	2
50076488	ふこう	不幸	84	190	37	3	2
240786249	ふさい	夫妻	406	190	37	3	2
240655178	ふさい	夫妻	405	190	37	3	2
240524107	ふさい	夫妻	405	190	37	3	2
489691980	ふしぎ	不思議	826	200	120	3	3
489560909	ふしぎ	不思議	825	200	120	3	3
240393038	ふじさん	富士山	405	190	37	4	3
240261967	ふじさん	富士山	405	190	37	4	3
49945424	ふじつう	富士通	84	190	37	4	3
49814353	ふじつう	富士通	84	190	37	4	3
49683282	ふじつう	富士通	83	190	37	4	3
316939091	ふそく	不足	534	198	101	3	2
549395284	ふたり	二人	926	190	37	3	2
549264213	ふたり	二人	926	190	37	3	2
549133142	ふたり	二人	926	176	80	3	2
549002071	ふたり	二人	926	176	80	3	2
298457944	ふたん	負担	503	198	101	3	2
298326873	ふたん	負担	503	198	101	3	2
49552218	ふっ	降っ	83	197	164	2	2
49421147	ふっ	降っ	83	197	164	2	2
284957532	ふっかつ	復活	480	198	101	4	2
284826461	ふっかつ	復活	480	198	101	4	2
240130910	ふっき	復帰	405	198	101	3	2
49290079	ふって	降って	83	197	206	3	3
49159008	ふって	降って	82	197	206	3	3
49027937	ふつう	普通	82	190	37	3	2
48896866	ふつう	普通	82	190	37	3	2
448404323	ふつか	２日	756	190	37	3	2
448273252	ふつか	２日	756	190	37	3	2
48765797	ふと	ふと	82	193	46	2	2
48634726	ふと	太	82	199	78	2	1
48503655	ふと	太	81	199	78	2	1
325589864	ふね	船	549	190	37	2	1
325458793	ふね	船	548	190	37	2	1
325327722	ふね	船	548	190	37	2	1
325196651	ふね	船	548	190	37	2	1
48372588	ふはい	腐敗	81	198	101	3	2
48241517	ふはい	腐敗	81	198	101	3	2
48110446	ふはい	腐敗	81	198	101	3	2
47979375	ふはい	腐敗	80	198	101	3	2
298195824	ふべん	不便	502	200	121	3	2
47848305	ふほう	不法	80	200	120	3	2
239999858	ふぼ	父母	404	190	37	2	2
239868787	ふぼ	父母	404	190	37	2	2
239737716	ふぼ	父母	404	190	37	2	2
239606645	ふまえ	踏まえ	404	197	95	3	3
239475574	ふまえ	踏まえ	403	197	95	3	3
239344503	ふまえ	踏まえ	403	197	95	3	3
354818936	ふまん	不満	598	200	121	3	2
354687865	ふまん	不満	598	200	121	3	2
354556794	ふまん	不満	598	200	121	3	2
354425723	ふまん	不満	597	190	121	3	2
354294652	ふまん	不満	597	190	121	3	2
354163581	ふまん	不満	597	190	121	3	2
47717246	ふまん	不満	80	190	37	3	2
47586175	ふまん	不満	80	190	37	3	2
47455104	ふまん	不満	80	190	37	3	2
316808065	ふめい	不明	534	200	120	3	2
316676994	ふめい	不明	534	200	120	3	2
47324035	ふやし	増やし	79	197	162	3	3
47192964	ふやして	増やして	79	197	206	4	4
47061893	ふやして	増やして	79	197	206	4	4
46930822	ふやして	増やして	79	197	206	4	4
504503175	ふゆ	冬	850	190	37	2	1
504372104	ふゆ	冬	850	190	37	2	1
504241033	ふゆ	冬	850	190	37	2	1
284695434	ふよう	不要	480	200	121	3	2
284564363	ふよう	不要	479	200	121	3	2
284433292	ふよう	不要	479	200	121	3	2
544545677	ふらんす	フランス	918	190	37	4	4
239213454	ふり	不利	403	200	120	2	2
239082383	ふり	不利	403	200	120	2	2
413014928	ふりー	フリー	696	200	123	3	3
335944593	ふる	古	566	199	78	2	1
284302226	ふるく	古く	479	193	63	3	2
46799763	ふるく	古く	78	199	173	3	2
298064788	ふれ	触れ	502	197	94	2	2
297933717	ふれ	触れ	502	197	94	2	2
489429910	ふんいき	雰囲気	825	190	37	4	3
489298839	ふんいき	雰囲気	825	190	37	4	3
489167768	ふんいき	雰囲気	825	190	37	4	3
489036697	ふんいき	雰囲気	824	190	37	4	3
46668698	ふんそう	紛争	78	198	101	4	2
46537627	ふんそう	紛争	78	198	101	4	2
46406556	ふんそう	紛争	78	198	101	4	2
46275485	ぶか	部下	78	190	37	2	2
46144414	ぶか	部下	77	190	37	2	2
46013343	ぶか	部下	77	190	37	2	2
45882272	ぶき	武器	77	190	37	2	2
45751201	ぶき	武器	77	190	37	2	2
544414626	ぶじ	無事	918	200	120	2	2
544283555	ぶじ	無事	918	200	120	2	2
45620132	ぶそう	武装	76	198	101	3	2
45489061	ぶそう	武装	76	198	101	3	2
544152486	ぶたい	舞台	917	190	37	3	2
45357991	ぶたい	部隊	76	190	37	3	2
45226920	ぶたい	部隊	76	190	37	3	2
45095849	ぶたい	部隊	76	190	37	3	2
44964778	ぶたい	部隊	75	190	37	3	2
44833707	ぶたい	部隊	75	190	37	3	2
44702636	ぶちょう	部長	75	190	41	4	2
44571565	ぶちょう	部長	75	190	41	4	2
44440494	ぶちょう	部長	74	190	41	4	2
44309423	ぶっか	物価	74	190	37	3	2
44178352	ぶっか	物価	74	190	37	3	2
44047281	ぶっきょう	仏教	74	190	37	5	2
43916210	ぶっしつ	物質	74	190	37	4	2
43785139	ぶっしつ	物質	73	190	37	4	2
43654068	ぶっしつ	物質	73	190	37	4	2
43522997	ぶつりてき	物理的	73	200	120	5	3
43391926	ぶつりてき	物理的	73	200	120	5	3
238951351	ぶどう	ブドウ	403	190	37	3	3
238820280	ぶどう	ブドウ	402	190	37	3	3
43260857	ぶひん	部品	72	190	37	3	2
43129786	ぶひん	部品	72	190	37	3	2
585964475	ぶぶん	部分	988	190	37	3	2
585833404	ぶぶん	部分	988	190	37	3	2
42998717	ぶぶんてき	部分的	72	200	120	5	3
42867646	ぶぶんてき	部分的	72	200	120	5	3
478157759	ぶもん	部門	806	190	37	3	2
478026688	ぶもん	部門	806	190	37	3	2
477895617	ぶもん	部門	806	190	37	3	2
42736578	ぶらじる	ブラジル	72	190	37	4	4
544021443	ぶらんど	ブランド	917	190	37	4	4
543890372	ぶらんど	ブランド	917	190	37	4	4
42605509	ぶりょく	武力	71	190	37	4	2
42474438	ぶりょく	武力	71	190	37	4	2
395058119	ぶれーき	ブレーキ	666	190	37	4	4
394927048	ぶれーき	ブレーキ	666	190	37	4	4
42343369	ぶろっく	ブロック	71	198	101	4	4
42212298	ぶろっく	ブロック	71	198	101	4	4
569056203	ぶんか	文化	959	190	37	3	2
435559372	ぶんしょ	文書	734	190	37	4	2
435428301	ぶんしょ	文書	734	190	37	4	2
528292814	ぶんしょう	文章	891	190	37	5	2
528161743	ぶんしょう	文章	890	190	37	5	2
528030672	ぶんしょう	文章	890	190	37	5	2
498211793	ぶんせき	分析	840	198	101	4	2
354032594	ぶんめい	文明	597	190	37	4	2
353901523	ぶんめい	文明	596	190	37	4	2
353770452	ぶんめい	文明	596	190	37	4	2
585309141	ぶんや	分野	987	190	37	3	2
585178070	ぶんや	分野	987	190	37	3	2
585046999	ぶんや	分野	986	190	37	3	2
353639384	ぶんるい	分類	596	198	101	4	2
477764569	ぶーむ	ブーム	805	190	37	3	3
477633498	ぶーむ	ブーム	805	190	37	3	3
477502427	ぶーむ	ブーム	805	190	37	3	3
477371356	ぶーむ	ブーム	805	190	37	3	3
378280925	ぷらいばしー	プライバシー	638	190	37	6	6
378149854	ぷらいばしー	プライバシー	637	190	37	6	6
556735455	ぷらす	プラス	939	198	101	3	3
42081248	ぷらすちっく	プラスチック	70	190	37	6	6
41950177	ぷりんたー	プリンター	70	190	37	5	5
41819106	ぷりんたー	プリンター	70	190	37	5	5
41688035	ぷりんたー	プリンター	70	190	37	5	5
574168036	ぷれぜんと	プレゼント	968	198	101	5	5
574036965	ぷれぜんと	プレゼント	968	198	101	5	5
41556966	ぷれー	プレー	70	198	101	3	3
543759335	ぷろぐらむ	プログラム	917	198	101	5	5
543628264	ぷろぐらむ	プログラム	916	198	101	5	5
543497193	ぷろじぇくと	プロジェクト	916	190	37	6	6
543366122	ぷろじぇくと	プロジェクト	916	190	37	6	6
41425899	ぷろせす	プロセス	69	190	37	4	4
41294828	ぷろせす	プロセス	69	190	37	4	4
461773805	ぷーる	プール	778	190	37	3	3
461642734	ぷーる	プール	778	190	37	3	3
41163759	ぷーる	プール	69	198	101	3	3
41032688	ぷーる	プール	69	198	101	3	3
40901617	へっ	減っ	68	197	164	2	2
40770546	へっ	減っ	68	197	164	2	2
40639475	へっど	ヘッド	68	190	37	3	3
40508404	へて	経て	68	197	206	2	2
590158837	へや	部屋	995	190	37	2	2
590027766	へや	部屋	995	190	37	2	2
589896695	へや	部屋	995	190	37	2	2
40377336	へらし	減らし	68	197	162	3	3
40246265	へり	減り	67	197	162	2	2
40115194	へりこぷたー	ヘリコプター	67	190	37	6	6
39984123	へりこぷたー	ヘリコプター	67	190	37	6	6
39853052	へりこぷたー	ヘリコプター	67	190	37	6	6
573905917	へんか	変化	968	198	101	3	2
573774846	へんか	変化	967	198	101	3	2
573643775	へんか	変化	967	198	101	3	2
353508352	へんかん	変換	596	198	101	4	2
535239681	へんこう	変更	902	198	101	4	2
535108610	へんこう	変更	902	198	101	4	2
512367619	へんじ	返事	864	198	101	3	2
512236548	へんじ	返事	864	198	101	3	2
39721989	べいぐん	米軍	66	190	37	4	2
39590918	べいこく	米国	66	190	37	4	2
39459847	べっそう	別荘	66	190	37	4	2
39328776	べっそう	別荘	66	190	37	4	2
39197705	べっそう	別荘	66	190	37	4	2
39066634	べっそう	別荘	65	190	37	4	2
477240331	べっど	ベッド	804	190	37	3	3
477109260	べっど	ベッド	804	190	37	3	3
591862797	べつ	別	998	200	120	2	1
591731726	べつ	別	998	200	120	2	1
577838095	べつに	別に	974	190	259	3	2
504110096	べつべつ	別々	850	200	120	4	2
503979025	べつべつ	別々	850	200	120	4	2
448142354	べてらん	ベテラン	755	190	37	4	4
38935571	べとなむ	ベトナム	65	190	37	4	4
38804500	べるぎー	ベルギー	65	192	45	4	4
556604437	べんきょう	勉強	938	198	101	5	2
38673430	べんごし	弁護士	65	190	41	4	3
38542359	べんごし	弁護士	65	190	41	4	3
38411288	べんごし	弁護士	64	190	41	4	3
38280217	べんち	ベンチ	64	190	37	3	3
543235098	べんとう	弁当	916	190	37	4	2
560929819	べんり	便利	946	200	120	3	2
560798748	べんり	便利	945	200	120	3	2
560667677	べんり	便利	945	200	120	3	2
503847966	べーす	ベース	849	190	37	3	3
503716895	べーす	ベース	849	190	37	3	3
503585824	べーす	ベース	849	190	37	3	3
560536609	ぺん	ペン	945	190	37	2	2
585702434	ぺーじ	ページ	987	215	80	3	3
585571363	ぺーじ	ページ	987	201	39	3	3
565255204	ぺーす	ペース	953	190	37	3	3
565124133	ぺーす	ペース	953	190	37	3	3
353377318	ほう	方	596	190	37	2	1
309337127	ほう	ほう	521	190	37	2	2
523246632	ほうが	方が	882	190	263	3	2
124591145	ほうが	方が	210	190	263	3	2
38149162	ほうが	方が	64	190	263	3	2
38018091	ほうが	方が	64	190	263	3	2
461511724	ほうこう	方向	778	190	37	4	2
461380653	ほうこう	方向	778	190	37	4	2
386800686	ほうこく	報告	652	198	101	4	2
360979503	ほうしき	方式	608	190	37	4	2
360848432	ほうしき	方式	608	190	37	4	2
360717361	ほうしき	方式	608	190	37	4	2
360586290	ほうしき	方式	608	190	37	4	2
378018867	ほうしん	方針	637	190	37	4	2
377887796	ほうしん	方針	637	190	37	4	2
325065781	ほうそう	放送	548	198	101	4	2
37887030	ほうふ	豊富	63	200	120	3	2
37755959	ほうふ	豊富	63	200	120	3	2
37624888	ほうふ	豊富	63	200	120	3	2
573512761	ほうほう	方法	967	190	37	4	2
573381690	ほうほう	方法	967	190	37	4	2
573250619	ほうほう	方法	966	190	37	4	2
573119548	ほうほう	方法	966	190	37	4	2
553720893	ほか	他	934	190	37	2	1
553589822	ほか	他	933	190	37	2	1
476978239	ほか	ほか	804	190	37	2	2
476847168	ほか	ほか	804	190	37	2	2
476716097	ほか	ほか	804	190	37	2	2
37493826	ほくおう	北欧	63	190	37	4	2
37362755	ほけんりょう	保険料	63	190	37	6	3
37231684	ほけんりょう	保険料	62	190	37	6	3
37100613	ほけんりょう	保険料	62	190	37	6	3
189537350	ほこり	誇り	319	190	37	3	2
189406279	ほこり	誇り	319	190	37	3	2
36969544	ほこり	誇り	62	197	162	3	2
36838473	ほこり	誇り	62	197	162	3	2
353246282	ほし	星	595	190	37	2	1
353115211	ほし	星	595	190	37	2	1
309206092	ほし	ほし	521	199	77	2	2
36707405	ほし	星	61	192	45	2	1
36576334	ほし	星	61	192	45	2	1
368057423	ほしい	欲しい	620	199	152	3	3
367926352	ほしい	欲しい	620	199	152	3	3
297802833	ほしい	ほしい	502	199	152	3	3
297671762	ほしい	ほしい	502	199	152	3	3
189275219	ほしょう	保証	319	198	101	4	2
189144148	ほしょう	保証	319	198	101	4	2
36445269	ほすと	ホスト	61	190	37	3	3
284171350	ほぞん	保存	479	198	101	3	2
470031447	ほっかいどう	北海道	792	192	45	6	3
36314200	ほっそく	発足	61	198	101	4	2
503454809	ほてる	ホテル	849	190	37	3	3
503323738	ほてる	ホテル	848	190	37	3	3
503192667	ほてる	ホテル	848	190	37	3	3
581377116	ほとんど	ほとんど	980	193	63	4	4
581246045	ほとんど	ほとんど	980	193	63	4	4
238689374	ほね	骨	402	190	37	2	1
238558303	ほね	骨	402	190	37	2	1
238427232	ほね	骨	402	190	37	2	1
36183137	ほゆう	保有	61	198	101	3	2
36052066	ほゆう	保有	60	198	101	3	2
35920995	ほわいとはうす	ホワイトハウス	60	190	37	7	7
35789924	ほわいとはうす	ホワイトハウス	60	190	37	7	7
35658853	ほわいとはうす	ホワイトハウス	60	190	37	7	7
35527782	ほわいとはうす	ホワイトハウス	59	190	37	7	7
35396711	ほんかくてき	本格的	59	200	120	6	3
35265640	ほんかくてき	本格的	59	200	120	6	3
35134569	ほんこん	香港	59	192	45	4	2
35003498	ほんこん	香港	59	192	45	4	2
512105579	ほんとう	本当	863	200	120	4	2
511974508	ほんとう	本当	863	200	120	4	2
511843437	ほんとう	本当	863	200	120	4	2
34872430	ほんとう	本当	58	190	37	4	2
34741359	ほんとう	本当	58	190	37	4	2
34610288	ほんとう	本当	58	190	37	4	2
402529393	ほんにん	本人	678	190	37	4	2
402398322	ほんにん	本人	678	190	37	4	2
402267251	ほんにん	本人	678	190	37	4	2
402136180	ほんにん	本人	678	190	37	4	2
238296181	ほんもの	本物	401	190	37	4	2
238165110	ほんもの	本物	401	190	37	4	2
238034039	ほんもの	本物	401	190	37	4	2
335813752	ぼう	棒	566	190	37	2	1
335682681	ぼう	棒	566	190	37	2	1
335551610	ぼう	棒	565	190	37	2	1
448011387	ぼうし	防止	755	198	101	3	2
447880316	ぼうし	防止	755	198	101	3	2
412884093	ぼうし	帽子	696	190	37	3	2
412753022	ぼうし	帽子	696	190	37	3	2
412621951	ぼうだい	膨大	695	200	120	4	2
237902976	ぼうらく	暴落	401	198	101	4	2
237771905	ぼうらく	暴落	401	198	101	4	2
588455042	ぼく	ぼく	992	191	42	2	2
588323971	ぼく	ぼく	992	191	42	2	2
584522884	ぼく	僕	985	191	42	2	1
584391813	ぼく	僕	985	191	42	2	1
584260742	ぼく	僕	985	191	42	2	1
367795335	ぼくじょう	牧場	620	190	37	5	2
367664264	ぼくじょう	牧場	620	190	37	5	2
553458825	ぼしゅう	募集	933	198	101	4	2
553327754	ぼしゅう	募集	933	198	101	4	2
503061643	ぼたん	ボタン	848	190	37	3	3
502930572	ぼたん	ボタン	848	190	37	3	3
237640845	ぼち	墓地	400	190	37	2	2
237509774	ぼち	墓地	400	190	37	2	2
237378703	ぼち	墓地	400	190	37	2	2
237247632	ぼち	墓地	400	190	37	2	2
34479249	ぼらんてぃあ	ボランティア	58	198	101	6	6
34348178	ぼらんてぃあ	ボランティア	57	198	101	6	6
412490899	ぼーと	ボート	695	190	37	3	3
412359828	ぼーと	ボート	695	190	37	3	3
412228757	ぼーと	ボート	695	190	37	3	3
412097686	ぼーと	ボート	695	190	37	3	3
488905879	ぼーど	ボード	824	190	37	3	3
488774808	ぼーど	ボード	824	190	37	3	3
461249689	ぼーなす	ボーナス	778	190	37	4	4
461118618	ぼーなす	ボーナス	777	190	37	4	4
460987547	ぼーなす	ボーナス	777	190	37	4	4
460856476	ぼーなす	ボーナス	777	190	37	4	4
520166557	ぼーる	ボール	877	190	37	3	3
584129694	ぽいんと	ポイント	985	198	101	4	4
583998623	ぽいんと	ポイント	985	198	101	4	4
583867552	ぽいんと	ポイント	984	198	101	4	4
583736481	ぽいんと	ポイント	984	198	101	4	4
556473506	ぽけっと	ポケット	938	190	37	4	4
556342435	ぽけっと	ポケット	938	190	37	4	4
34217124	ぽすたー	ポスター	57	190	37	4	4
34086053	ぽすたー	ポスター	57	190	37	4	4
33954982	ぽすたー	ポスター	57	190	37	4	4
572988583	ぽすと	ポスト	966	198	101	3	3
572857512	ぽすと	ポスト	966	198	101	3	3
572726441	ぽすと	ポスト	966	198	101	3	3
33823914	ぽんぷ	ポンプ	57	190	37	3	3
33692843	ぽんぷ	ポンプ	56	190	37	3	3
33561772	ぽんぷ	ポンプ	56	190	37	3	3
33430701	ぽーらんど	ポーランド	56	190	37	5	5
511712430	まあ	まあ	863	195	66	2	2
33299631	まいくろそふと	マイクロソフト	56	190	37	7	7
33168560	まいくろそふと	マイクロソフト	55	190	37	7	7
424549553	まいつき	毎月	716	190	37	4	2
424418482	まいつき	毎月	715	190	37	4	2
435297459	まいとし	毎年	734	190	37	4	2
316546228	まいなす	マイナス	533	198	101	4	4
316415157	まいなす	マイナス	533	198	101	4	4
553196726	まいにち	毎日	933	190	37	4	2
33037495	まいねん	毎年	55	190	37	4	2
560405688	まえ	前	945	190	37	2	1
560274617	まえ	前	945	190	37	2	1
560143546	まえ	前	944	190	37	2	1
189013179	まかせ	任せ	318	197	95	3	2
188882108	まかせ	任せ	318	197	95	3	2
32906429	まかせ	任せ	55	197	141	3	2
32775358	まかせ	任せ	55	197	141	3	2
188751039	まく	幕	318	190	37	2	1
316284096	まけ	負け	533	197	94	2	2
316153025	まけ	負け	533	197	94	2	2
324934850	まし	まし	548	200	120	2	2
367533251	ましん	マシン	619	190	37	3	3
367402180	ましん	マシン	619	190	37	3	3
367271109	ましん	マシン	619	190	37	3	3
131538118	ます	ます	221	81	145	2	2
316021959	ますこみ	マスコミ	533	190	37	4	4
315890888	ますこみ	マスコミ	532	190	37	4	4
556211401	まず	まず	938	193	54	2	2
588192970	また	また	992	193	60	2	2
411966667	まち	町	694	190	37	2	1
411835596	まち	町	694	190	37	2	1
411704525	まち	街	694	190	37	2	1
411573454	まち	街	694	190	37	2	1
411442383	まち	街	694	190	37	2	1
32644304	まちがいない	間違いない	55	199	152	6	5
32513233	まっ	待っ	54	197	164	2	2
32382162	まっ	待っ	54	197	164	2	2
565845203	まで	まで	954	148	212	2	2
523640020	まで	まで	883	148	212	2	2
237116629	まとめ	まとめ	399	197	95	3	3
236985558	まとめ	まとめ	399	197	95	3	3
236854487	まとめ	まとめ	399	197	95	3	3
386669784	まど	窓	652	190	37	2	1
236723417	まにゅある	マニュアル	399	190	37	5	5
236592346	まにゅある	マニュアル	399	190	37	5	5
32251099	まねー	マネー	54	190	37	3	3
32120028	まま	まま	54	190	37	2	2
31988957	まま	まま	53	190	37	2	2
236461278	まもなく	まもなく	398	193	58	4	4
31857887	まらそん	マラソン	53	198	101	4	4
31726816	まらそん	マラソン	53	198	101	4	4
31595745	まれ	まれ	53	200	120	2	2
31464674	まれ	まれ	53	200	120	2	2
31333603	まれ	まれ	52	200	120	2	2
31202532	まれーしあ	マレーシア	52	190	37	5	5
394796261	まわり	周り	665	190	37	3	2
394665190	まわり	周り	665	190	37	3	2
394534119	まわり	周り	665	190	37	3	2
394403048	まわり	周り	665	190	37	3	2
352984297	まんしょん	マンション	595	190	37	5	5
352853226	まんしょん	マンション	595	190	37	5	5
367140075	まんぞく	満足	619	198	101	4	2
367009004	まんぞく	満足	619	198	101	4	2
188620013	まーく	マーク	318	198	101	3	3
188488942	まーく	マーク	317	198	101	3	3
31071471	まーけっと	マーケット	52	190	37	5	5
30940400	まーけっと	マーケット	52	190	37	5	5
30809329	まーけっと	マーケット	51	190	37	5	5
30678258	まーけっと	マーケット	51	190	37	5	5
564993267	み	み	953	197	95	1	1
564862196	み	み	952	197	95	1	1
534977781	み	身	902	190	37	1	1
534846710	み	身	902	190	37	1	1
460725495	み	実	777	190	37	1	1
460594424	み	実	776	190	37	1	1
460463353	みえ	見え	776	197	94	2	2
460332282	みえ	見え	776	197	94	2	2
460201211	みえ	見え	776	197	94	2	2
30547196	みえて	見えて	51	197	206	3	3
30416125	みえて	見えて	51	197	206	3	3
30285054	みえて	見えて	51	197	206	3	3
188357887	みえる	見える	317	197	161	3	3
30153984	みかた	見方	50	190	37	3	2
30022913	みかた	見方	50	190	37	3	2
29891842	みかた	見方	50	190	37	3	2
188226819	みぎて	右手	317	190	37	3	2
188095748	みぎて	右手	317	190	37	3	2
187964677	みぎて	右手	317	190	37	3	2
187833606	みこみ	見込み	316	190	37	3	3
187702535	みこみ	見込み	316	190	37	3	3
29760776	みこみ	見込み	50	197	162	3	3
29629705	みこみ	見込み	49	197	162	3	3
447749386	みごと	見事	755	190	120	3	2
447618315	みごと	見事	755	190	120	3	2
447487244	みごと	見事	754	200	120	3	2
447356173	みごと	見事	754	200	120	3	2
29498638	みさいる	ミサイル	49	190	37	4	4
29367567	みさいる	ミサイル	49	190	37	4	4
29236496	みじかく	短く	49	199	173	4	2
29105425	みじかく	短く	49	199	173	4	2
424287506	みす	ミス	715	198	101	2	2
424156435	みす	ミス	715	198	101	2	2
511581460	みず	水	862	190	37	2	1
511450389	みず	水	862	190	37	2	1
502799638	みずから	自ら	848	193	63	4	2
527899927	みせ	店	890	190	37	2	1
527768856	みせ	店	890	190	37	2	1
527637785	みせ	店	890	190	37	2	1
527506714	みせ	店	889	190	37	2	1
335420699	みせ	見せ	565	197	95	2	2
335289628	みせ	見せ	565	197	95	2	2
335158557	みせ	見せ	565	197	95	2	2
187571486	みせて	見せて	316	197	180	3	3
28974367	みせて	見せて	48	197	206	3	3
352722208	みた	見た	594	197	151	2	2
511319329	みち	道	862	190	37	2	1
511188258	みち	道	862	190	37	2	1
187440419	みち	未知	316	190	37	2	2
28843300	みぢか	身近	48	200	120	3	2
28712229	みぢか	身近	48	200	120	3	2
447225126	みっか	３日	754	190	37	3	2
447094055	みっか	３日	754	190	37	3	2
28581160	みつけ	見つけ	48	197	95	3	3
28450089	みつけ	見つけ	47	197	95	3	3
28319018	みつけ	見つけ	47	197	95	3	3
435166507	みて	見て	734	197	180	2	2
435035436	みて	見て	733	197	180	2	2
28187949	みて	みて	47	197	180	2	2
28056878	みて	みて	47	197	180	2	2
324803887	みとおし	見通し	547	190	37	4	3
324672816	みとおし	見通し	547	190	37	4	3
324541745	みとおし	見通し	547	190	37	4	3
324410674	みとおし	見通し	547	190	37	4	3
297540915	みとめ	認め	501	197	95	3	2
297409844	みとめ	認め	501	197	95	3	2
297278773	みとめ	認め	501	197	95	3	2
342236470	みどり	緑	577	192	45	3	1
342105399	みどり	緑	577	192	45	3	1
548871480	みなさん	皆さん	925	191	44	4	3
548740409	みなさん	皆さん	925	191	44	4	3
548609338	みなさん	皆さん	925	191	44	4	3
27925819	みなさん	みなさん	47	191	44	4	4
27794748	みなさん	みなさん	46	191	44	4	4
386538813	みなみ	南	652	190	37	3	1
236330302	みぶん	身分	398	190	37	3	2
236199231	みぶん	身分	398	190	37	3	2
460070208	みみ	耳	776	190	37	2	1
459939137	みみ	耳	775	190	37	2	1
236068162	みめい	未明	398	190	37	3	2
235937091	みめい	未明	397	190	37	3	2
235806020	みめい	未明	397	190	37	3	2
27663685	みもと	身元	46	190	37	3	2
27532614	みもと	身元	46	190	37	3	2
27401543	みもと	身元	46	190	37	3	2
187309384	みやざき	宮崎	315	192	45	4	2
360455497	みょう	妙	608	200	120	3	1
360324426	みょう	妙	607	200	120	3	1
27270475	みょう	妙	45	190	37	3	1
27139404	みょう	妙	45	190	37	3	1
434904397	みらい	未来	733	190	37	3	2
434773326	みらい	未来	733	190	37	3	2
476585295	みりょく	魅力	803	190	37	4	2
476454224	みりょく	魅力	803	190	37	4	2
476323153	みりょく	魅力	803	190	37	4	2
459808082	みる	見る	775	197	161	2	2
335027539	みんかん	民間	565	190	37	4	2
27008340	みんしゅとう	民主党	45	190	37	6	3
26877269	みんぞく	民族	45	190	41	4	2
560012630	みんな	みんな	944	191	42	3	3
559881559	みんな	みんな	944	191	42	3	3
559750488	みんな	みんな	944	191	42	3	3
26746201	むい	向い	45	197	164	2	2
26615130	むい	向い	44	197	164	2	2
26484059	むいか	６日	44	190	37	3	2
26352988	むいか	６日	44	190	37	3	2
26221917	むいか	６日	44	190	37	3	2
534715742	むかえ	迎え	901	197	95	3	2
534584671	むかえ	迎え	901	197	95	3	2
534453600	むかえ	迎え	901	197	95	3	2
583212385	むかし	昔	983	190	37	3	1
583081314	むかし	昔	983	190	37	3	1
582950243	むかし	昔	983	190	37	3	1
26090852	むかっ	向かっ	43	197	164	3	3
25959781	むかっ	向かっ	43	197	164	3	3
25828710	むかって	向かって	43	197	206	4	4
25697639	むかって	向かって	43	197	206	4	4
25566568	むき	向き	43	197	162	2	2
579149161	むけ	向け	976	197	95	2	2
25435498	むけて	向けて	42	197	206	3	3
25304427	むけて	向けて	42	197	206	3	3
394272108	むげん	無限	665	190	37	3	2
394141037	むげん	無限	664	190	37	3	2
488643950	むこう	向こう	824	190	37	3	3
488512879	むこう	向こう	824	190	37	3	3
488381808	むこう	向こう	823	190	37	3	3
459677041	むし	無視	775	198	101	2	2
459545970	むし	無視	775	198	101	2	2
459414899	むし	無視	774	190	101	2	2
459283828	むし	無視	774	190	101	2	2
446963061	むし	虫	753	190	37	2	1
446831990	むし	虫	753	190	37	2	1
446700919	むし	虫	753	190	37	2	1
576134520	むしろ	むしろ	971	193	54	3	3
324279673	むすう	無数	546	200	120	3	2
324148602	むすう	無数	546	200	120	3	2
568925563	むすこ	息子	959	191	42	3	2
568794492	むすこ	息子	959	191	42	3	2
568663421	むすこ	息子	959	191	42	3	2
568532350	むすめ	娘	958	191	42	3	1
568401279	むすめ	娘	958	191	42	3	1
568270208	むすめ	娘	958	191	42	3	1
25173377	むずかし	難し	42	199	77	4	2
25042306	むずかし	難し	42	199	77	4	2
543104387	むずかしい	難しい	916	199	152	5	3
488250756	むずかしく	難しく	823	190	173	5	3
488119685	むずかしく	難しく	823	190	173	5	3
487988614	むずかしく	難しく	823	190	173	5	3
502668679	むだ	無駄	847	200	120	2	2
502537608	むだ	無駄	847	200	120	2	2
424025481	むちゅう	夢中	715	200	120	4	2
423894410	むちゅう	夢中	715	200	120	4	2
534322571	むね	胸	901	190	37	2	1
534191500	むね	胸	901	190	37	2	1
534060429	むね	胸	900	190	37	2	1
533929358	むね	胸	900	190	37	2	1
527375759	むら	村	889	190	37	2	1
548478352	むりょう	無料	925	190	37	4	2
548347281	むりょう	無料	924	190	37	4	2
24911250	むれ	群れ	42	197	94	2	2
24780179	むれ	群れ	41	197	94	2	2
24649108	むれ	群れ	41	197	94	2	2
24518037	むろん	むろん	41	193	63	3	3
24386966	むーど	ムード	41	190	37	3	3
24255895	むーど	ムード	40	190	37	3	3
24124824	むーど	ムード	40	190	37	3	3
23993753	むーど	ムード	40	190	37	3	3
590814618	め	目	996	190	37	1	1
360193435	め	芽	607	190	37	1	1
360062364	め	芽	607	190	37	1	1
469900701	めいかく	明確	792	200	120	4	2
469769630	めいかく	明確	792	200	120	4	2
520035743	めいがら	銘柄	877	190	37	4	2
519904672	めいがら	銘柄	876	190	37	4	2
519773601	めいがら	銘柄	876	190	37	4	2
386407842	めいし	名刺	651	190	37	3	2
386276771	めいし	名刺	651	190	37	3	2
324017572	めいしょう	名称	546	190	37	5	2
323886501	めいしょう	名称	546	190	37	5	2
323755430	めいしょう	名称	546	190	37	5	2
323624359	めいしょう	名称	545	190	37	5	2
323493288	めいれい	命令	545	198	101	4	2
323362217	めいれい	命令	545	198	101	4	2
423763370	めいわく	迷惑	714	198	101	4	2
23862699	めきしこ	メキシコ	40	192	45	4	4
23731628	めぐまれ	恵まれ	40	197	96	4	3
23600557	めぐまれ	恵まれ	39	197	96	4	3
23469486	めぐまれ	恵まれ	39	197	96	4	3
341974447	めざし	目指し	576	197	162	3	3
23338416	めざして	目指して	39	197	206	4	4
23207345	めざして	目指して	39	197	206	4	4
23076274	めす	メス	38	190	37	2	2
22945203	めす	メス	38	190	37	2	2
22814132	めす	メス	38	190	37	2	2
22683061	めずらしい	珍しい	38	199	152	5	3
22551990	めずらしく	珍しく	38	199	173	5	3
235675063	めだま	目玉	397	190	37	3	2
235543992	めだま	目玉	397	190	37	3	2
235412921	めだま	目玉	397	190	37	3	2
459152826	めっせーじ	メッセージ	774	198	101	5	5
459021755	めっせーじ	メッセージ	774	198	101	5	5
469638588	めでぃあ	メディア	792	190	37	4	4
469507517	めでぃあ	メディア	791	190	37	4	4
469376446	めでぃあ	メディア	791	190	37	4	4
22420927	めど	めど	37	190	37	2	2
22289856	めど	めど	37	190	37	2	2
22158785	めど	めど	37	190	37	2	2
22027714	めど	メド	37	190	37	2	2
21896643	めど	メド	36	190	37	2	2
21765572	めど	メド	36	190	37	2	2
476192197	めにゅー	メニュー	803	190	37	4	4
476061126	めにゅー	メニュー	803	190	37	4	4
475930055	めにゅー	メニュー	802	190	37	4	4
21634504	めもりー	メモリー	36	190	37	4	4
21503433	めりっと	メリット	36	190	37	4	4
21372362	めりっと	メリット	36	190	37	4	4
21241291	めりっと	メリット	35	190	37	4	4
553065932	めん	面	932	198	101	2	1
352591309	めんきょ	免許	594	198	101	4	2
352460238	めんきょ	免許	594	198	101	4	2
352329167	めんせき	面積	594	190	37	4	2
352198096	めんせき	面積	594	190	37	4	2
352067025	めんせき	面積	593	190	37	4	2
351935954	めんせき	面積	593	190	37	4	2
309075411	めんせつ	面接	521	198	101	4	2
308944340	めんせつ	面接	521	198	101	4	2
469245397	めんどう	面倒	791	200	121	4	2
542973398	めんばー	メンバー	915	190	37	4	4
542842327	めんばー	メンバー	915	190	37	4	4
542711256	めんばー	メンバー	915	190	37	4	4
542580185	めんばー	メンバー	915	190	37	4	4
564731354	めーかー	メーカー	952	190	37	4	4
564600283	めーかー	メーカー	952	190	37	4	4
564469212	めーかー	メーカー	952	190	37	4	4
572595677	めーる	メール	965	198	101	3	3
572464606	めーる	メール	965	198	101	3	3
572333535	めーる	メール	965	198	101	3	3
572202464	めーる	メール	965	198	101	3	3
572071393	めーる	メール	964	198	101	3	3
557456866	も	も	940	149	222	1	1
537271779	も	も	906	149	222	1	1
513613284	も	も	866	149	222	1	1
509681125	も	も	859	149	222	1	1
507846118	も	も	856	149	222	1	1
504962535	も	も	851	149	222	1	1
492641768	も	も	830	149	222	1	1
482024937	も	も	813	149	222	1	1
479796714	も	も	809	149	222	1	1
475340267	も	も	801	149	222	1	1
461184492	も	も	777	149	222	1	1
450829805	も	も	760	149	222	1	1
431824366	も	も	728	149	222	1	1
422911471	も	も	713	149	222	1	1
417930736	も	も	704	149	222	1	1
415047153	も	も	700	149	222	1	1
408100338	も	も	688	149	222	1	1
369958387	も	も	624	149	222	1	1
368778740	も	も	622	149	222	1	1
326442485	も	も	550	149	222	1	1
322117110	も	も	543	149	222	1	1
312942071	も	も	527	149	222	1	1
310320632	も	も	523	149	222	1	1
280305145	も	も	472	149	222	1	1
208739834	も	も	352	149	222	1	1
195632635	も	も	329	149	222	1	1
172695036	も	も	291	149	222	1	1
172170749	も	も	290	149	222	1	1
162078206	も	も	273	149	222	1	1
150674943	も	も	254	149	222	1	1
87760384	も	も	148	149	222	1	1
83959297	も	も	141	149	222	1	1
46996994	も	も	79	149	222	1	1
30088707	も	も	50	149	222	1	1
25632260	も	も	43	149	222	1	1
21110277	もうしこみ	申し込み	35	198	101	5	4
20979206	もうしこみ	申し込み	35	198	101	5	4
20848135	もうしこみ	申し込み	35	198	101	5	4
475799048	もうすこし	もう少し	802	193	54	5	4
187178505	もえ	燃え	315	197	95	2	2
187047434	もえ	燃え	315	197	95	2	2
186916363	もえ	燃え	315	197	95	2	2
458890764	もくてき	目的	774	190	37	4	2
458759693	もくてき	目的	773	190	37	4	2
458628622	もくてき	目的	773	190	37	4	2
423632399	もくひょう	目標	714	190	37	5	2
423501328	もくひょう	目標	714	190	37	5	2
423370257	もくひょう	目標	714	190	37	5	2
235281938	もけい	模型	396	190	37	3	2
235150867	もけい	模型	396	190	37	3	2
235019796	もさく	模索	396	198	101	3	2
234888725	もさく	模索	396	198	101	3	2
234757654	もさく	模索	395	198	101	3	2
511057431	もし	もし	862	196	67	2	2
308813336	もじ	文字	520	217	80	2	2
308682265	もじ	文字	520	217	80	2	2
20717082	もた	持た	34	197	165	2	2
20586011	もたない	持たない	34	197	155	4	4
186785308	もち	持ち	315	197	162	2	2
542449181	もちろん	もちろん	914	193	58	4	4
20454942	もっ	もっ	34	197	164	2	2
20323871	もっ	持っ	34	197	164	2	2
20192800	もっ	持っ	34	197	164	2	2
20061729	もった	持った	33	197	151	3	3
394010146	もって	持って	664	197	180	3	3
393879075	もって	持って	664	197	180	3	3
297147940	もって	もって	501	197	206	3	3
19930661	もって	持って	33	197	206	3	3
19799590	もって	持って	33	197	206	3	3
323231271	もつ	持つ	545	197	161	2	2
19668520	もつ	もつ	33	197	161	2	2
19537449	もでむ	モデム	32	190	37	3	3
19406378	もでむ	モデム	32	190	37	3	3
19275307	もでむ	モデム	32	190	37	3	3
386145836	もでる	モデル	651	190	37	3	3
469114413	もと	下	791	190	37	2	1
468983342	もと	下	791	190	37	2	1
19144239	もと	もと	32	190	37	2	2
19013168	もと	もと	32	190	37	2	2
315760177	もとめ	求め	532	197	95	3	2
315629106	もとめ	求め	532	197	95	3	2
315498035	もとめ	求め	532	197	95	3	2
18882100	もともと	もともと	31	193	63	4	4
446570037	もの	もの	753	190	37	2	2
446438966	もの	もの	753	190	37	2	2
446307895	もの	もの	752	190	37	2	2
423239224	もの	者	713	190	37	2	1
423108153	もの	者	713	190	37	2	1
422977082	もの	者	713	190	37	2	1
422846011	もの	者	713	190	37	2	1
334896700	もの	モノ	564	190	37	2	2
334765629	もの	モノ	564	190	37	2	2
18751038	もの	物	31	198	101	2	1
351804991	ものがたり	物語	593	190	37	5	2
351673920	ものがたり	物語	593	190	37	5	2
351542849	ものがたり	物語	592	190	37	5	2
308551234	ものごと	物事	520	190	37	4	2
308420163	ものごと	物事	520	190	37	4	2
308289092	ものごと	物事	520	190	37	4	2
308158021	ものごと	物事	519	190	37	4	2
366878278	もよう	模様	618	190	37	3	2
366747207	もよう	模様	618	190	37	3	2
366616136	もよう	模様	618	190	37	3	2
18619977	もよう	もよう	31	190	37	3	3
18488906	もよう	もよう	31	190	37	3	3
234626635	もらえ	もらえ	395	197	141	3	3
234495564	もらえ	もらえ	395	197	141	3	3
308026957	もんく	文句	519	190	37	3	2
307895886	もんく	文句	519	190	37	3	2
542318159	もんだい	問題	914	200	120	4	2
542187088	もんだい	問題	914	200	120	4	2
542056017	もんだい	問題	914	200	120	4	2
541924946	もんだい	問題	914	200	120	4	2
487398995	や	や	822	170	273	1	1
18357844	やい	焼い	30	197	164	2	2
18226773	やい	焼い	30	197	164	2	2
411311702	やかん	夜間	693	190	37	3	2
411180631	やかん	夜間	693	190	37	3	2
18095704	やがて	やがて	30	193	46	3	3
487857753	やきゅう	野球	822	190	37	4	2
498081370	やくそく	約束	840	198	101	4	2
497950299	やくそく	約束	839	198	101	4	2
497819228	やくそく	約束	839	198	101	4	2
351411805	やくわり	役割	592	190	37	4	2
351280734	やくわり	役割	592	190	37	4	2
487726687	やさい	野菜	822	190	37	3	2
487595616	やさい	野菜	822	190	37	3	2
487464545	やさい	野菜	822	190	37	3	2
487333474	やさい	野菜	822	190	37	3	2
315367011	やす	安	531	199	78	2	1
315235940	やす	安	531	199	78	2	1
548216421	やすい	安い	924	199	152	3	2
17964646	やすく	安く	30	199	173	3	2
17833575	やすく	安く	30	199	173	3	2
487202408	やすみ	休み	821	190	37	3	2
487071337	やすみ	休み	821	190	37	3	2
486940266	やすみ	休み	821	190	37	3	2
17702507	やせい	野生	29	198	101	3	2
284040812	やちん	家賃	479	190	37	3	2
283909741	やちん	家賃	478	190	37	3	2
283778670	やちん	家賃	478	190	37	3	2
17571439	やっ	やっ	29	197	164	2	2
17440368	やった	やった	29	197	151	3	3
556080753	やっぱり	やっぱり	937	193	55	4	4
434642546	やつ	やつ	733	191	42	2	2
434511475	やつ	やつ	732	191	42	2	2
434380404	やつ	やつ	732	191	42	2	2
17309301	やとう	野党	29	190	37	3	2
393748086	やど	宿	664	190	37	2	1
393617015	やど	宿	663	190	37	2	1
323100280	やね	屋根	544	190	37	2	2
322969209	やね	屋根	544	190	37	2	2
322838138	やね	屋根	544	190	37	2	2
589766267	やはり	やはり	994	193	61	3	3
434249340	やまだ	山田	732	190	37	3	2
434118269	やまだ	山田	732	190	37	3	2
366485118	やまもと	山本	618	190	37	4	2
341843583	やめ	やめ	576	197	95	2	2
341712512	やめ	やめ	576	197	95	2	2
283647617	やめ	辞め	478	197	95	2	2
283516546	やめ	辞め	478	197	95	2	2
283385475	やめ	辞め	478	197	95	2	2
17178244	やりかた	やり方	28	190	37	4	3
17047173	やりかた	やり方	28	190	37	4	3
16916102	やりかた	やり方	28	190	37	4	3
16785031	やりかた	やり方	28	190	37	4	3
16653960	やりかた	やり方	28	190	37	4	3
411049609	やる	やる	693	197	161	2	2
16522890	やれ	やれ	27	197	141	2	2
16391819	やれ	やれ	27	197	141	2	2
186654348	やろう	やろう	314	197	147	3	3
527244941	ゆいいつ	唯一	889	190	37	4	2
533798542	ゆうがた	夕方	900	190	37	4	2
533667471	ゆうがた	夕方	900	190	37	4	2
533536400	ゆうがた	夕方	899	190	37	4	2
458497681	ゆうき	勇気	773	190	37	3	2
458366610	ゆうき	勇気	773	190	37	3	2
458235539	ゆうき	勇気	772	190	37	3	2
527113876	ゆうこう	有効	889	200	120	4	2
526982805	ゆうこう	有効	888	200	120	4	2
526851734	ゆうこう	有効	888	200	120	4	2
234364567	ゆうし	融資	395	198	101	3	2
422715032	ゆうしゅう	優秀	713	190	120	5	2
16260761	ゆうしゅう	優秀	27	190	37	5	2
468852378	ゆうしょう	優勝	790	198	101	5	2
468721307	ゆうしょう	優勝	790	198	101	5	2
519642780	ゆうしょく	夕食	876	190	37	5	2
519511709	ゆうしょく	夕食	876	190	37	5	2
571940510	ゆうじん	友人	964	191	42	4	2
571809439	ゆうじん	友人	964	191	42	4	2
351149728	ゆうびんきょく	郵便局	592	190	37	7	3
351018657	ゆうびんきょく	郵便局	592	190	37	7	3
350887586	ゆうびんきょく	郵便局	591	190	37	7	3
564338339	ゆうめい	有名	951	200	120	4	2
564207268	ゆうめい	有名	951	200	120	4	2
486809253	ゆうり	有利	821	200	120	3	2
486678182	ゆうり	有利	820	200	120	3	2
486547111	ゆうり	有利	820	200	120	3	2
386014888	ゆうりょく	有力	651	200	120	5	2
422583977	ゆか	床	712	190	37	2	1
422452906	ゆか	床	712	190	37	2	1
568139435	ゆき	雪	958	190	37	2	1
568008364	ゆき	雪	958	190	37	2	1
567877293	ゆき	雪	957	190	37	2	1
567746222	ゆき	雪	957	190	37	2	1
359931567	ゆくえ	行方	607	190	37	3	2
359800496	ゆくえ	行方	606	190	37	3	2
359669425	ゆくえ	行方	606	190	37	3	2
519380658	ゆたか	豊か	876	200	120	3	2
519249587	ゆたか	豊か	875	200	120	3	2
16129716	ゆだやじん	ユダヤ人	27	190	41	5	4
15998645	ゆだやじん	ユダヤ人	26	190	41	5	4
576003766	ゆっくり	ゆっくり	971	193	61	4	4
315104951	ゆとり	ゆとり	531	190	37	3	3
314973880	ゆとり	ゆとり	531	190	37	3	3
314842809	ゆとり	ゆとり	531	190	37	3	3
15867578	ゆにっと	ユニット	26	190	37	4	4
15736507	ゆにっと	ユニット	26	190	37	4	4
15605436	ゆにーく	ユニーク	26	200	120	4	4
475668157	ゆび	指	802	190	37	2	1
567615166	ゆめ	夢	957	190	37	2	1
567484095	ゆめ	夢	957	190	37	2	1
15474368	ゆらい	由来	26	193	63	3	2
15343297	ゆらい	由来	25	193	63	3	2
307764930	ゆれ	揺れ	519	197	94	2	2
307633859	ゆれ	揺れ	518	197	94	2	2
307502788	ゆれ	揺れ	518	197	94	2	2
15212229	ゆーざー	ユーザー	25	190	37	4	4
15081158	ゆーざー	ユーザー	25	190	37	4	4
14950087	ゆーざー	ユーザー	25	190	37	4	4
14819016	ゆーざー	ユーザー	24	190	37	4	4
14687945	よ	よ	24	199	78	1	1
433987274	よい	よい	732	199	152	2	2
385883851	ようい	用意	650	198	101	3	2
385752780	ようい	用意	650	198	101	3	2
366354125	よういん	要因	617	190	37	4	2
366223054	よういん	要因	617	190	37	4	2
366091983	よういん	要因	617	190	37	4	2
365960912	よういん	要因	617	190	37	4	2
14556881	ようか	８日	24	190	37	3	2
14425810	ようか	８日	24	190	37	3	2
14294739	ようか	８日	24	190	37	3	2
446176980	ようす	様子	752	190	37	3	2
446045909	ようす	様子	752	190	37	3	2
359538390	ようするに	要するに	606	193	54	5	4
385621719	ようそ	要素	650	190	37	3	2
385490648	ようそ	要素	650	190	37	3	2
385359577	ようそ	要素	650	190	37	3	2
297017050	ようちえん	幼稚園	500	190	37	5	3
296885979	ようちえん	幼稚園	500	190	37	5	3
81862364	ような	ような	138	21	129	3	3
77668061	ような	ような	130	21	129	3	3
81993438	ように	ように	138	21	135	3	3
486416095	よく	良く	820	199	173	2	2
458104544	よくじつ	翌日	772	190	37	4	2
457973473	よくじつ	翌日	772	190	37	4	2
457842402	よくじつ	翌日	772	190	37	4	2
457711331	よくじつ	翌日	772	190	37	4	2
14163684	よくねん	翌年	23	190	37	4	2
14032613	よくねん	翌年	23	190	37	4	2
433856230	よこはま	横浜	731	190	37	4	2
13901543	よこはま	横浜	23	192	45	4	2
186523368	よごれ	汚れ	314	190	37	3	2
186392297	よごれ	汚れ	314	190	37	3	2
13770474	よさ	良さ	23	199	282	2	2
13639403	よさ	良さ	22	199	282	2	2
359407340	よさん	予算	606	190	37	3	2
186261229	よそく	予測	314	198	101	3	2
13508334	よち	余地	22	190	37	2	2
13377263	よち	余地	22	190	37	2	2
13246192	よっか	４日	22	190	37	3	2
13115121	よっか	４日	22	190	37	3	2
468590322	よって	よって	790	196	67	3	3
510926579	よてい	予定	861	198	101	3	2
510795508	よてい	予定	861	198	101	3	2
12984053	よとう	与党	21	190	37	3	2
422321910	よのなか	世の中	712	190	37	4	3
422190839	よのなか	世の中	712	190	37	4	3
422059768	よのなか	世の中	711	190	37	4	3
421928697	よのなか	世の中	711	190	37	4	3
421797626	よのなか	世の中	711	190	37	4	3
12852987	よぶ	呼ぶ	21	197	161	2	2
334634748	よほど	よほど	564	193	58	3	3
186130173	よぼう	予防	313	198	101	3	2
12721918	よま	読ま	21	197	165	2	2
234233599	よむ	読む	395	197	161	2	2
185999104	よめ	嫁	313	190	37	2	1
185868033	よめ	嫁	313	190	37	2	1
185736962	よめ	嫁	313	190	37	2	1
12590851	よめ	読め	21	197	141	2	2
12459780	よめ	読め	21	197	141	2	2
12328709	よめ	読め	20	197	141	2	2
377757446	よやく	予約	637	198	101	3	2
410918663	よゆう	余裕	693	190	37	3	2
410787592	よゆう	余裕	692	190	37	3	2
410656521	よゆう	余裕	692	190	37	3	2
410525450	よゆう	余裕	692	190	37	3	2
533405451	より	より	899	193	61	2	2
533274380	よる	夜	899	190	37	2	1
533143309	よる	夜	899	190	37	2	1
12197646	よれ	よれ	20	197	141	2	2
322707215	よろこび	喜び	544	190	37	4	2
519118608	よろしく	よろしく	875	199	173	4	4
518922001	よろしく	よろしく	875	199	173	4	4
12066578	よわい	弱い	20	199	152	3	2
11935507	よん	読ん	20	197	163	2	2
11804436	よん	読ん	19	197	163	2	2
433725205	よーろっぱ	ヨーロッパ	731	192	45	5	5
577707798	らいしゅう	来週	974	190	37	5	2
11673367	らいしゅん	来春	19	190	37	5	2
11542296	らいしゅん	来春	19	190	37	5	2
486285081	らいと	ライト	820	190	37	3	3
296754970	らいにち	来日	500	198	101	4	2
589635355	らいねん	来年	994	190	37	4	2
11411228	らいねんど	来年度	19	190	37	5	3
11280157	らいねんど	来年度	19	190	37	5	3
457580318	らいばる	ライバル	771	190	37	4	4
510664479	らいん	ライン	861	190	37	3	3
510533408	らいん	ライン	861	190	37	3	3
185605921	らぐびー	ラグビー	313	190	37	4	4
185474850	らぐびー	ラグビー	312	190	37	4	4
385228579	らし	らし	649	199	77	2	2
385097508	らし	らし	649	199	77	2	2
518790949	らじお	ラジオ	875	190	37	3	3
402005798	らっしゅ	ラッシュ	678	190	37	4	4
401874727	らっしゅ	ラッシュ	677	190	37	4	4
401743656	らっしゅ	ラッシュ	677	190	37	4	4
11149097	らっしゅ	ラッシュ	18	198	101	4	4
11018026	らっしゅ	ラッシュ	18	198	101	4	4
10886955	らっしゅ	ラッシュ	18	198	101	4	4
10755884	らべる	ラベル	18	190	37	3	3
10624813	らべる	ラベル	17	190	37	3	3
264838958	られた	られた	446	83	151	3	3
346234671	られて	られて	584	83	206	3	3
264707888	られて	られて	446	83	206	3	3
257892145	られて	られて	434	83	206	3	3
207036210	られて	られて	349	83	206	3	3
108994355	られて	られて	183	83	206	3	3
94314292	られて	られて	159	83	206	3	3
564928309	られる	られる	952	83	161	3	3
346103606	られる	られる	583	83	161	3	3
183967543	られる	られる	310	83	161	3	3
164437816	られる	られる	277	83	161	3	3
94183225	られる	られる	158	83	161	3	3
10493754	りえき	利益	17	198	101	3	2
10362683	りえき	利益	17	198	101	3	2
559619900	りかい	理解	943	198	101	3	2
559488829	りかい	理解	943	198	101	3	2
296623934	りくつ	理屈	500	190	37	3	2
296492863	りくつ	理屈	500	190	37	3	2
185343808	りし	利子	312	190	37	2	2
468459329	りすく	リスク	790	190	37	3	3
468328258	りすく	リスク	789	190	37	3	3
468197187	りすく	リスク	789	190	37	3	3
457449284	りすと	リスト	771	198	101	3	3
457318213	りすと	リスト	771	198	101	3	3
457187142	りすと	リスト	771	198	101	3	3
10231623	りずむ	リズム	17	190	37	3	3
10100552	りずむ	リズム	17	190	37	3	3
9969481	りずむ	リズム	16	190	37	3	3
421666634	りそう	理想	711	190	37	3	2
9838411	りっこうほ	立候補	16	198	101	5	3
9707340	りっこうほ	立候補	16	198	101	5	3
421535565	りっぱ	立派	711	190	120	3	2
421404494	りっぱ	立派	710	190	120	3	2
9576271	りっぱ	立派	16	190	37	3	2
9445200	りっぱ	立派	15	190	37	3	2
283254609	りてん	利点	477	190	37	3	2
283123538	りてん	利点	477	190	37	3	2
282992467	りてん	利点	477	190	37	3	2
9314132	りねん	理念	15	190	37	3	2
9183061	りびあ	リビア	15	190	37	3	3
9051990	りまわり	利回り	15	190	37	4	3
8920919	りまわり	利回り	15	190	37	4	3
8789848	りゅうがくせい	留学生	14	190	41	7	3
8658777	りゅうがくせい	留学生	14	190	41	7	3
334503770	りゅうこう	流行	564	198	101	5	2
575872859	りゆう	理由	971	190	37	3	2
575741788	りゆう	理由	971	190	37	3	2
575610717	りゆう	理由	970	190	37	3	2
541794142	りょう	量	913	190	37	3	1
541663071	りょう	量	913	190	37	3	1
541532000	りょう	量	913	190	37	3	1
541400929	りょう	量	913	190	37	3	1
377626466	りょういき	領域	636	190	37	5	2
377495395	りょういき	領域	636	190	37	5	2
377364324	りょういき	領域	636	190	37	5	2
526720869	りょうきん	料金	888	190	37	5	2
526589798	りょうきん	料金	888	190	37	5	2
526458727	りょうきん	料金	888	190	37	5	2
526327656	りょうきん	料金	887	190	37	5	2
8527721	りょうこく	両国	14	190	37	5	2
8396650	りょうこく	両国	14	190	37	5	2
8265579	りょうしゃ	両者	13	190	41	5	2
8134508	りょうしゃ	両者	13	190	41	5	2
8003437	りょうしゃ	両者	13	190	41	5	2
7872366	りょうしゃ	両者	13	190	41	5	2
486154095	りょうしん	両親	820	191	42	5	2
486023024	りょうしん	両親	819	191	42	5	2
485891953	りょうしん	両親	819	191	42	5	2
485760882	りょうしん	両親	819	191	42	5	2
485629811	りょうしん	両親	819	191	42	5	2
377233268	りょうて	両手	636	190	37	4	2
377102197	りょうて	両手	636	190	37	4	2
376971126	りょうて	両手	635	190	37	4	2
468066167	りょうほう	両方	789	190	37	5	2
467935096	りょうほう	両方	789	190	37	5	2
467804025	りょうほう	両方	789	190	37	5	2
467672954	りょうほう	両方	788	190	37	5	2
552935291	りょうり	料理	932	198	101	4	2
552804220	りょうり	料理	932	198	101	4	2
334372733	りょかん	旅館	564	190	37	4	2
334241662	りょかん	旅館	563	190	37	4	2
334110591	りょかん	旅館	563	190	37	4	2
564076416	りょく	力	951	201	39	3	1
563945345	りょく	力	951	201	39	3	1
563814274	りょく	力	951	201	39	3	1
571678595	りょこう	旅行	964	198	101	4	2
589504388	りよう	利用	994	198	101	3	2
589373317	りよう	利用	994	198	101	3	2
7741318	りようしゃ	利用者	13	190	41	5	3
7610247	りようしゃ	利用者	12	190	41	5	3
7479176	りようしゃ	利用者	12	190	41	5	3
7348105	りようしゃ	利用者	12	190	41	5	3
384966538	りりーす	リリース	649	198	101	4	4
410394507	りろん	理論	692	190	37	3	2
410263436	りろん	理論	692	190	37	3	2
7217037	りろんてき	理論的	12	200	120	5	3
7085966	りろんてき	理論的	11	200	120	5	3
410132367	りんぐ	リング	691	190	37	3	3
410001296	りんぐ	リング	691	190	37	3	3
401612689	りーだー	リーダー	677	190	41	4	4
6954898	りーど	リード	11	198	101	3	3
6823827	りーど	リード	11	198	101	3	3
6692756	りーど	リード	11	198	101	3	3
534650773	る	る	901	234	161	1	1
520363926	る	る	877	234	161	1	1
480059287	る	る	809	234	161	1	1
460529560	る	る	776	234	161	1	1
400367513	る	る	675	234	161	1	1
374415258	る	る	631	234	161	1	1
369172379	る	る	622	234	161	1	1
346627996	る	る	584	234	161	1	1
343482269	る	る	579	234	161	1	1
335224734	る	る	565	234	161	1	1
318709663	る	る	537	234	161	1	1
318316448	る	る	536	234	161	1	1
315826081	る	る	532	234	161	1	1
307699618	る	る	519	234	161	1	1
306257827	る	る	516	234	161	1	1
298000292	る	る	502	234	161	1	1
297607077	る	る	501	234	161	1	1
295509926	る	る	498	234	161	1	1
283451303	る	る	478	234	161	1	1
282795944	る	る	477	234	161	1	1
277421993	る	る	467	234	161	1	1
267722666	る	る	451	234	161	1	1
266149803	る	る	448	234	161	1	1
265756588	る	る	448	234	161	1	1
265494445	る	る	447	234	161	1	1
265232302	る	る	447	234	161	1	1
257630127	る	る	434	234	161	1	1
256450480	る	る	432	234	161	1	1
256188337	る	る	432	234	161	1	1
248848306	る	る	419	234	161	1	1
247799731	る	る	417	234	161	1	1
236920756	る	る	399	234	161	1	1
234692533	る	る	395	234	161	1	1
220012470	る	る	371	234	161	1	1
218570679	る	る	368	234	161	1	1
207167416	る	る	349	234	161	1	1
204545977	る	る	345	234	161	1	1
200351674	る	る	337	234	161	1	1
198123451	る	る	334	234	161	1	1
192749500	る	る	325	234	161	1	1
188948413	る	る	318	234	161	1	1
187113406	る	る	315	234	161	1	1
183836607	る	る	310	234	161	1	1
182263744	る	る	307	234	161	1	1
178331585	る	る	300	234	161	1	1
178069442	る	る	300	234	161	1	1
176627651	る	る	297	234	161	1	1
176365508	る	る	297	234	161	1	1
174923717	る	る	295	234	161	1	1
174661574	る	る	294	234	161	1	1
168894407	る	る	284	234	161	1	1
165486536	る	る	279	234	161	1	1
164175817	る	る	276	234	161	1	1
160243658	る	る	270	234	161	1	1
160112587	る	る	270	234	161	1	1
139927500	る	る	236	234	161	1	1
130359245	る	る	219	234	161	1	1
108863438	る	る	183	234	161	1	1
99950543	る	る	168	234	161	1	1
97198032	る	る	163	234	161	1	1
95494097	る	る	161	234	161	1	1
95100882	る	る	160	234	161	1	1
94707667	る	る	159	234	161	1	1
93396948	る	る	157	234	161	1	1
93003733	る	る	156	234	161	1	1
92610518	る	る	156	234	161	1	1
91955159	る	る	155	234	161	1	1
91561944	る	る	154	234	161	1	1
88678361	る	る	149	234	161	1	1
88285146	る	る	148	234	161	1	1
83697627	る	る	141	234	161	1	1
71376860	る	る	120	234	161	1	1
60366813	る	る	101	234	161	1	1
32841694	る	る	55	234	161	1	1
28516319	る	る	48	234	161	1	1
16457696	る	る	27	234	161	1	1
12656609	る	る	21	234	161	1	1
6561762	るいじ	類似	11	198	101	3	2
6430691	るいじ	類似	10	198	101	3	2
563683300	るす	留守	950	198	101	2	2
563552229	るす	留守	950	198	101	2	2
482942950	ると	ると	814	234	250	2	2
233250791	ると	ると	393	234	250	2	2
178724840	ると	ると	301	234	250	2	2
6299625	るーと	ルート	10	190	37	3	3
6168554	るーと	ルート	10	190	37	3	3
6037483	るーと	ルート	10	190	37	3	3
5906412	るーと	ルート	9	190	37	3	3
5775341	るーと	ルート	9	190	37	3	3
582819822	るーる	ルール	983	190	37	3	3
582688751	るーる	ルール	982	190	37	3	3
582557680	るーる	ルール	982	190	37	3	3
582426609	るーる	ルール	982	190	37	3	3
586751986	れい	例	989	190	37	2	1
586620915	れい	例	989	190	37	2	1
586489844	れい	例	989	190	37	2	1
518660085	れいがい	例外	874	190	37	4	2
518529014	れいがい	例外	874	190	37	4	2
533012471	れいせい	冷静	899	200	120	4	2
532881400	れいせい	冷静	898	200	120	4	2
532750329	れいせい	冷静	898	200	120	4	2
457056250	れいぞうこ	冷蔵庫	770	190	37	5	3
456925179	れいぞうこ	冷蔵庫	770	190	37	5	3
456794108	れいぞうこ	冷蔵庫	770	190	37	5	3
456663037	れいぞうこ	冷蔵庫	770	190	37	5	3
5644286	れいねん	例年	9	190	37	4	2
5513215	れいねん	例年	9	190	37	4	2
571547648	れきし	歴史	964	190	37	3	2
571416577	れきし	歴史	963	190	37	3	2
571285506	れきし	歴史	963	190	37	3	2
5382147	れきしてき	歴史的	9	200	120	5	3
5251076	れきしてき	歴史的	8	200	120	5	3
409870341	れこーど	レコード	691	190	37	4	4
409739270	れこーど	レコード	691	190	37	4	4
5120007	れじゃー	レジャー	8	190	37	4	4
541270024	れすとらん	レストラン	913	190	37	5	5
541138953	れすとらん	レストラン	912	190	37	5	5
541007882	れすとらん	レストラン	912	190	37	5	5
540876811	れすとらん	レストラン	912	190	37	5	5
100605964	れた	れた	169	84	151	2	2
445915149	れっしゃ	列車	752	190	37	4	2
445784078	れっしゃ	列車	751	190	37	4	2
445653007	れっしゃ	列車	751	190	37	4	2
445521936	れっしゃ	列車	751	190	37	4	2
445390865	れっしゃ	列車	751	190	37	4	2
376840210	れつ	列	635	190	37	2	1
376709139	れつ	列	635	190	37	2	1
376578068	れつ	列	635	190	37	2	1
571154453	れべる	レベル	963	190	37	3	3
571023382	れべる	レベル	963	190	37	3	3
570892311	れべる	レベル	962	190	37	3	3
497688600	れぽーと	レポート	839	198	101	4	4
497557529	れぽーと	レポート	839	198	101	4	4
4988954	れぽーと	レポート	8	190	37	4	4
4857883	れぽーと	レポート	8	190	37	4	4
83435548	れる	れる	140	84	161	2	2
467542045	れんきゅう	連休	788	190	37	5	2
467410974	れんきゅう	連休	788	190	37	5	2
307372063	れんけい	連携	518	198	101	4	2
307240992	れんけい	連携	518	198	101	4	2
333979681	れんけつ	連結	563	198	101	4	2
333848610	れんけつ	連結	563	198	101	4	2
570761251	れんしゅう	練習	962	198	101	5	2
570630180	れんしゅう	練習	962	198	101	5	2
497426469	れんじつ	連日	839	190	37	4	2
497295398	れんじつ	連日	838	190	37	4	2
4726823	れんず	レンズ	7	190	37	3	3
4595752	れんず	レンズ	7	190	37	3	3
555950121	れんぞく	連続	937	198	101	4	2
384835626	れんちゅう	連中	649	190	37	5	2
384704555	れんちゅう	連中	648	190	37	5	2
384573484	れんちゅう	連中	648	190	37	5	2
579018797	れんらく	連絡	976	198	101	4	2
578887726	れんらく	連絡	976	198	101	4	2
456532015	れーす	レース	770	198	101	3	3
456400944	れーす	レース	769	198	101	3	3
409608241	ろうか	廊下	690	190	37	3	2
409477170	ろうか	廊下	690	190	37	3	2
409346099	ろうか	廊下	690	190	37	3	2
563421236	ろうじん	老人	950	190	41	4	2
563290165	ろうじん	老人	950	190	41	4	2
4464694	ろうそ	労組	7	190	37	3	2
4333623	ろうそ	労組	7	190	37	3	2
4202552	ろうどうしゃ	労働者	7	190	41	6	3
4071481	ろうどうしゃ	労働者	6	190	41	6	3
3940410	ろくがつ	６月	6	190	80	4	2
3809339	ろくがつ	６月	6	190	80	4	2
333717564	ろけっと	ロケット	562	190	37	4	4
333586493	ろけっと	ロケット	562	190	37	4	4
185212990	ろじょう	路上	312	190	37	4	2
185081919	ろじょう	路上	312	190	37	4	2
552673344	ろせん	路線	932	190	37	3	2
552542273	ろせん	路線	932	190	37	3	2
532619330	ろっく	ロック	898	198	101	3	3
365830211	ろびー	ロビー	617	190	37	3	3
365699140	ろびー	ロビー	616	190	37	3	3
365568069	ろびー	ロビー	616	190	37	3	3
365436998	ろびー	ロビー	616	190	37	3	3
502407239	ろぼっと	ロボット	847	190	37	4	4
333455432	ろんぎ	論議	562	198	101	3	2
333324361	ろんぎ	論議	562	198	101	3	2
184950858	ろんそう	論争	311	198	101	4	2
184819787	ろんそう	論争	311	198	101	4	2
184688716	ろんそう	論争	311	198	101	4	2
184557645	ろんそう	論争	311	198	101	4	2
3678286	ろんどん	ロンドン	6	192	45	4	4
510402639	ろんぶん	論文	860	190	37	4	2
510271568	ろんぶん	論文	860	190	37	4	2
510140497	ろんぶん	論文	860	190	37	4	2
3547218	ろんりてき	論理的	5	200	120	5	3
3416147	ろんりてき	論理的	5	200	120	5	3
333193300	ろーぷ	ロープ	562	190	37	3	3
333062229	ろーぷ	ロープ	561	190	37	3	3
332931158	ろーぷ	ロープ	561	190	37	3	3
332800087	ろーぷ	ロープ	561	190	37	3	3
3285080	ろーま	ローマ	5	192	45	3	3
3154009	ろーん	ローン	5	190	37	3	3
3022938	ろーん	ローン	5	190	37	3	3
2891867	ろーん	ローン	4	190	37	3	3
518398044	わいん	ワイン	874	190	37	3	3
184426589	わか	若	311	199	76	2	1
2760798	わかっ	わかっ	4	197	164	3	3
2629727	わかっ	わかっ	4	197	164	3	3
2498656	わかっ	分かっ	4	197	164	3	3
2367585	わかっ	分かっ	3	197	164	3	3
409215074	わかった	わかった	690	197	151	4	4
409084003	わかって	わかって	690	197	180	4	4
408952932	わかって	わかって	689	197	180	4	4
408821861	わかって	わかって	689	197	180	4	4
456269926	わかもの	若者	769	190	41	4	2
456138855	わかもの	若者	769	190	41	4	2
314712168	わかる	わかる	530	197	161	3	3
421273705	わく	枠	710	190	37	2	1
184295530	わくせい	惑星	310	190	37	4	2
184164459	わくせい	惑星	310	190	37	4	2
322576492	わけ	わけ	544	190	37	2	2
322445421	わけ	わけ	543	190	37	2	2
184033390	わけ	分け	310	197	95	2	2
183902319	わけ	分け	310	197	95	2	2
183771248	わけ	分け	309	197	95	2	2
393486449	わすれ	忘れ	663	197	95	3	2
2236530	わすれて	忘れて	3	197	206	4	3
234102899	わせだ	早稲田	394	190	37	3	3
555819124	わたくし	私	937	198	101	4	1
555688053	わたくし	私	937	198	101	4	1
2105462	わたくし	私	3	191	42	4	1
1974391	わたくし	私	3	191	42	4	1
591601784	わたし	私	997	191	42	3	1
591470713	わたし	私	997	191	42	3	1
559358074	わたし	わたし	943	191	42	3	3
559227003	わたし	わたし	943	191	42	3	3
1843324	わたしたち	わたしたち	3	191	43	5	5
1712253	わたしたち	わたしたち	2	191	43	5	5
1581182	わたしたち	私たち	2	191	43	5	3
1450111	わたしたち	私たち	2	191	43	5	3
510009472	わだい	話題	860	190	37	3	2
509878401	わだい	話題	860	190	37	3	2
1319042	わへい	和平	2	190	37	3	2
1187971	わへい	和平	1	190	37	3	2
332669060	わらい	笑い	561	190	37	3	2
332537989	わらい	笑い	560	190	37	3	2
1056902	わらい	笑い	1	197	162	3	2
925831	わらい	笑い	1	197	162	3	2
794760	わらっ	笑っ	1	197	164	3	2
663689	わらっ	笑っ	1	197	164	3	2
322314378	わる	悪	543	199	78	2	1
322183307	わる	悪	543	199	78	2	1
509747340	わるい	悪い	859	199	152	3	2
475537549	わるく	悪く	802	199	173	3	2
475406478	わるく	悪く	801	199	173	3	2
532488335	われわれ	我々	898	190	37	4	2
532357264	われわれ	我々	897	190	37	4	2
532625	われわれ	われわれ	0	190	37	4	4
401554	われわれ	われわれ	0	190	37	4	4
270483	われわれ	われわれ	0	190	37	4	4
139412	わーぷろ	ワープロ	0	190	37	4	4
8341	わーぷろ	ワープロ	0	190	37	4	4
592715926	を	を	999	156	257	1	1
591274135	を	を	997	156	257	1	1
590880920	を	を	996	156	257	1	1
590487705	を	を	996	156	257	1	1
589963418	を	を	995	156	257	1	1
587997339	を	を	991	156	257	1	1
586948764	を	を	990	156	257	1	1
586031261	を	を	988	156	257	1	1
585769118	を	を	988	156	257	1	1
585638047	を	を	987	156	257	1	1
584196256	を	を	985	156	257	1	1
582885537	を	を	983	156	257	1	1
582099106	を	を	981	156	257	1	1
579870883	を	を	978	156	257	1	1
579739812	を	を	977	156	257	1	1
579346597	を	を	977	156	257	1	1
579084454	を	を	976	156	257	1	1
578560167	を	を	975	156	257	1	1
578429096	を	を	975	156	257	1	1
578298025	を	を	975	156	257	1	1
575021226	を	を	969	156	257	1	1
574890155	を	を	969	156	257	1	1
574496940	を	を	969	156	257	1	1
574234797	を	を	968	156	257	1	1
573841582	を	を	967	156	257	1	1
573579439	を	を	967	156	257	1	1
573055152	を	を	966	156	257	1	1
571613361	を	を	964	156	257	1	1
570826930	を	を	962	156	257	1	1
570433715	を	を	962	156	257	1	1
570171572	を	を	961	156	257	1	1
569385141	を	を	960	156	257	1	1
567943350	を	を	957	156	257	1	1
567681207	を	を	957	156	257	1	1
566501560	を	を	955	156	257	1	1
565452985	を	を	953	156	257	1	1
565190842	を	を	953	156	257	1	1
564011195	を	を	951	156	257	1	1
563617980	を	を	950	156	257	1	1
563093693	を	を	949	156	257	1	1
561520830	を	を	947	156	257	1	1
560603327	を	を	945	156	257	1	1
559685824	を	を	944	156	257	1	1
559161537	を	を	943	156	257	1	1
557981890	を	を	941	156	257	1	1
557195459	を	を	939	156	257	1	1
556671172	を	を	938	156	257	1	1
554967237	を	を	936	156	257	1	1
554574022	を	を	935	156	257	1	1
553001159	を	を	932	156	257	1	1
552739016	を	を	932	156	257	1	1
550379721	を	を	928	156	257	1	1
549724362	を	を	927	156	257	1	1
548151499	を	を	924	156	257	1	1
547365068	を	を	923	156	257	1	1
546709709	を	を	922	156	257	1	1
546578638	を	を	921	156	257	1	1
545923279	を	を	920	156	257	1	1
544743632	を	を	918	156	257	1	1
543695057	を	を	917	156	257	1	1
543432914	を	を	916	156	257	1	1
543301843	を	を	916	156	257	1	1
542122196	を	を	914	156	257	1	1
541597909	を	を	913	156	257	1	1
540287190	を	を	911	156	257	1	1
540025047	を	を	910	156	257	1	1
539369688	を	を	909	156	257	1	1
538976473	を	を	909	156	257	1	1
538452186	を	を	908	156	257	1	1
537534683	を	を	906	156	257	1	1
536092892	を	を	904	156	257	1	1
535568605	を	を	903	156	257	1	1
535306462	を	を	902	156	257	1	1
535044319	を	を	902	156	257	1	1
534388960	を	を	901	156	257	1	1
531767521	を	を	896	156	257	1	1
531243234	を	を	896	156	257	1	1
529277155	を	を	892	156	257	1	1
528752868	を	を	891	156	257	1	1
528359653	を	を	891	156	257	1	1
527835366	を	を	890	156	257	1	1
526655719	を	を	888	156	257	1	1
524820712	を	を	885	156	257	1	1
522068201	を	を	880	156	257	1	1
521412842	を	を	879	156	257	1	1
520233195	を	を	877	156	257	1	1
519971052	を	を	877	156	257	1	1
519708909	を	を	876	156	257	1	1
518725870	を	を	874	156	257	1	1
517808367	を	を	873	156	257	1	1
516759792	を	を	871	156	257	1	1
516497649	を	を	871	156	257	1	1
516235506	を	を	870	156	257	1	1
514007283	を	を	867	156	257	1	1
513089780	を	を	865	156	257	1	1
512827637	を	を	865	156	257	1	1
512434422	を	を	864	156	257	1	1
511647991	を	を	863	156	257	1	1
511385848	を	を	862	156	257	1	1
510599417	を	を	861	156	257	1	1
510468346	を	を	861	156	257	1	1
509944059	を	を	860	156	257	1	1
509026556	を	を	858	156	257	1	1
508764413	を	を	858	156	257	1	1
508502270	を	を	857	156	257	1	1
507191551	を	を	855	156	257	1	1
506798336	を	を	854	156	257	1	1
506274049	を	を	853	156	257	1	1
503128322	を	を	848	156	257	1	1
502079747	を	を	846	156	257	1	1
501948676	を	を	846	156	257	1	1
501555461	を	を	846	156	257	1	1
500637958	を	を	844	156	257	1	1
498409735	を	を	840	156	257	1	1
498147592	を	を	840	156	257	1	1
497623305	を	を	839	156	257	1	1
494084362	を	を	833	156	257	1	1
493953291	を	を	833	156	257	1	1
492904716	を	を	831	156	257	1	1
492511501	を	を	830	156	257	1	1
491200782	を	を	828	156	257	1	1
490938639	を	を	828	156	257	1	1
490676496	を	を	827	156	257	1	1
489890065	を	を	826	156	257	1	1
489365778	を	を	825	156	257	1	1
488972563	を	を	824	156	257	1	1
487661844	を	を	822	156	257	1	1
487006485	を	を	821	156	257	1	1
486351126	を	を	820	156	257	1	1
484516119	を	を	817	156	257	1	1
483991832	を	を	816	156	257	1	1
483729689	を	を	815	156	257	1	1
483598618	を	を	815	156	257	1	1
482550043	を	を	813	156	257	1	1
481894684	を	を	812	156	257	1	1
481239325	を	を	811	156	257	1	1
480452894	を	を	810	156	257	1	1
479273247	を	を	808	156	257	1	1
477962528	を	を	806	156	257	1	1
476651809	を	を	804	156	257	1	1
476258594	を	を	803	156	257	1	1
475734307	を	を	802	156	257	1	1
474816804	を	を	800	156	257	1	1
474292517	を	を	800	156	257	1	1
473768230	を	を	799	156	257	1	1
473637159	を	を	798	156	257	1	1
473375016	を	を	798	156	257	1	1
472981801	を	を	797	156	257	1	1
472850730	を	を	797	156	257	1	1
472719659	を	を	797	156	257	1	1
471802156	を	を	795	156	257	1	1
471540013	を	を	795	156	257	1	1
470884654	を	を	794	156	257	1	1
470491439	を	を	793	156	257	1	1
469311792	を	を	791	156	257	1	1
468918577	を	を	790	156	257	1	1
468525362	を	を	790	156	257	1	1
468001075	を	を	789	156	257	1	1
467607860	を	を	788	156	257	1	1
467083573	を	を	787	156	257	1	1
466428214	を	を	786	156	257	1	1
466297143	を	を	786	156	257	1	1
465641784	を	を	785	156	257	1	1
465379641	を	を	784	156	257	1	1
465248570	を	を	784	156	257	1	1
464986427	を	を	784	156	257	1	1
463151420	を	を	781	156	257	1	1
462364989	を	を	779	156	257	1	1
462102846	を	を	779	156	257	1	1
461447487	を	を	778	156	257	1	1
460792128	を	を	777	156	257	1	1
460136769	を	を	776	156	257	1	1
459219266	を	を	774	156	257	1	1
458563907	を	を	773	156	257	1	1
457515332	を	を	771	156	257	1	1
456859973	を	を	770	156	257	1	1
455549254	を	を	768	156	257	1	1
454631751	を	を	766	156	257	1	1
454369608	を	を	766	156	257	1	1
453321033	を	を	764	156	257	1	1
452665674	を	を	763	156	257	1	1
452141387	を	を	762	156	257	1	1
451617100	を	を	761	156	257	1	1
450175309	を	を	759	156	257	1	1
446767438	を	を	753	156	257	1	1
446243151	を	を	752	156	257	1	1
445587792	を	を	751	156	257	1	1
445194577	を	を	750	156	257	1	1
444539218	を	を	749	156	257	1	1
443883859	を	を	748	156	257	1	1
443359572	を	を	747	156	257	1	1
443097429	を	を	747	156	257	1	1
442048854	を	を	745	156	257	1	1
441393495	を	を	744	156	257	1	1
440475992	を	を	742	156	257	1	1
439296345	を	を	740	156	257	1	1
439165274	を	を	740	156	257	1	1
439034203	を	を	740	156	257	1	1
438772060	を	を	740	156	257	1	1
438247773	を	を	739	156	257	1	1
438116702	を	を	739	156	257	1	1
435626335	を	を	734	156	257	1	1
434970976	を	を	733	156	257	1	1
433660257	を	を	731	156	257	1	1
433135970	を	を	730	156	257	1	1
432742755	を	を	729	156	257	1	1
432087396	を	を	728	156	257	1	1
431563109	を	を	727	156	257	1	1
431300966	を	を	727	156	257	1	1
430907751	を	を	726	156	257	1	1
430645608	を	を	726	156	257	1	1
430121321	を	を	725	156	257	1	1
429465962	を	を	724	156	257	1	1
428548459	を	を	722	156	257	1	1
427893100	を	を	721	156	257	1	1
427106669	を	を	720	156	257	1	1
426451310	を	を	719	156	257	1	1
426058095	を	を	718	156	257	1	1
425140592	を	を	717	156	257	1	1
424223089	を	を	715	156	257	1	1
423829874	を	を	714	156	257	1	1
423567731	を	を	714	156	257	1	1
422519156	を	を	712	156	257	1	1
421339509	を	を	710	156	257	1	1
420946294	を	を	710	156	257	1	1
420553079	を	を	709	156	257	1	1
420028792	を	を	708	156	257	1	1
419766649	を	を	708	156	257	1	1
419111290	を	を	706	156	257	1	1
418718075	を	を	706	156	257	1	1
418062716	を	を	705	156	257	1	1
417014141	を	を	703	156	257	1	1
416751998	を	を	702	156	257	1	1
416227711	を	を	702	156	257	1	1
413344128	を	を	697	156	257	1	1
412950913	を	を	696	156	257	1	1
411640194	を	を	694	156	257	1	1
410591619	を	を	692	156	257	1	1
410329476	を	を	692	156	257	1	1
410067333	を	を	691	156	257	1	1
409936262	を	を	691	156	257	1	1
409543047	を	を	690	156	257	1	1
407708040	を	を	687	156	257	1	1
407445897	を	を	687	156	257	1	1
406921610	を	を	686	156	257	1	1
406528395	を	を	685	156	257	1	1
405873036	を	を	684	156	257	1	1
405086605	を	を	683	156	257	1	1
404431246	を	を	682	156	257	1	1
403775887	を	を	681	156	257	1	1
399712656	を	を	674	156	257	1	1
397353361	を	を	670	156	257	1	1
397091218	を	を	669	156	257	1	1
396829075	を	を	669	156	257	1	1
396304788	を	を	668	156	257	1	1
395387285	を	を	666	156	257	1	1
395125142	を	を	666	156	257	1	1
394731927	を	を	665	156	257	1	1
393027992	を	を	662	156	257	1	1
392110489	を	を	661	156	257	1	1
391324058	を	を	660	156	257	1	1
390537627	を	を	658	156	257	1	1
389226908	を	を	656	156	257	1	1
388964765	を	を	656	156	257	1	1
388702622	を	を	655	156	257	1	1
387785119	を	を	654	156	257	1	1
387260832	を	を	653	156	257	1	1
386867617	を	を	652	156	257	1	1
386474402	を	を	651	156	257	1	1
386212259	を	を	651	156	257	1	1
385687972	を	を	650	156	257	1	1
383721893	を	を	647	156	257	1	1
383459750	を	を	646	156	257	1	1
382673319	を	を	645	156	257	1	1
382280104	を	を	644	156	257	1	1
381886889	を	を	644	156	257	1	1
381755818	を	を	643	156	257	1	1
380051883	を	を	641	156	257	1	1
379920812	を	を	640	156	257	1	1
378216877	を	を	637	156	257	1	1
378085806	を	を	637	156	257	1	1
377561519	を	を	636	156	257	1	1
377299376	を	を	636	156	257	1	1
376906161	を	を	635	156	257	1	1
376512946	を	を	635	156	257	1	1
375988659	を	を	634	156	257	1	1
374809012	を	を	632	156	257	1	1
373760437	を	を	630	156	257	1	1
372974006	を	を	629	156	257	1	1
371663287	を	を	626	156	257	1	1
371007928	を	を	625	156	257	1	1
370483641	を	を	624	156	257	1	1
370090426	を	を	624	156	257	1	1
367600059	を	を	620	156	257	1	1
366813628	を	を	618	156	257	1	1
364323261	を	を	614	156	257	1	1
363798974	を	を	613	156	257	1	1
361701823	を	を	610	156	257	1	1
361046464	を	を	608	156	257	1	1
360260033	を	を	607	156	257	1	1
359997890	を	を	607	156	257	1	1
359342531	を	を	606	156	257	1	1
358818244	を	を	605	156	257	1	1
358687173	を	を	605	156	257	1	1
358162886	を	を	604	156	257	1	1
357376455	を	を	602	156	257	1	1
357245384	を	を	602	156	257	1	1
356721097	を	を	601	156	257	1	1
356590026	を	を	601	156	257	1	1
356327883	を	を	601	156	257	1	1
356196812	を	を	600	156	257	1	1
355672525	を	を	599	156	257	1	1
354886094	を	を	598	156	257	1	1
354492879	を	を	597	156	257	1	1
353968592	を	を	597	156	257	1	1
352920017	を	を	595	156	257	1	1
352657874	を	を	594	156	257	1	1
352264659	を	を	594	156	257	1	1
351609300	を	を	593	156	257	1	1
351478229	を	を	592	156	257	1	1
350167510	を	を	590	156	257	1	1
349905367	を	を	590	156	257	1	1
349250008	を	を	589	156	257	1	1
347415001	を	を	586	156	257	1	1
346759642	を	を	584	156	257	1	1
345579995	を	を	582	156	257	1	1
345186780	を	を	582	156	257	1	1
344400349	を	を	580	156	257	1	1
343089630	を	を	578	156	257	1	1
342827487	を	を	578	156	257	1	1
341385696	を	を	575	156	257	1	1
339157473	を	を	572	156	257	1	1
339026402	を	を	571	156	257	1	1
338764259	を	を	571	156	257	1	1
337977828	を	を	570	156	257	1	1
337453541	を	を	569	156	257	1	1
336929254	を	を	568	156	257	1	1
335618535	を	を	566	156	257	1	1
334963176	を	を	565	156	257	1	1
333652457	を	を	562	156	257	1	1
333521386	を	を	562	156	257	1	1
333259243	を	を	562	156	257	1	1
332603884	を	を	561	156	257	1	1
332079597	を	を	560	156	257	1	1
331031022	を	を	558	156	257	1	1
329851375	を	を	556	156	257	1	1
329720304	を	を	556	156	257	1	1
329064945	を	を	555	156	257	1	1
328409586	を	を	553	156	257	1	1
328016371	を	を	553	156	257	1	1
327229940	を	を	551	156	257	1	1
325132789	を	を	548	156	257	1	1
324608502	を	を	547	156	257	1	1
323953143	を	を	546	156	257	1	1
323559928	を	を	545	156	257	1	1
322904569	を	を	544	156	257	1	1
322773498	を	を	544	156	257	1	1
321724923	を	を	542	156	257	1	1
321331708	を	を	542	156	257	1	1
320545277	を	を	540	156	257	1	1
319627774	を	を	539	156	257	1	1
318579199	を	を	537	156	257	1	1
318185984	を	を	536	156	257	1	1
314909185	を	を	531	156	257	1	1
314515970	を	を	530	156	257	1	1
313336323	を	を	528	156	257	1	1
311894532	を	を	526	156	257	1	1
310583813	を	を	523	156	257	1	1
310190598	を	を	523	156	257	1	1
309142023	を	を	521	156	257	1	1
308748808	を	を	520	156	257	1	1
308617737	を	を	520	156	257	1	1
308093450	を	を	519	156	257	1	1
307438091	を	を	518	156	257	1	1
307175948	を	を	518	156	257	1	1
305996301	を	を	516	156	257	1	1
305340942	を	を	515	156	257	1	1
304554511	を	を	513	156	257	1	1
303637008	を	を	512	156	257	1	1
303243793	を	を	511	156	257	1	1
302719506	を	を	510	156	257	1	1
302064147	を	を	509	156	257	1	1
301802004	を	を	509	156	257	1	1
300360213	を	を	506	156	257	1	1
299966998	を	を	505	156	257	1	1
299573783	を	を	505	156	257	1	1
298918424	を	を	504	156	257	1	1
298525209	を	を	503	156	257	1	1
296690202	を	を	500	156	257	1	1
295772699	を	を	498	156	257	1	1
294986268	を	を	497	156	257	1	1
294724125	を	を	497	156	257	1	1
294593054	を	を	496	156	257	1	1
294461983	を	を	496	156	257	1	1
294068768	を	を	496	156	257	1	1
292364833	を	を	493	156	257	1	1
291447330	を	を	491	156	257	1	1
289219107	を	を	487	156	257	1	1
288432676	を	を	486	156	257	1	1
288170533	を	を	486	156	257	1	1
287515174	を	を	484	156	257	1	1
287121959	を	を	484	156	257	1	1
286073384	を	を	482	156	257	1	1
285549097	を	を	481	156	257	1	1
285286954	を	を	481	156	257	1	1
285024811	を	を	480	156	257	1	1
283845164	を	を	478	156	257	1	1
283189805	を	を	477	156	257	1	1
282403374	を	を	476	156	257	1	1
281354799	を	を	474	156	257	1	1
280961584	を	を	473	156	257	1	1
279257649	を	を	471	156	257	1	1
278864434	を	を	470	156	257	1	1
278733363	を	を	470	156	257	1	1
278471220	を	を	469	156	257	1	1
277160501	を	を	467	156	257	1	1
274801206	を	を	463	156	257	1	1
274145847	を	を	462	156	257	1	1
273621560	を	を	461	156	257	1	1
273097273	を	を	460	156	257	1	1
271786554	を	を	458	156	257	1	1
271524411	を	を	457	156	257	1	1
270869052	を	を	456	156	257	1	1
270475837	を	を	456	156	257	1	1
269951550	を	を	455	156	257	1	1
269296191	を	を	454	156	257	1	1
268902976	を	を	453	156	257	1	1
268509761	を	を	452	156	257	1	1
268378690	を	を	452	156	257	1	1
267592259	を	を	451	156	257	1	1
267067972	を	を	450	156	257	1	1
266674757	を	を	449	156	257	1	1
264315462	を	を	445	156	257	1	1
264053319	を	を	445	156	257	1	1
263660104	を	を	444	156	257	1	1
263529033	を	を	444	156	257	1	1
263266890	を	を	444	156	257	1	1
263004747	を	を	443	156	257	1	1
262742604	を	を	443	156	257	1	1
261825101	を	を	441	156	257	1	1
261169742	を	を	440	156	257	1	1
260514383	を	を	439	156	257	1	1
259727952	を	を	438	156	257	1	1
258679377	を	を	436	156	257	1	1
258286162	を	を	435	156	257	1	1
255795795	を	を	431	156	257	1	1
255533652	を	を	431	156	257	1	1
255009365	を	を	430	156	257	1	1
254616150	を	を	429	156	257	1	1
253829719	を	を	428	156	257	1	1
252912216	を	を	426	156	257	1	1
251863641	を	を	424	156	257	1	1
251208282	を	を	423	156	257	1	1
250159707	を	を	421	156	257	1	1
249897564	を	を	421	156	257	1	1
249635421	を	を	421	156	257	1	1
249504350	を	を	420	156	257	1	1
248324703	を	を	418	156	257	1	1
247145056	を	を	416	156	257	1	1
246882913	を	を	416	156	257	1	1
246620770	を	を	415	156	257	1	1
245834339	を	を	414	156	257	1	1
244654692	を	を	412	156	257	1	1
244130405	を	を	411	156	257	1	1
243737190	を	を	411	156	257	1	1
241771111	を	を	407	156	257	1	1
241246824	を	を	406	156	257	1	1
238756457	を	を	402	156	257	1	1
237445738	を	を	400	156	257	1	1
236266091	を	を	398	156	257	1	1
235348588	を	を	396	156	257	1	1
234431085	を	を	395	156	257	1	1
233644654	を	を	394	156	257	1	1
231547503	を	を	390	156	257	1	1
230761072	を	を	389	156	257	1	1
230367857	を	を	388	156	257	1	1
229974642	を	を	387	156	257	1	1
229450355	を	を	387	156	257	1	1
228926068	を	を	386	156	257	1	1
228532853	を	を	385	156	257	1	1
227091062	を	を	383	156	257	1	1
226042487	を	を	381	156	257	1	1
225780344	を	を	380	156	257	1	1
225649273	を	を	380	156	257	1	1
225256058	を	を	379	156	257	1	1
224731771	を	を	379	156	257	1	1
224076412	を	を	377	156	257	1	1
222896765	を	を	375	156	257	1	1
221717118	を	を	373	156	257	1	1
221323903	を	を	373	156	257	1	1
220930688	を	を	372	156	257	1	1
220799617	を	を	372	156	257	1	1
219619970	を	を	370	156	257	1	1
219357827	を	を	369	156	257	1	1
219226756	を	を	369	156	257	1	1
218833541	を	を	369	156	257	1	1
217784966	を	を	367	156	257	1	1
216867463	を	を	365	156	257	1	1
216474248	を	を	365	156	257	1	1
216081033	を	を	364	156	257	1	1
215556746	を	を	363	156	257	1	1
214901387	を	を	362	156	257	1	1
214770316	を	を	362	156	257	1	1
214508173	を	を	361	156	257	1	1
214114958	を	を	361	156	257	1	1
213590671	を	を	360	156	257	1	1
213328528	を	を	359	156	257	1	1
212673169	を	を	358	156	257	1	1
212411026	を	を	358	156	257	1	1
211231379	を	を	356	156	257	1	1
210707092	を	を	355	156	257	1	1
208609941	を	を	351	156	257	1	1
208216726	を	を	351	156	257	1	1
207692439	を	を	350	156	257	1	1
206643864	を	を	348	156	257	1	1
206512793	を	を	348	156	257	1	1
206250650	を	を	347	156	257	1	1
205857435	を	を	347	156	257	1	1
202187420	を	を	341	156	257	1	1
201532061	を	を	339	156	257	1	1
201400990	を	を	339	156	257	1	1
199828127	を	を	337	156	257	1	1
198517408	を	を	334	156	257	1	1
197730977	を	を	333	156	257	1	1
197468834	を	を	333	156	257	1	1
197206691	を	を	332	156	257	1	1
196944548	を	を	332	156	257	1	1
194192037	を	を	327	156	257	1	1
194060966	を	を	327	156	257	1	1
193405607	を	を	326	156	257	1	1
193143464	を	を	325	156	257	1	1
192488105	を	を	324	156	257	1	1
191963818	を	を	323	156	257	1	1
190915243	を	を	322	156	257	1	1
190522028	を	を	321	156	257	1	1
189604525	を	を	319	156	257	1	1
188818094	を	を	318	156	257	1	1
188555951	を	を	318	156	257	1	1
188031664	を	を	317	156	257	1	1
185410225	を	を	312	156	257	1	1
183706290	を	を	309	156	257	1	1
183575219	を	を	309	156	257	1	1
182788788	を	を	308	156	257	1	1
180167349	を	を	303	156	257	1	1
179249846	を	を	302	156	257	1	1
175841975	を	を	296	156	257	1	1
171909816	を	を	289	156	257	1	1
168239801	を	を	283	156	257	1	1
166535866	を	を	280	156	257	1	1
165880507	を	を	279	156	257	1	1
162341564	を	を	273	156	257	1	1
157622973	を	を	265	156	257	1	1
156443326	を	を	263	156	257	1	1
156050111	を	を	263	156	257	1	1
155787968	を	を	262	156	257	1	1
153559745	を	を	259	156	257	1	1
152117954	を	を	256	156	257	1	1
151331523	を	を	255	156	257	1	1
150938308	を	を	254	156	257	1	1
149103301	を	を	251	156	257	1	1
147399366	を	を	248	156	257	1	1
146481863	を	を	247	156	257	1	1
145564360	を	を	245	156	257	1	1
145171145	を	を	244	156	257	1	1
144777930	を	を	244	156	257	1	1
143991499	を	を	242	156	257	1	1
143073996	を	を	241	156	257	1	1
142287565	を	を	239	156	257	1	1
142025422	を	を	239	156	257	1	1
140190415	を	を	236	156	257	1	1
139666128	を	を	235	156	257	1	1
139141841	を	を	234	156	257	1	1
138486482	を	を	233	156	257	1	1
138093267	を	を	232	156	257	1	1
136651476	を	を	230	156	257	1	1
136389333	を	を	230	156	257	1	1
136258262	を	を	229	156	257	1	1
134685399	を	を	227	156	257	1	1
134161112	を	を	226	156	257	1	1
132326105	を	を	223	156	257	1	1
131146458	を	を	221	156	257	1	1
130097883	を	を	219	156	257	1	1
129442524	を	を	218	156	257	1	1
128262877	を	を	216	156	257	1	1
128131806	を	を	216	156	257	1	1
126952159	を	を	214	156	257	1	1
126296800	を	を	213	156	257	1	1
126034657	を	を	212	156	257	1	1
125248226	を	を	211	156	257	1	1
124855011	を	を	210	156	257	1	1
124723940	を	を	210	156	257	1	1
124068581	を	を	209	156	257	1	1
123544294	を	を	208	156	257	1	1
122495719	を	を	206	156	257	1	1
121578216	を	を	205	156	257	1	1
120398569	を	を	203	156	257	1	1
120005354	を	を	202	156	257	1	1
118825707	を	を	200	156	257	1	1
118170348	を	を	199	156	257	1	1
117777133	を	を	198	156	257	1	1
114893550	を	を	193	156	257	1	1
114500335	を	を	193	156	257	1	1
114107120	を	を	192	156	257	1	1
113713905	を	を	191	156	257	1	1
110961394	を	を	187	156	257	1	1
110568179	を	を	186	156	257	1	1
109519604	を	を	184	156	257	1	1
108077813	を	を	182	156	257	1	1
107815670	を	を	181	156	257	1	1
107422455	を	を	181	156	257	1	1
106898168	を	を	180	156	257	1	1
106373881	を	を	179	156	257	1	1
105325306	を	を	177	156	257	1	1
101131003	を	を	170	156	257	1	1
100868860	を	を	170	156	257	1	1
98902781	を	を	166	156	257	1	1
98509566	を	を	166	156	257	1	1
97985279	を	を	165	156	257	1	1
90645248	を	を	152	156	257	1	1
90120961	を	を	152	156	257	1	1
89858818	を	を	151	156	257	1	1
89596675	を	を	151	156	257	1	1
86188804	を	を	145	156	257	1	1
85795589	を	を	144	156	257	1	1
83567366	を	を	140	156	257	1	1
83305223	を	を	140	156	257	1	1
78193416	を	を	131	156	257	1	1
76620553	を	を	129	156	257	1	1
75047690	を	を	126	156	257	1	1
73868043	を	を	124	156	257	1	1
72950540	を	を	123	156	257	1	1
72557325	を	を	122	156	257	1	1
71770894	を	を	121	156	257	1	1
69411599	を	を	117	156	257	1	1
66528016	を	を	112	156	257	1	1
65610513	を	を	110	156	257	1	1
65086226	を	を	109	156	257	1	1
64430867	を	を	108	156	257	1	1
63775508	を	を	107	156	257	1	1
63644437	を	を	107	156	257	1	1
63251222	を	を	106	156	257	1	1
63120151	を	を	106	156	257	1	1
62989080	を	を	106	156	257	1	1
62595865	を	を	105	156	257	1	1
62202650	を	を	104	156	257	1	1
62071579	を	を	104	156	257	1	1
61416220	を	を	103	156	257	1	1
61023005	を	を	102	156	257	1	1
58925854	を	を	99	156	257	1	1
57352991	を	を	96	156	257	1	1
56959776	を	を	96	156	257	1	1
56697633	を	を	95	156	257	1	1
55386914	を	を	93	156	257	1	1
54469411	を	を	91	156	257	1	1
53551908	を	を	90	156	257	1	1
52896549	を	を	89	156	257	1	1
48309030	を	を	81	156	257	1	1
47784743	を	を	80	156	257	1	1
46080808	を	を	77	156	257	1	1
45949737	を	を	77	156	257	1	1
45032234	を	を	75	156	257	1	1
43852587	を	を	73	156	257	1	1
43197228	を	を	72	156	257	1	1
42672941	を	を	71	156	257	1	1
42410798	を	を	71	156	257	1	1
41886511	を	を	70	156	257	1	1
41624368	を	を	70	156	257	1	1
41362225	を	を	69	156	257	1	1
40706866	を	を	68	156	257	1	1
40051507	を	を	67	156	257	1	1
39396148	を	を	66	156	257	1	1
37430069	を	を	63	156	257	1	1
37036854	を	を	62	156	257	1	1
34153271	を	を	57	156	257	1	1
33628984	を	を	56	156	257	1	1
31925049	を	を	53	156	257	1	1
30876474	を	を	52	156	257	1	1
29958971	を	を	50	156	257	1	1
29434684	を	を	49	156	257	1	1
27730749	を	を	46	156	257	1	1
24978238	を	を	42	156	257	1	1
24322879	を	を	41	156	257	1	1
23012160	を	を	38	156	257	1	1
21701441	を	を	36	156	257	1	1
21308226	を	を	35	156	257	1	1
21046083	を	を	35	156	257	1	1
19473220	を	を	32	156	257	1	1
18817861	を	を	31	156	257	1	1
17244998	を	を	29	156	257	1	1
15803207	を	を	26	156	257	1	1
13837128	を	を	23	156	257	1	1
10822473	を	を	18	156	257	1	1
10560330	を	を	17	156	257	1	1
10167115	を	を	17	156	257	1	1
9904972	を	を	16	156	257	1	1
9380685	を	を	15	156	257	1	1
7938894	を	を	13	156	257	1	1
6366031	を	を	10	156	257	1	1
5186384	を	を	8	156	257	1	1
4924241	を	を	8	156	257	1	1
4662098	を	を	7	156	257	1	1
3220307	を	を	5	156	257	1	1
1385300	を	を	2	156	257	1	1
992085	を	を	1	156	257	1	1
74582	を	を	0	156	257	1	1
